{"type":"FeatureCollection","attribution":"© OpenStreetMap contributors (ODbL) / Wikidata (CC0)","features":[{"type":"Feature","geometry":{"type":"Point","coordinates":[139.7568175,35.6667952]},"properties":{"id":"jinja_n260408025","name":"烏森神社","prefecture":null,"family":"inari","ai":true}},{"type":"Feature","geometry":{"type":"Point","coordinates":[139.4270387,35.6162754]},"properties":{"id":"jinja_n314340099","name":"青木葉天満宮","prefecture":null,"family":"tenjin","ai":false}},{"type":"Feature","geometry":{"type":"Point","coordinates":[139.7077849,35.6472232]},"properties":{"id":"jinja_n340381542","name":"恵比寿神社","prefecture":null,"family":"unknown","ai":true}},{"type":"Feature","geometry":{"type":"Point","coordinates":[139.7401145,35.6997288]},"properties":{"id":"jinja_n417434075","name":"神楽坂若宮八幡宮","prefecture":null,"family":"hachiman","ai":true}},{"type":"Feature","geometry":{"type":"Point","coordinates":[139.7486263,35.6550961]},"properties":{"id":"jinja_n427893000","name":"芝東照宮","prefecture":null,"family":"unknown","ai":true}},{"type":"Feature","geometry":{"type":"Point","coordinates":[139.4602487,35.5551572]},"properties":{"id":"jinja_n433664946","name":"南大谷 天神社","prefecture":null,"family":"tenjin","ai":false}},{"type":"Feature","geometry":{"type":"Point","coordinates":[139.6371745,35.6869591]},"properties":{"id":"jinja_n440069983","name":"白山神社","prefecture":null,"family":"hakusan","ai":true}},{"type":"Feature","geometry":{"type":"Point","coordinates":[139.6304234,35.6752302]},"properties":{"id":"jinja_n443397545","name":"八幡神社","prefecture":null,"family":"hachiman","ai":false}},{"type":"Feature","geometry":{"type":"Point","coordinates":[139.5958193,35.6994917]},"properties":{"id":"jinja_n452559429","name":"松庵稲荷神社","prefecture":null,"family":"inari","ai":true}},{"type":"Feature","geometry":{"type":"Point","coordinates":[139.6576868,35.6682406]},"properties":{"id":"jinja_n473535391","name":"羽根木神社","prefecture":null,"family":"unknown","ai":false}},{"type":"Feature","geometry":{"type":"Point","coordinates":[139.6239814,35.6134998]},"properties":{"id":"jinja_n477498733","name":null,"prefecture":null,"family":"unknown","ai":false}},{"type":"Feature","geometry":{"type":"Point","coordinates":[139.6428235,35.6725708]},"properties":{"id":"jinja_n480835382","name":"永福稲荷神社","prefecture":null,"family":"inari","ai":true}},{"type":"Feature","geometry":{"type":"Point","coordinates":[139.7659237,35.7210493]},"properties":{"id":"jinja_n506214950","name":"真島稲荷神社","prefecture":null,"family":"inari","ai":false}},{"type":"Feature","geometry":{"type":"Point","coordinates":[139.6185907,35.6226842]},"properties":{"id":"jinja_n534088248","name":null,"prefecture":null,"family":"unknown","ai":false}},{"type":"Feature","geometry":{"type":"Point","coordinates":[139.8263812,35.7204468]},"properties":{"id":"jinja_n552697551","name":"三輪里稲荷神社 (こんにゃく稲荷)","prefecture":null,"family":"inari","ai":false}},{"type":"Feature","geometry":{"type":"Point","coordinates":[139.6637755,35.6832633]},"properties":{"id":"jinja_n563674244","name":"多田神社","prefecture":null,"family":"unknown","ai":true}},{"type":"Feature","geometry":{"type":"Point","coordinates":[139.631288,35.6936042]},"properties":{"id":"jinja_n598176845","name":"尾崎熊野神社","prefecture":null,"family":"kumano","ai":true}},{"type":"Feature","geometry":{"type":"Point","coordinates":[139.460041,35.6024837]},"properties":{"id":"jinja_n600683956","name":"飯守神社","prefecture":null,"family":"unknown","ai":false}},{"type":"Feature","geometry":{"type":"Point","coordinates":[139.6244096,35.6114335]},"properties":{"id":"jinja_n603152867","name":"多摩川水神","prefecture":null,"family":"unknown","ai":false}},{"type":"Feature","geometry":{"type":"Point","coordinates":[139.6719239,35.7072241]},"properties":{"id":"jinja_n633212807","name":"打越天神北野神社","prefecture":null,"family":"tenjin","ai":true}},{"type":"Feature","geometry":{"type":"Point","coordinates":[139.5651395,35.6606785]},"properties":{"id":"jinja_n638210315","name":"柴崎稲荷神社","prefecture":null,"family":"inari","ai":true}},{"type":"Feature","geometry":{"type":"Point","coordinates":[139.6710749,35.6187792]},"properties":{"id":"jinja_n665718732","name":"氷川神社","prefecture":null,"family":"gion_yasaka","ai":true}},{"type":"Feature","geometry":{"type":"Point","coordinates":[139.7352902,35.7534662]},"properties":{"id":"jinja_n676419678","name":"毛塚","prefecture":null,"family":"unknown","ai":false}},{"type":"Feature","geometry":{"type":"Point","coordinates":[139.688902,35.6332877]},"properties":{"id":"jinja_n679058537","name":"十日森稲荷神社","prefecture":null,"family":"inari","ai":false}},{"type":"Feature","geometry":{"type":"Point","coordinates":[139.651514,35.6533522]},"properties":{"id":"jinja_n683071188","name":"杓子稲荷神社","prefecture":null,"family":"inari","ai":false}},{"type":"Feature","geometry":{"type":"Point","coordinates":[139.733724,35.6927381]},"properties":{"id":"jinja_n691471427","name":"市谷亀岡八幡宮","prefecture":null,"family":"hachiman","ai":true}},{"type":"Feature","geometry":{"type":"Point","coordinates":[139.4952061,35.7222289]},"properties":{"id":"jinja_n695228511","name":"鈴木稲荷神社","prefecture":null,"family":"inari","ai":true}},{"type":"Feature","geometry":{"type":"Point","coordinates":[139.5204913,35.7132309]},"properties":{"id":"jinja_n701730397","name":"神社","prefecture":null,"family":"unknown","ai":false}},{"type":"Feature","geometry":{"type":"Point","coordinates":[139.6063292,35.7106212]},"properties":{"id":"jinja_n701854488","name":"荻窪八幡神社","prefecture":"東京都","family":"hachiman","ai":true}},{"type":"Feature","geometry":{"type":"Point","coordinates":[139.7453916,35.6542344]},"properties":{"id":"jinja_n703040018","name":"伏見三宝稲荷神社","prefecture":null,"family":"inari","ai":true}},{"type":"Feature","geometry":{"type":"Point","coordinates":[139.8403003,35.7328433]},"properties":{"id":"jinja_n724639010","name":"白髭神社","prefecture":null,"family":"unknown","ai":true}},{"type":"Feature","geometry":{"type":"Point","coordinates":[139.4010216,35.758333]},"properties":{"id":"jinja_n726495744","name":"熊野神社","prefecture":null,"family":"kumano","ai":false}},{"type":"Feature","geometry":{"type":"Point","coordinates":[139.3980912,35.7621872]},"properties":{"id":"jinja_n726495871","name":"谷津仙元神社","prefecture":null,"family":"unknown","ai":false}},{"type":"Feature","geometry":{"type":"Point","coordinates":[139.8336825,35.7402018]},"properties":{"id":"jinja_n730163368","name":"篠原稲荷神社","prefecture":null,"family":"inari","ai":false}},{"type":"Feature","geometry":{"type":"Point","coordinates":[139.5678877,35.6608438]},"properties":{"id":"jinja_n731805423","name":"巌嶋神社","prefecture":null,"family":"unknown","ai":false}},{"type":"Feature","geometry":{"type":"Point","coordinates":[139.8673857,35.7090811]},"properties":{"id":"jinja_n735982292","name":"東小松川香取神社","prefecture":null,"family":"kashima_katori","ai":true}},{"type":"Feature","geometry":{"type":"Point","coordinates":[139.697984,35.6555774]},"properties":{"id":"jinja_n741609972","name":"惟神會本部","prefecture":null,"family":"unknown","ai":false}},{"type":"Feature","geometry":{"type":"Point","coordinates":[139.861906,35.7516054]},"properties":{"id":"jinja_n752170375","name":"青龍神社","prefecture":null,"family":"unknown","ai":false}},{"type":"Feature","geometry":{"type":"Point","coordinates":[139.5019836,35.6954049]},"properties":{"id":"jinja_n776375919","name":"神明宮","prefecture":null,"family":"shinmei_ise","ai":false}},{"type":"Feature","geometry":{"type":"Point","coordinates":[139.538408,35.6914318]},"properties":{"id":"jinja_n823497219","name":null,"prefecture":null,"family":"unknown","ai":false}},{"type":"Feature","geometry":{"type":"Point","coordinates":[139.7252578,35.6198531]},"properties":{"id":"jinja_n843098167","name":"居木神社","prefecture":null,"family":"unknown","ai":true}},{"type":"Feature","geometry":{"type":"Point","coordinates":[139.6432292,35.6585234]},"properties":{"id":"jinja_n849454032","name":"六所神社","prefecture":null,"family":"gion_yasaka","ai":true}},{"type":"Feature","geometry":{"type":"Point","coordinates":[139.4667343,35.5162419]},"properties":{"id":"jinja_n864279755","name":"八坂神社","prefecture":null,"family":"gion_yasaka","ai":false}},{"type":"Feature","geometry":{"type":"Point","coordinates":[139.8022537,35.7525259]},"properties":{"id":"jinja_n892732726","name":"千住本氷川神社","prefecture":null,"family":"gion_yasaka","ai":true}},{"type":"Feature","geometry":{"type":"Point","coordinates":[139.5690795,35.6346636]},"properties":{"id":"jinja_n906797518","name":"伊豆美神社","prefecture":null,"family":"unknown","ai":true}},{"type":"Feature","geometry":{"type":"Point","coordinates":[139.2673308,35.6303124]},"properties":{"id":"jinja_n943265512","name":"旭稲荷神社","prefecture":null,"family":"inari","ai":false}},{"type":"Feature","geometry":{"type":"Point","coordinates":[139.6338078,35.6533486]},"properties":{"id":"jinja_n951387669","name":"天七岩屋比売神社","prefecture":null,"family":"unknown","ai":false}},{"type":"Feature","geometry":{"type":"Point","coordinates":[139.6279959,35.6496456]},"properties":{"id":"jinja_n951395371","name":null,"prefecture":null,"family":"unknown","ai":false}},{"type":"Feature","geometry":{"type":"Point","coordinates":[139.4784951,35.5471806]},"properties":{"id":"jinja_n979354840","name":"奈良谷戸 山神社","prefecture":null,"family":"unknown","ai":false}},{"type":"Feature","geometry":{"type":"Point","coordinates":[139.7582964,35.6633987]},"properties":{"id":"jinja_n1025845868","name":"日比谷神社","prefecture":null,"family":"unknown","ai":true}},{"type":"Feature","geometry":{"type":"Point","coordinates":[139.6746476,35.757434]},"properties":{"id":"jinja_n1076647709","name":"御嶽神社","prefecture":null,"family":"unknown","ai":true}},{"type":"Feature","geometry":{"type":"Point","coordinates":[139.297963,35.7628821]},"properties":{"id":"jinja_n1080054340","name":"阿蘇神社","prefecture":null,"family":"unknown","ai":true}},{"type":"Feature","geometry":{"type":"Point","coordinates":[139.3674924,35.7013711]},"properties":{"id":"jinja_n1090885564","name":"諏訪神社","prefecture":null,"family":"suwa","ai":false}},{"type":"Feature","geometry":{"type":"Point","coordinates":[139.7437657,35.60745]},"properties":{"id":"jinja_n1130419693","name":"幸稲荷神社","prefecture":null,"family":"inari","ai":false}},{"type":"Feature","geometry":{"type":"Point","coordinates":[139.6171584,35.6537401]},"properties":{"id":"jinja_n1149052367","name":null,"prefecture":null,"family":"unknown","ai":false}},{"type":"Feature","geometry":{"type":"Point","coordinates":[139.8254918,35.7044169]},"properties":{"id":"jinja_n1163038923","name":"香取神社","prefecture":null,"family":"kashima_katori","ai":false}},{"type":"Feature","geometry":{"type":"Point","coordinates":[139.6350658,35.6791028]},"properties":{"id":"jinja_n1166461553","name":"世界真光文明教団 杉並永福道場","prefecture":null,"family":"unknown","ai":false}},{"type":"Feature","geometry":{"type":"Point","coordinates":[139.7135747,35.7127424]},"properties":{"id":"jinja_n1177182569","name":"天祖神社","prefecture":null,"family":"unknown","ai":false}},{"type":"Feature","geometry":{"type":"Point","coordinates":[139.3578987,35.7105316]},"properties":{"id":"jinja_n1189201782","name":"日枝神社","prefecture":null,"family":"hie_sanno","ai":false}},{"type":"Feature","geometry":{"type":"Point","coordinates":[139.4861521,35.6119588]},"properties":{"id":"jinja_n1210390234","name":"杉山神社","prefecture":null,"family":"unknown","ai":false}},{"type":"Feature","geometry":{"type":"Point","coordinates":[139.6763118,35.7148843]},"properties":{"id":"jinja_n1216112185","name":"上高田 氷川神社","prefecture":null,"family":"gion_yasaka","ai":true}},{"type":"Feature","geometry":{"type":"Point","coordinates":[139.6668474,35.7195255]},"properties":{"id":"jinja_n1216145567","name":"沼袋氷川神社","prefecture":null,"family":"gion_yasaka","ai":true}},{"type":"Feature","geometry":{"type":"Point","coordinates":[139.4779704,35.5422803]},"properties":{"id":"jinja_n1237302579","name":"成瀬杉山神社","prefecture":null,"family":"unknown","ai":false}},{"type":"Feature","geometry":{"type":"Point","coordinates":[139.6742356,35.6509033]},"properties":{"id":"jinja_n1240105704","name":"三宿神社","prefecture":null,"family":"inari","ai":false}},{"type":"Feature","geometry":{"type":"Point","coordinates":[139.6481829,35.6762719]},"properties":{"id":"jinja_n1247836926","name":"熊野神社","prefecture":null,"family":"kumano","ai":true}},{"type":"Feature","geometry":{"type":"Point","coordinates":[139.4570804,35.6749557]},"properties":{"id":"jinja_n1264947096","name":"熊野神社","prefecture":null,"family":"kumano","ai":false}},{"type":"Feature","geometry":{"type":"Point","coordinates":[139.7388381,35.6582009]},"properties":{"id":"jinja_n1279272173","name":"狸穴稲荷大明神","prefecture":null,"family":"inari","ai":false}},{"type":"Feature","geometry":{"type":"Point","coordinates":[139.6113473,35.641365]},"properties":{"id":"jinja_n1302807330","name":"稲荷神社","prefecture":null,"family":"inari","ai":false}},{"type":"Feature","geometry":{"type":"Point","coordinates":[139.7652756,35.6704191]},"properties":{"id":"jinja_n1327304980","name":"あづま稲荷大明神","prefecture":null,"family":"inari","ai":false}},{"type":"Feature","geometry":{"type":"Point","coordinates":[139.7402057,35.7638319]},"properties":{"id":"jinja_n1330416941","name":"稲成神社","prefecture":null,"family":"unknown","ai":false}},{"type":"Feature","geometry":{"type":"Point","coordinates":[139.6104377,35.6564923]},"properties":{"id":"jinja_n1332553595","name":"千歳台稲荷神社","prefecture":null,"family":"inari","ai":false}},{"type":"Feature","geometry":{"type":"Point","coordinates":[139.5011715,35.6427061]},"properties":{"id":"jinja_n1343513471","name":null,"prefecture":null,"family":"unknown","ai":false}},{"type":"Feature","geometry":{"type":"Point","coordinates":[139.4940252,35.6356362]},"properties":{"id":"jinja_n1346358175","name":"普寛神宮","prefecture":null,"family":"unknown","ai":false}},{"type":"Feature","geometry":{"type":"Point","coordinates":[139.7079852,35.654269]},"properties":{"id":"jinja_n1378123985","name":"商和稲荷神社","prefecture":null,"family":"inari","ai":false}},{"type":"Feature","geometry":{"type":"Point","coordinates":[139.7520489,35.668933]},"properties":{"id":"jinja_n1385629844","name":"小寳稲荷","prefecture":null,"family":"inari","ai":false}},{"type":"Feature","geometry":{"type":"Point","coordinates":[139.3711977,35.7025818]},"properties":{"id":"jinja_n1409872840","name":"熊野神社","prefecture":null,"family":"kumano","ai":false}},{"type":"Feature","geometry":{"type":"Point","coordinates":[139.8013138,35.6969502]},"properties":{"id":"jinja_n1417894918","name":"野見宿禰神社","prefecture":null,"family":"unknown","ai":true}},{"type":"Feature","geometry":{"type":"Point","coordinates":[139.583787,35.685822]},"properties":{"id":"jinja_n1425710070","name":"古峯神社","prefecture":null,"family":"unknown","ai":false}},{"type":"Feature","geometry":{"type":"Point","coordinates":[139.4225756,35.6884136]},"properties":{"id":"jinja_n1487351862","name":"矢川弁財天","prefecture":null,"family":"unknown","ai":false}},{"type":"Feature","geometry":{"type":"Point","coordinates":[139.5748921,35.7606992]},"properties":{"id":"jinja_n1492967530","name":"稲荷神社","prefecture":null,"family":"inari","ai":false}},{"type":"Feature","geometry":{"type":"Point","coordinates":[139.5610764,35.7539286]},"properties":{"id":"jinja_n1492967574","name":"天神社","prefecture":null,"family":"tenjin","ai":true}},{"type":"Feature","geometry":{"type":"Point","coordinates":[139.4441908,35.6797445]},"properties":{"id":"jinja_n1501305695","name":"谷保天満宮","prefecture":null,"family":"tenjin","ai":true}},{"type":"Feature","geometry":{"type":"Point","coordinates":[139.4051163,35.6490666]},"properties":{"id":"jinja_n1510685268","name":null,"prefecture":null,"family":"unknown","ai":false}},{"type":"Feature","geometry":{"type":"Point","coordinates":[139.3865213,35.6975733]},"properties":{"id":"jinja_n1514066580","name":"郷地稲荷神社","prefecture":null,"family":"inari","ai":false}},{"type":"Feature","geometry":{"type":"Point","coordinates":[139.4143524,35.6630707]},"properties":{"id":"jinja_n1529052213","name":"若宮神社","prefecture":null,"family":"unknown","ai":false}},{"type":"Feature","geometry":{"type":"Point","coordinates":[139.7661362,35.7150426]},"properties":{"id":"jinja_n1549902438","name":"七倉稲荷神社","prefecture":null,"family":"inari","ai":false}},{"type":"Feature","geometry":{"type":"Point","coordinates":[139.8496935,35.735803]},"properties":{"id":"jinja_n1586672879","name":"原稲荷神社","prefecture":null,"family":"inari","ai":false}},{"type":"Feature","geometry":{"type":"Point","coordinates":[139.5524612,35.6943794]},"properties":{"id":"jinja_n1589129366","name":"上連雀神明社","prefecture":null,"family":"shinmei_ise","ai":false}},{"type":"Feature","geometry":{"type":"Point","coordinates":[139.5495735,35.6949525]},"properties":{"id":"jinja_n1589129368","name":"大鷲神社","prefecture":null,"family":"unknown","ai":false}},{"type":"Feature","geometry":{"type":"Point","coordinates":[139.5464574,35.6998027]},"properties":{"id":"jinja_n1592970386","name":"杵築神社","prefecture":null,"family":"unknown","ai":true}},{"type":"Feature","geometry":{"type":"Point","coordinates":[139.6214486,35.6609966]},"properties":{"id":"jinja_n1599759577","name":"八幡社","prefecture":null,"family":"hachiman","ai":true}},{"type":"Feature","geometry":{"type":"Point","coordinates":[139.6186772,35.6635985]},"properties":{"id":"jinja_n1599759581","name":null,"prefecture":null,"family":"unknown","ai":false}},{"type":"Feature","geometry":{"type":"Point","coordinates":[139.871689,35.6854396]},"properties":{"id":"jinja_n1604916381","name":"三嶋神社","prefecture":null,"family":"unknown","ai":false}},{"type":"Feature","geometry":{"type":"Point","coordinates":[139.6040449,35.704246]},"properties":{"id":"jinja_n1608149599","name":null,"prefecture":null,"family":"unknown","ai":false}},{"type":"Feature","geometry":{"type":"Point","coordinates":[139.5929413,35.6286058]},"properties":{"id":"jinja_n1613290625","name":"喜多見氷川神社","prefecture":null,"family":"gion_yasaka","ai":true}},{"type":"Feature","geometry":{"type":"Point","coordinates":[139.5230459,35.6411912]},"properties":{"id":"jinja_n1614494940","name":"白山神社","prefecture":null,"family":"hakusan","ai":false}},{"type":"Feature","geometry":{"type":"Point","coordinates":[139.3671195,35.6842472]},"properties":{"id":"jinja_n1618744316","name":null,"prefecture":null,"family":"unknown","ai":false}},{"type":"Feature","geometry":{"type":"Point","coordinates":[139.3700988,35.6840605]},"properties":{"id":"jinja_n1618903522","name":null,"prefecture":null,"family":"unknown","ai":false}},{"type":"Feature","geometry":{"type":"Point","coordinates":[139.3016859,35.7766553]},"properties":{"id":"jinja_n1625433889","name":"金刀比羅神社","prefecture":"東京都","family":"konpira","ai":false}},{"type":"Feature","geometry":{"type":"Point","coordinates":[139.488806,35.578768]},"properties":{"id":"jinja_n1631374097","name":"熊野神社","prefecture":null,"family":"kumano","ai":false}},{"type":"Feature","geometry":{"type":"Point","coordinates":[139.5773994,35.6480495]},"properties":{"id":"jinja_n1652824233","name":null,"prefecture":null,"family":"unknown","ai":false}},{"type":"Feature","geometry":{"type":"Point","coordinates":[139.7288464,35.6622817]},"properties":{"id":"jinja_n1656983002","name":"出雲大社 東京分祠","prefecture":null,"family":"unknown","ai":true}},{"type":"Feature","geometry":{"type":"Point","coordinates":[139.2670611,35.8026526]},"properties":{"id":"jinja_n1657233012","name":"虎柏神社","prefecture":null,"family":"unknown","ai":true}},{"type":"Feature","geometry":{"type":"Point","coordinates":[139.254722,35.792007]},"properties":{"id":"jinja_n1657971608","name":"秋葉神社","prefecture":null,"family":"akiba","ai":false}},{"type":"Feature","geometry":{"type":"Point","coordinates":[139.5657136,35.6338118]},"properties":{"id":"jinja_n1674454679","name":"水神社","prefecture":null,"family":"unknown","ai":false}},{"type":"Feature","geometry":{"type":"Point","coordinates":[139.6991254,35.7802116]},"properties":{"id":"jinja_n1684822633","name":"小豆沢神社","prefecture":null,"family":"unknown","ai":true}},{"type":"Feature","geometry":{"type":"Point","coordinates":[139.6302918,35.6626787]},"properties":{"id":"jinja_n1697842370","name":"勝利八幡神社","prefecture":null,"family":"hachiman","ai":true}},{"type":"Feature","geometry":{"type":"Point","coordinates":[139.6262427,35.7793316]},"properties":{"id":"jinja_n1706470028","name":"八坂神社","prefecture":null,"family":"gion_yasaka","ai":false}},{"type":"Feature","geometry":{"type":"Point","coordinates":[139.6262514,35.7759424]},"properties":{"id":"jinja_n1706470029","name":"旭町出世稲荷神社","prefecture":null,"family":"inari","ai":false}},{"type":"Feature","geometry":{"type":"Point","coordinates":[139.6315069,35.7755852]},"properties":{"id":"jinja_n1706470034","name":"氷川神社","prefecture":null,"family":"unknown","ai":false}},{"type":"Feature","geometry":{"type":"Point","coordinates":[139.6400122,35.7853801]},"properties":{"id":"jinja_n1706470036","name":"氷川神社","prefecture":null,"family":"gion_yasaka","ai":true}},{"type":"Feature","geometry":{"type":"Point","coordinates":[139.6262037,35.6939753]},"properties":{"id":"jinja_n1712317845","name":"田端神社","prefecture":null,"family":"tenjin","ai":true}},{"type":"Feature","geometry":{"type":"Point","coordinates":[139.5833633,35.6498747]},"properties":{"id":"jinja_n1714355284","name":null,"prefecture":null,"family":"unknown","ai":false}},{"type":"Feature","geometry":{"type":"Point","coordinates":[139.5744519,35.6568986]},"properties":{"id":"jinja_n1714614516","name":"金子稲荷神社","prefecture":null,"family":"inari","ai":false}},{"type":"Feature","geometry":{"type":"Point","coordinates":[139.6073408,35.6503471]},"properties":{"id":"jinja_n1730486362","name":"神明社","prefecture":null,"family":"shinmei_ise","ai":true}},{"type":"Feature","geometry":{"type":"Point","coordinates":[139.660535,35.641123]},"properties":{"id":"jinja_n1742494349","name":"駒留八幡神社","prefecture":null,"family":"hachiman","ai":true}},{"type":"Feature","geometry":{"type":"Point","coordinates":[139.6133777,35.6407469]},"properties":{"id":"jinja_n1750503477","name":"三峯神社","prefecture":null,"family":"unknown","ai":true}},{"type":"Feature","geometry":{"type":"Point","coordinates":[139.3919943,35.6843826]},"properties":{"id":"jinja_n1750965329","name":"日野宮神社","prefecture":null,"family":"unknown","ai":true}},{"type":"Feature","geometry":{"type":"Point","coordinates":[139.5701703,35.6700172]},"properties":{"id":"jinja_n1756217309","name":"中嶋神社","prefecture":null,"family":"unknown","ai":false}},{"type":"Feature","geometry":{"type":"Point","coordinates":[139.5691537,35.6829703]},"properties":{"id":"jinja_n1757672482","name":null,"prefecture":null,"family":"unknown","ai":false}},{"type":"Feature","geometry":{"type":"Point","coordinates":[139.5221016,35.6327598]},"properties":{"id":"jinja_n1763344626","name":"穴澤天神社","prefecture":null,"family":"tenjin","ai":true}},{"type":"Feature","geometry":{"type":"Point","coordinates":[139.412845,35.7578658]},"properties":{"id":"jinja_n1766121443","name":"豊鹿嶋神社","prefecture":null,"family":"unknown","ai":true}},{"type":"Feature","geometry":{"type":"Point","coordinates":[139.4777787,35.5979735]},"properties":{"id":"jinja_n1768138502","name":"神明社","prefecture":null,"family":"shinmei_ise","ai":false}},{"type":"Feature","geometry":{"type":"Point","coordinates":[139.395783,35.6790807]},"properties":{"id":"jinja_n1782396331","name":"八坂神社","prefecture":null,"family":"gion_yasaka","ai":false}},{"type":"Feature","geometry":{"type":"Point","coordinates":[139.5532108,35.6672014]},"properties":{"id":"jinja_n1800679016","name":"青渭神社","prefecture":null,"family":"unknown","ai":false}},{"type":"Feature","geometry":{"type":"Point","coordinates":[139.5452004,35.6698054]},"properties":{"id":"jinja_n1800865796","name":"宿神明社","prefecture":null,"family":"shinmei_ise","ai":false}},{"type":"Feature","geometry":{"type":"Point","coordinates":[139.5351716,35.6816909]},"properties":{"id":"jinja_n1801743893","name":"二塚神社","prefecture":null,"family":"unknown","ai":false}},{"type":"Feature","geometry":{"type":"Point","coordinates":[139.5345282,35.6825662]},"properties":{"id":"jinja_n1801743894","name":"大澤八幡神社","prefecture":null,"family":"hachiman","ai":true}},{"type":"Feature","geometry":{"type":"Point","coordinates":[139.5277072,35.6946349]},"properties":{"id":"jinja_n1806166038","name":"産土神 天神社","prefecture":null,"family":"tenjin","ai":false}},{"type":"Feature","geometry":{"type":"Point","coordinates":[139.5272566,35.6942689]},"properties":{"id":"jinja_n1806505965","name":"笠森稲荷神社","prefecture":null,"family":"inari","ai":false}},{"type":"Feature","geometry":{"type":"Point","coordinates":[139.2613873,35.7896274]},"properties":{"id":"jinja_n1826041316","name":"住吉神社","prefecture":null,"family":"sumiyoshi","ai":true}},{"type":"Feature","geometry":{"type":"Point","coordinates":[139.7973145,35.6865453]},"properties":{"id":"jinja_n1832768988","name":"深川神明宮","prefecture":null,"family":"shinmei_ise","ai":true}},{"type":"Feature","geometry":{"type":"Point","coordinates":[139.5043223,35.6758293]},"properties":{"id":"jinja_n1865624316","name":"稲荷大明神","prefecture":null,"family":"inari","ai":false}},{"type":"Feature","geometry":{"type":"Point","coordinates":[139.504561,35.6782435]},"properties":{"id":"jinja_n1865624317","name":"人見稲荷神社","prefecture":null,"family":"inari","ai":false}},{"type":"Feature","geometry":{"type":"Point","coordinates":[139.6242635,35.6469251]},"properties":{"id":"jinja_n1872595035","name":"稲荷森稲荷神社","prefecture":null,"family":"inari","ai":true}},{"type":"Feature","geometry":{"type":"Point","coordinates":[139.6446775,35.6149003]},"properties":{"id":"jinja_n1875593175","name":"天祖神社","prefecture":null,"family":"shinmei_ise","ai":true}},{"type":"Feature","geometry":{"type":"Point","coordinates":[139.6469088,35.6322978]},"properties":{"id":"jinja_n1877858727","name":"桜神社","prefecture":null,"family":"unknown","ai":false}},{"type":"Feature","geometry":{"type":"Point","coordinates":[139.6561244,35.6471805]},"properties":{"id":"jinja_n1891354183","name":"松陰神社","prefecture":null,"family":"unknown","ai":false}},{"type":"Feature","geometry":{"type":"Point","coordinates":[139.7271611,35.659276]},"properties":{"id":"jinja_n1894070052","name":"桜田神社","prefecture":null,"family":"unknown","ai":false}},{"type":"Feature","geometry":{"type":"Point","coordinates":[139.7268674,35.5885135]},"properties":{"id":"jinja_n1896518223","name":"八景天祖神社","prefecture":null,"family":"shinmei_ise","ai":true}},{"type":"Feature","geometry":{"type":"Point","coordinates":[139.6833761,35.5792679]},"properties":{"id":"jinja_n1905687023","name":"白山神社","prefecture":null,"family":"hakusan","ai":false}},{"type":"Feature","geometry":{"type":"Point","coordinates":[139.6831562,35.569345]},"properties":{"id":"jinja_n1905734680","name":"六所神社","prefecture":null,"family":"unknown","ai":true}},{"type":"Feature","geometry":{"type":"Point","coordinates":[139.7224446,35.5607381]},"properties":{"id":"jinja_n1906574194","name":"蒲田八幡神社","prefecture":"東京都","family":"hachiman","ai":true}},{"type":"Feature","geometry":{"type":"Point","coordinates":[139.7414966,35.7483965]},"properties":{"id":"jinja_n1909428805","name":"七社神社","prefecture":null,"family":"unknown","ai":true}},{"type":"Feature","geometry":{"type":"Point","coordinates":[139.7460797,35.7461963]},"properties":{"id":"jinja_n1909437670","name":"平塚神社","prefecture":null,"family":"unknown","ai":true}},{"type":"Feature","geometry":{"type":"Point","coordinates":[139.7012032,35.5631498]},"properties":{"id":"jinja_n1920496049","name":"安方神社","prefecture":null,"family":"unknown","ai":false}},{"type":"Feature","geometry":{"type":"Point","coordinates":[139.706067,35.5581891]},"properties":{"id":"jinja_n1920523058","name":"道塚神社","prefecture":null,"family":"unknown","ai":false}},{"type":"Feature","geometry":{"type":"Point","coordinates":[139.7023537,35.5595831]},"properties":{"id":"jinja_n1920550360","name":"諏訪神社","prefecture":null,"family":"suwa","ai":false}},{"type":"Feature","geometry":{"type":"Point","coordinates":[139.6913235,35.5658066]},"properties":{"id":"jinja_n1920582758","name":"新田神社","prefecture":null,"family":"unknown","ai":true}},{"type":"Feature","geometry":{"type":"Point","coordinates":[139.6700467,35.6868457]},"properties":{"id":"jinja_n1933274592","name":"神明氷川神社","prefecture":null,"family":"shinmei_ise","ai":true}},{"type":"Feature","geometry":{"type":"Point","coordinates":[139.5821507,35.6274806]},"properties":{"id":"jinja_n1939248785","name":"白幡菅原神社","prefecture":null,"family":"unknown","ai":false}},{"type":"Feature","geometry":{"type":"Point","coordinates":[139.52817,35.7038433]},"properties":{"id":"jinja_n1951036979","name":null,"prefecture":null,"family":"unknown","ai":false}},{"type":"Feature","geometry":{"type":"Point","coordinates":[139.5268044,35.7040071]},"properties":{"id":"jinja_n1951040531","name":"稲荷神社","prefecture":null,"family":"inari","ai":false}},{"type":"Feature","geometry":{"type":"Point","coordinates":[139.2990654,35.7905905]},"properties":{"id":"jinja_n1972253411","name":"新町御嶽神社","prefecture":null,"family":"unknown","ai":false}},{"type":"Feature","geometry":{"type":"Point","coordinates":[139.7003169,35.6395014]},"properties":{"id":"jinja_n1975522149","name":"中目黒八幡神社","prefecture":null,"family":"hachiman","ai":true}},{"type":"Feature","geometry":{"type":"Point","coordinates":[139.7280215,35.5521328]},"properties":{"id":"jinja_n1980843350","name":"萩中神社","prefecture":"東京都","family":"unknown","ai":false}},{"type":"Feature","geometry":{"type":"Point","coordinates":[139.7281743,35.5479775]},"properties":{"id":"jinja_n1981080216","name":"重幸稲荷神社","prefecture":"東京都","family":"inari","ai":false}},{"type":"Feature","geometry":{"type":"Point","coordinates":[139.6259308,35.6199662]},"properties":{"id":"jinja_n1985833634","name":"瀬田玉川神社","prefecture":"東京都","family":"unknown","ai":true}},{"type":"Feature","geometry":{"type":"Point","coordinates":[139.7496764,35.7819171]},"properties":{"id":"jinja_n1986819074","name":"氷川神社","prefecture":null,"family":"gion_yasaka","ai":false}},{"type":"Feature","geometry":{"type":"Point","coordinates":[139.7803797,35.76225]},"properties":{"id":"jinja_n1988916812","name":"氷川神社","prefecture":null,"family":"unknown","ai":false}},{"type":"Feature","geometry":{"type":"Point","coordinates":[139.6812985,35.6485359]},"properties":{"id":"jinja_n1989041398","name":"池尻稲荷神社","prefecture":"東京都","family":"inari","ai":true}},{"type":"Feature","geometry":{"type":"Point","coordinates":[139.7306071,35.7699541]},"properties":{"id":"jinja_n1989840675","name":"柏木神社","prefecture":null,"family":"unknown","ai":true}},{"type":"Feature","geometry":{"type":"Point","coordinates":[139.7584903,35.7618977]},"properties":{"id":"jinja_n1989928694","name":"氷川神社","prefecture":null,"family":"unknown","ai":false}},{"type":"Feature","geometry":{"type":"Point","coordinates":[139.7943602,35.7955014]},"properties":{"id":"jinja_n1991079396","name":"竹塚神社","prefecture":null,"family":"shinmei_ise","ai":true}},{"type":"Feature","geometry":{"type":"Point","coordinates":[139.6436062,35.6986998]},"properties":{"id":"jinja_n2001262806","name":"猿田彦神社","prefecture":null,"family":"unknown","ai":false}},{"type":"Feature","geometry":{"type":"Point","coordinates":[139.851226,35.7658301]},"properties":{"id":"jinja_n2002201044","name":"亀有香取神社","prefecture":null,"family":"kashima_katori","ai":true}},{"type":"Feature","geometry":{"type":"Point","coordinates":[139.4994385,35.6609293]},"properties":{"id":"jinja_n2016152370","name":"石井神社","prefecture":null,"family":"unknown","ai":false}},{"type":"Feature","geometry":{"type":"Point","coordinates":[139.862523,35.6954594]},"properties":{"id":"jinja_n2039365695","name":"天祖神社","prefecture":null,"family":"unknown","ai":false}},{"type":"Feature","geometry":{"type":"Point","coordinates":[139.7089357,35.5885935]},"properties":{"id":"jinja_n2069705780","name":"湯殿神社","prefecture":null,"family":"unknown","ai":false}},{"type":"Feature","geometry":{"type":"Point","coordinates":[139.6925883,35.5648438]},"properties":{"id":"jinja_n2078969118","name":"氷川神社","prefecture":null,"family":"unknown","ai":false}},{"type":"Feature","geometry":{"type":"Point","coordinates":[139.5171154,35.6543245]},"properties":{"id":"jinja_n2097888875","name":"押立神社","prefecture":null,"family":"unknown","ai":false}},{"type":"Feature","geometry":{"type":"Point","coordinates":[139.6688923,35.6106401]},"properties":{"id":"jinja_n2100794330","name":"熊野神社","prefecture":null,"family":"kumano","ai":true}},{"type":"Feature","geometry":{"type":"Point","coordinates":[139.6736373,35.720243]},"properties":{"id":"jinja_n2107077004","name":"鼓稲荷神社","prefecture":null,"family":"inari","ai":false}},{"type":"Feature","geometry":{"type":"Point","coordinates":[139.6712267,35.7226245]},"properties":{"id":"jinja_n2107134668","name":"北野神社","prefecture":null,"family":"unknown","ai":false}},{"type":"Feature","geometry":{"type":"Point","coordinates":[139.6760164,35.721733]},"properties":{"id":"jinja_n2107135742","name":"葛谷御霊神社","prefecture":null,"family":"unknown","ai":true}},{"type":"Feature","geometry":{"type":"Point","coordinates":[139.2632516,35.7904599]},"properties":{"id":"jinja_n2116690857","name":"西分神社","prefecture":null,"family":"unknown","ai":false}},{"type":"Feature","geometry":{"type":"Point","coordinates":[139.4377912,34.684834]},"properties":{"id":"jinja_n2119034593","name":"波布比咩命神社","prefecture":null,"family":"unknown","ai":true}},{"type":"Feature","geometry":{"type":"Point","coordinates":[139.44386,34.68556]},"properties":{"id":"jinja_n2119558855","name":"龍音様","prefecture":null,"family":"unknown","ai":false}},{"type":"Feature","geometry":{"type":"Point","coordinates":[139.4154825,34.6878879]},"properties":{"id":"jinja_n2119605264","name":"春日神社","prefecture":null,"family":"kasuga","ai":true}},{"type":"Feature","geometry":{"type":"Point","coordinates":[139.356362,34.733516]},"properties":{"id":"jinja_n2119639947","name":"大宮神社","prefecture":null,"family":"unknown","ai":false}},{"type":"Feature","geometry":{"type":"Point","coordinates":[139.3571163,34.7535203]},"properties":{"id":"jinja_n2120258129","name":"倉澤大明神","prefecture":null,"family":"unknown","ai":false}},{"type":"Feature","geometry":{"type":"Point","coordinates":[139.3040818,35.7611374]},"properties":{"id":"jinja_n2126298859","name":"玉川神社","prefecture":null,"family":"unknown","ai":false}},{"type":"Feature","geometry":{"type":"Point","coordinates":[139.3083341,35.7564072]},"properties":{"id":"jinja_n2126300789","name":"玉川水神社","prefecture":null,"family":"unknown","ai":false}},{"type":"Feature","geometry":{"type":"Point","coordinates":[139.3826013,35.7265237]},"properties":{"id":"jinja_n2128596188","name":null,"prefecture":null,"family":"unknown","ai":false}},{"type":"Feature","geometry":{"type":"Point","coordinates":[139.411665,35.710525]},"properties":{"id":"jinja_n2129289913","name":"熊野神社","prefecture":null,"family":"kumano","ai":false}},{"type":"Feature","geometry":{"type":"Point","coordinates":[139.6813136,35.5863373]},"properties":{"id":"jinja_n2130321093","name":"御嶽神社","prefecture":null,"family":"unknown","ai":true}},{"type":"Feature","geometry":{"type":"Point","coordinates":[139.3091054,35.761167]},"properties":{"id":"jinja_n2132383598","name":"護国神社","prefecture":null,"family":"unknown","ai":false}},{"type":"Feature","geometry":{"type":"Point","coordinates":[139.312087,35.757845]},"properties":{"id":"jinja_n2132385780","name":"聖徳神社","prefecture":null,"family":"unknown","ai":false}},{"type":"Feature","geometry":{"type":"Point","coordinates":[139.3128616,35.7563598]},"properties":{"id":"jinja_n2132386584","name":"稲荷神社","prefecture":null,"family":"inari","ai":false}},{"type":"Feature","geometry":{"type":"Point","coordinates":[139.7992646,35.7772405]},"properties":{"id":"jinja_n2136838137","name":"小右衛門稲荷神社","prefecture":null,"family":"inari","ai":false}},{"type":"Feature","geometry":{"type":"Point","coordinates":[139.6935453,35.5824466]},"properties":{"id":"jinja_n2137456939","name":"久が原西部八幡神社","prefecture":null,"family":"hachiman","ai":false}},{"type":"Feature","geometry":{"type":"Point","coordinates":[139.7694562,35.8133934]},"properties":{"id":"jinja_n2139804393","name":"舎人氷川神社","prefecture":null,"family":"gion_yasaka","ai":true}},{"type":"Feature","geometry":{"type":"Point","coordinates":[139.5872106,35.6272709]},"properties":{"id":"jinja_n2140329225","name":"日枝神社","prefecture":null,"family":"hie_sanno","ai":true}},{"type":"Feature","geometry":{"type":"Point","coordinates":[139.713512,35.664462]},"properties":{"id":"jinja_n2145104319","name":"大松稲荷神社","prefecture":null,"family":"inari","ai":false}},{"type":"Feature","geometry":{"type":"Point","coordinates":[139.5882124,35.6297203]},"properties":{"id":"jinja_n2146878969","name":"岩戸八幡神社","prefecture":null,"family":"hachiman","ai":true}},{"type":"Feature","geometry":{"type":"Point","coordinates":[139.5079898,35.7057166]},"properties":{"id":"jinja_n2147421154","name":"大松木下之稲荷大神","prefecture":null,"family":"inari","ai":false}},{"type":"Feature","geometry":{"type":"Point","coordinates":[139.5625152,35.7044271]},"properties":{"id":"jinja_n2148522953","name":"八丁稲荷大明神","prefecture":null,"family":"inari","ai":false}},{"type":"Feature","geometry":{"type":"Point","coordinates":[139.1850974,35.7479604]},"properties":{"id":"jinja_n2151408929","name":"八坂神社","prefecture":null,"family":"gion_yasaka","ai":false}},{"type":"Feature","geometry":{"type":"Point","coordinates":[139.6861441,35.5704513]},"properties":{"id":"jinja_n2152832691","name":"天祖神社","prefecture":null,"family":"unknown","ai":false}},{"type":"Feature","geometry":{"type":"Point","coordinates":[139.7026995,35.617075]},"properties":{"id":"jinja_n2155516780","name":"三谷八幡神社","prefecture":null,"family":"hachiman","ai":true}},{"type":"Feature","geometry":{"type":"Point","coordinates":[139.334111,35.72371]},"properties":{"id":"jinja_n2158708050","name":"熊川神社","prefecture":null,"family":"unknown","ai":true}},{"type":"Feature","geometry":{"type":"Point","coordinates":[139.6996164,35.5731408]},"properties":{"id":"jinja_n2166653584","name":"徳持神社","prefecture":null,"family":"hachiman","ai":true}},{"type":"Feature","geometry":{"type":"Point","coordinates":[139.3592039,34.7703262]},"properties":{"id":"jinja_n2170724537","name":"愛宕神社","prefecture":null,"family":"atago","ai":false}},{"type":"Feature","geometry":{"type":"Point","coordinates":[139.5009009,35.6701061]},"properties":{"id":"jinja_n2179940477","name":null,"prefecture":null,"family":"unknown","ai":false}},{"type":"Feature","geometry":{"type":"Point","coordinates":[139.3963368,35.7016348]},"properties":{"id":"jinja_n2181559964","name":"浅間神社","prefecture":null,"family":"unknown","ai":false}},{"type":"Feature","geometry":{"type":"Point","coordinates":[139.3462364,35.7061416]},"properties":{"id":"jinja_n2187122307","name":"日吉神社","prefecture":null,"family":"hie_sanno","ai":false}},{"type":"Feature","geometry":{"type":"Point","coordinates":[139.6315299,35.6918681]},"properties":{"id":"jinja_n2187700965","name":"杉並豊川稲荷","prefecture":null,"family":"inari","ai":false}},{"type":"Feature","geometry":{"type":"Point","coordinates":[139.6930686,35.6854327]},"properties":{"id":"jinja_n2187805655","name":"天満宮","prefecture":null,"family":"tenjin","ai":false}},{"type":"Feature","geometry":{"type":"Point","coordinates":[139.7266733,35.5825744]},"properties":{"id":"jinja_n2189162939","name":"根岸神社","prefecture":null,"family":"unknown","ai":false}},{"type":"Feature","geometry":{"type":"Point","coordinates":[139.72045,35.5814264]},"properties":{"id":"jinja_n2189183296","name":"春日神社","prefecture":null,"family":"kasuga","ai":true}},{"type":"Feature","geometry":{"type":"Point","coordinates":[139.207717,35.7360484]},"properties":{"id":"jinja_n2190544039","name":"琴平神社","prefecture":null,"family":"konpira","ai":false}},{"type":"Feature","geometry":{"type":"Point","coordinates":[139.7108613,35.6545365]},"properties":{"id":"jinja_n2213088305","name":null,"prefecture":null,"family":"unknown","ai":false}},{"type":"Feature","geometry":{"type":"Point","coordinates":[139.7064532,35.6573333]},"properties":{"id":"jinja_n2213088428","name":"御嶽神社","prefecture":null,"family":"unknown","ai":false}},{"type":"Feature","geometry":{"type":"Point","coordinates":[139.7064088,35.6573621]},"properties":{"id":"jinja_n2213088430","name":"玉造稲荷神社","prefecture":null,"family":"inari","ai":true}},{"type":"Feature","geometry":{"type":"Point","coordinates":[139.7068473,35.6573739]},"properties":{"id":"jinja_n2213088435","name":"金王丸御影堂","prefecture":null,"family":"unknown","ai":false}},{"type":"Feature","geometry":{"type":"Point","coordinates":[139.7478695,35.7388331]},"properties":{"id":"jinja_n2237379248","name":"羽黒山神社","prefecture":null,"family":"unknown","ai":false}},{"type":"Feature","geometry":{"type":"Point","coordinates":[139.6889742,35.67199]},"properties":{"id":"jinja_n2244671842","name":"代々木八幡宮","prefecture":null,"family":"hachiman","ai":true}},{"type":"Feature","geometry":{"type":"Point","coordinates":[139.2722565,35.6382983]},"properties":{"id":"jinja_n2246658387","name":"御室社","prefecture":null,"family":"unknown","ai":false}},{"type":"Feature","geometry":{"type":"Point","coordinates":[139.7804475,35.6841674]},"properties":{"id":"jinja_n2258202675","name":"小網神社","prefecture":null,"family":"inari","ai":true}},{"type":"Feature","geometry":{"type":"Point","coordinates":[139.6950103,35.5800644]},"properties":{"id":"jinja_n2262266314","name":"久が原東部八幡神社","prefecture":null,"family":"hachiman","ai":false}},{"type":"Feature","geometry":{"type":"Point","coordinates":[139.7795248,35.6977259]},"properties":{"id":"jinja_n2264347197","name":"草分稲荷神社","prefecture":null,"family":"inari","ai":false}},{"type":"Feature","geometry":{"type":"Point","coordinates":[139.7971201,35.6862763]},"properties":{"id":"jinja_n2268159511","name":"八名川稲荷神社","prefecture":null,"family":"inari","ai":false}},{"type":"Feature","geometry":{"type":"Point","coordinates":[139.7968857,35.6829217]},"properties":{"id":"jinja_n2268159655","name":"深川稲荷神社","prefecture":null,"family":"inari","ai":true}},{"type":"Feature","geometry":{"type":"Point","coordinates":[139.6712648,35.6053806]},"properties":{"id":"jinja_n2273573457","name":"奥澤神社","prefecture":null,"family":"hachiman","ai":true}},{"type":"Feature","geometry":{"type":"Point","coordinates":[139.7926126,35.6913373]},"properties":{"id":"jinja_n2279256797","name":"江島杉山神社","prefecture":null,"family":"munakata","ai":true}},{"type":"Feature","geometry":{"type":"Point","coordinates":[139.8212068,35.7546851]},"properties":{"id":"jinja_n2286261969","name":"小菅神社","prefecture":null,"family":"shinmei_ise","ai":true}},{"type":"Feature","geometry":{"type":"Point","coordinates":[139.6595387,35.7100234]},"properties":{"id":"jinja_n2289923032","name":"妻戀神社","prefecture":null,"family":"unknown","ai":false}},{"type":"Feature","geometry":{"type":"Point","coordinates":[139.8265094,35.7461432]},"properties":{"id":"jinja_n2315877380","name":"天祖神社 祖霊社","prefecture":null,"family":"unknown","ai":false}},{"type":"Feature","geometry":{"type":"Point","coordinates":[139.6434785,35.7479075]},"properties":{"id":"jinja_n2322688194","name":"春日神社","prefecture":null,"family":"kasuga","ai":true}},{"type":"Feature","geometry":{"type":"Point","coordinates":[139.0478287,35.7969257]},"properties":{"id":"jinja_n2330537304","name":"産土神社","prefecture":null,"family":"unknown","ai":false}},{"type":"Feature","geometry":{"type":"Point","coordinates":[139.7965847,35.7474757]},"properties":{"id":"jinja_n2332635673","name":"稲荷大明神","prefecture":null,"family":"inari","ai":false}},{"type":"Feature","geometry":{"type":"Point","coordinates":[139.7979281,35.7435332]},"properties":{"id":"jinja_n2332635674","name":"稲荷神社","prefecture":null,"family":"inari","ai":true}},{"type":"Feature","geometry":{"type":"Point","coordinates":[139.6569183,35.7056188]},"properties":{"id":"jinja_n2334381253","name":null,"prefecture":null,"family":"unknown","ai":false}},{"type":"Feature","geometry":{"type":"Point","coordinates":[139.6621084,35.6977371]},"properties":{"id":"jinja_n2334381264","name":"北野神社西町天神","prefecture":null,"family":"tenjin","ai":false}},{"type":"Feature","geometry":{"type":"Point","coordinates":[139.0401782,35.8522435]},"properties":{"id":"jinja_n2337128358","name":"一石山神社","prefecture":null,"family":"unknown","ai":false}},{"type":"Feature","geometry":{"type":"Point","coordinates":[139.6953151,35.7378816]},"properties":{"id":"jinja_n2360047258","name":"富士浅間神社","prefecture":null,"family":"unknown","ai":false}},{"type":"Feature","geometry":{"type":"Point","coordinates":[139.7112088,35.7437043]},"properties":{"id":"jinja_n2360061576","name":"池袋氷川神社","prefecture":null,"family":"gion_yasaka","ai":true}},{"type":"Feature","geometry":{"type":"Point","coordinates":[139.3430239,35.6716571]},"properties":{"id":"jinja_n2361421889","name":"大谷弁財天","prefecture":null,"family":"unknown","ai":false}},{"type":"Feature","geometry":{"type":"Point","coordinates":[139.7900907,35.6855664]},"properties":{"id":"jinja_n2366680454","name":"大廣神社","prefecture":null,"family":"unknown","ai":false}},{"type":"Feature","geometry":{"type":"Point","coordinates":[139.2210652,35.7366927]},"properties":{"id":"jinja_n2374491568","name":"愛宕神社","prefecture":null,"family":"atago","ai":false}},{"type":"Feature","geometry":{"type":"Point","coordinates":[139.7565501,35.7737898]},"properties":{"id":"jinja_n2380790553","name":"氷川神社","prefecture":null,"family":"unknown","ai":false}},{"type":"Feature","geometry":{"type":"Point","coordinates":[139.3814907,35.6418798]},"properties":{"id":"jinja_n2381445994","name":"平山季重神社(Hirayama Sueshige Shrine)","prefecture":null,"family":"unknown","ai":false}},{"type":"Feature","geometry":{"type":"Point","coordinates":[139.5073112,35.7129214]},"properties":{"id":"jinja_n2383923578","name":"秋葉社","prefecture":null,"family":"akiba","ai":false}},{"type":"Feature","geometry":{"type":"Point","coordinates":[139.7152927,35.6850093]},"properties":{"id":"jinja_n2385950544","name":"多武峯内藤神社","prefecture":null,"family":"kashima_katori","ai":true}},{"type":"Feature","geometry":{"type":"Point","coordinates":[139.696071,35.6944142]},"properties":{"id":"jinja_n2390547571","name":"新栄稲荷","prefecture":null,"family":"inari","ai":false}},{"type":"Feature","geometry":{"type":"Point","coordinates":[139.7088987,35.5857059]},"properties":{"id":"jinja_n2415503975","name":"出世稲荷神社","prefecture":null,"family":"inari","ai":false}},{"type":"Feature","geometry":{"type":"Point","coordinates":[139.720969,35.5878647]},"properties":{"id":"jinja_n2447207720","name":"厳島神社","prefecture":null,"family":"munakata","ai":false}},{"type":"Feature","geometry":{"type":"Point","coordinates":[139.1232465,35.8246521]},"properties":{"id":"jinja_n2467225463","name":"大根山の神","prefecture":null,"family":"unknown","ai":false}},{"type":"Feature","geometry":{"type":"Point","coordinates":[139.6604291,35.7787344]},"properties":{"id":"jinja_n2467725073","name":"徳丸北野神社","prefecture":null,"family":"tenjin","ai":true}},{"type":"Feature","geometry":{"type":"Point","coordinates":[139.6465501,35.6037912]},"properties":{"id":"jinja_n2496164487","name":"稲荷大明神","prefecture":null,"family":"inari","ai":false}},{"type":"Feature","geometry":{"type":"Point","coordinates":[139.5711852,35.6515582]},"properties":{"id":"jinja_n2498004585","name":"八剱神社","prefecture":null,"family":"unknown","ai":false}},{"type":"Feature","geometry":{"type":"Point","coordinates":[139.3587733,34.7334888]},"properties":{"id":"jinja_n2508172835","name":"大宮神社","prefecture":null,"family":"unknown","ai":true}},{"type":"Feature","geometry":{"type":"Point","coordinates":[139.7797636,35.6724899]},"properties":{"id":"jinja_n2523231460","name":"鐡砲洲稲荷神社","prefecture":null,"family":"inari","ai":true}},{"type":"Feature","geometry":{"type":"Point","coordinates":[139.7795954,35.6726591]},"properties":{"id":"jinja_n2523231461","name":"浅間神社","prefecture":null,"family":"unknown","ai":false}},{"type":"Feature","geometry":{"type":"Point","coordinates":[139.7038122,35.6186445]},"properties":{"id":"jinja_n2528857117","name":"火防稲荷","prefecture":null,"family":"inari","ai":false}},{"type":"Feature","geometry":{"type":"Point","coordinates":[139.6395849,35.7848455]},"properties":{"id":"jinja_n2536033801","name":"赤塚氷川神社富士塚","prefecture":null,"family":"unknown","ai":false}},{"type":"Feature","geometry":{"type":"Point","coordinates":[139.723803,35.786086]},"properties":{"id":"jinja_n2558149642","name":"大國神社","prefecture":null,"family":"unknown","ai":false}},{"type":"Feature","geometry":{"type":"Point","coordinates":[139.7169562,35.5893439]},"properties":{"id":"jinja_n2559729548","name":"北野神社","prefecture":null,"family":"unknown","ai":false}},{"type":"Feature","geometry":{"type":"Point","coordinates":[139.7404247,35.704155]},"properties":{"id":"jinja_n2561217662","name":"筑土八幡神社","prefecture":null,"family":"hachiman","ai":true}},{"type":"Feature","geometry":{"type":"Point","coordinates":[139.7399981,35.6980059]},"properties":{"id":"jinja_n2561249760","name":"築土神社","prefecture":null,"family":"unknown","ai":false}},{"type":"Feature","geometry":{"type":"Point","coordinates":[139.2151477,35.6716479]},"properties":{"id":"jinja_n2574077342","name":"宮尾神社","prefecture":"東京都","family":"unknown","ai":false}},{"type":"Feature","geometry":{"type":"Point","coordinates":[139.4379951,35.5978918]},"properties":{"id":"jinja_n2574263706","name":"小野神社","prefecture":null,"family":"unknown","ai":true}},{"type":"Feature","geometry":{"type":"Point","coordinates":[139.5526131,35.6528239]},"properties":{"id":"jinja_n2578819073","name":"国領神社","prefecture":null,"family":"unknown","ai":true}},{"type":"Feature","geometry":{"type":"Point","coordinates":[139.8694217,35.6796173]},"properties":{"id":"jinja_n2634673930","name":"船堀日枝神社","prefecture":null,"family":"hie_sanno","ai":true}},{"type":"Feature","geometry":{"type":"Point","coordinates":[139.2425163,35.6828037]},"properties":{"id":"jinja_n2636555114","name":"琴平神社","prefecture":null,"family":"konpira","ai":false}},{"type":"Feature","geometry":{"type":"Point","coordinates":[139.223379,35.7211925]},"properties":{"id":"jinja_n2657477836","name":"御嶽神社","prefecture":null,"family":"unknown","ai":false}},{"type":"Feature","geometry":{"type":"Point","coordinates":[139.8763469,35.7069573]},"properties":{"id":"jinja_n2669542269","name":null,"prefecture":null,"family":"unknown","ai":false}},{"type":"Feature","geometry":{"type":"Point","coordinates":[139.8077485,35.668435]},"properties":{"id":"jinja_n2669859317","name":null,"prefecture":null,"family":"unknown","ai":false}},{"type":"Feature","geometry":{"type":"Point","coordinates":[139.8327817,35.6793039]},"properties":{"id":"jinja_n2669891190","name":null,"prefecture":null,"family":"unknown","ai":false}},{"type":"Feature","geometry":{"type":"Point","coordinates":[139.6291351,35.6904477]},"properties":{"id":"jinja_n2685961666","name":null,"prefecture":null,"family":"unknown","ai":false}},{"type":"Feature","geometry":{"type":"Point","coordinates":[139.2383417,35.7853692]},"properties":{"id":"jinja_n2728029885","name":null,"prefecture":null,"family":"unknown","ai":false}},{"type":"Feature","geometry":{"type":"Point","coordinates":[139.5779533,35.6815869]},"properties":{"id":"jinja_n2728535263","name":"新川天神社","prefecture":null,"family":"tenjin","ai":false}},{"type":"Feature","geometry":{"type":"Point","coordinates":[139.408913,35.6716387]},"properties":{"id":"jinja_n2729615754","name":null,"prefecture":null,"family":"unknown","ai":false}},{"type":"Feature","geometry":{"type":"Point","coordinates":[139.3990284,35.6739814]},"properties":{"id":"jinja_n2732704097","name":"神明社","prefecture":null,"family":"shinmei_ise","ai":false}},{"type":"Feature","geometry":{"type":"Point","coordinates":[139.2182791,35.790489]},"properties":{"id":"jinja_n2738494114","name":"下山八幡神社","prefecture":"東京都","family":"hachiman","ai":false}},{"type":"Feature","geometry":{"type":"Point","coordinates":[139.712183,35.6657584]},"properties":{"id":"jinja_n2760747506","name":"秋葉神社","prefecture":null,"family":"akiba","ai":false}},{"type":"Feature","geometry":{"type":"Point","coordinates":[139.381708,35.616782]},"properties":{"id":"jinja_n2784760896","name":"八幡神社","prefecture":null,"family":"hachiman","ai":false}},{"type":"Feature","geometry":{"type":"Point","coordinates":[139.6541641,35.6601616]},"properties":{"id":"jinja_n2803966395","name":"稲荷神社","prefecture":null,"family":"inari","ai":false}},{"type":"Feature","geometry":{"type":"Point","coordinates":[139.6959926,35.6596082]},"properties":{"id":"jinja_n2806173915","name":"千代田稲荷神社","prefecture":null,"family":"inari","ai":true}},{"type":"Feature","geometry":{"type":"Point","coordinates":[139.7392599,35.5980321]},"properties":{"id":"jinja_n2833259190","name":"仲町稲荷神社","prefecture":null,"family":"inari","ai":false}},{"type":"Feature","geometry":{"type":"Point","coordinates":[139.4457425,35.5443179]},"properties":{"id":"jinja_n2847755510","name":"町田稲荷","prefecture":null,"family":"inari","ai":false}},{"type":"Feature","geometry":{"type":"Point","coordinates":[139.2736548,35.6918171]},"properties":{"id":"jinja_n2855704734","name":"十二社熊野神社","prefecture":null,"family":"kumano","ai":false}},{"type":"Feature","geometry":{"type":"Point","coordinates":[139.4647325,35.6682933]},"properties":{"id":"jinja_n2871984711","name":"八雲神社","prefecture":null,"family":"unknown","ai":false}},{"type":"Feature","geometry":{"type":"Point","coordinates":[139.4650732,35.6695746]},"properties":{"id":"jinja_n2871984712","name":"浅間神社","prefecture":null,"family":"unknown","ai":false}},{"type":"Feature","geometry":{"type":"Point","coordinates":[139.6862862,35.5967229]},"properties":{"id":"jinja_n2886420142","name":"雪谷八幡神社","prefecture":null,"family":"hachiman","ai":true}},{"type":"Feature","geometry":{"type":"Point","coordinates":[139.6819498,35.5799363]},"properties":{"id":"jinja_n2892736905","name":"嶺稲荷神社","prefecture":null,"family":"inari","ai":false}},{"type":"Feature","geometry":{"type":"Point","coordinates":[139.2535961,35.6837473]},"properties":{"id":"jinja_n2920694133","name":"正一位伏見稲荷大明神","prefecture":null,"family":"inari","ai":false}},{"type":"Feature","geometry":{"type":"Point","coordinates":[139.6389256,35.7059534]},"properties":{"id":"jinja_n2923454636","name":null,"prefecture":null,"family":"unknown","ai":false}},{"type":"Feature","geometry":{"type":"Point","coordinates":[139.6728895,35.5892009]},"properties":{"id":"jinja_n2924649410","name":"西守稲荷神社","prefecture":null,"family":"inari","ai":false}},{"type":"Feature","geometry":{"type":"Point","coordinates":[139.6768511,35.5895587]},"properties":{"id":"jinja_n2924719647","name":"東稲荷神社","prefecture":null,"family":"inari","ai":false}},{"type":"Feature","geometry":{"type":"Point","coordinates":[139.6772166,35.5867525]},"properties":{"id":"jinja_n2925426896","name":"伏見稲荷神社","prefecture":null,"family":"inari","ai":false}},{"type":"Feature","geometry":{"type":"Point","coordinates":[139.2670086,35.7185085]},"properties":{"id":"jinja_n2933080697","name":"引田八雲神社","prefecture":null,"family":"unknown","ai":false}},{"type":"Feature","geometry":{"type":"Point","coordinates":[139.7689142,35.7626042]},"properties":{"id":"jinja_n2935046267","name":"扇三嶋神社","prefecture":null,"family":"unknown","ai":false}},{"type":"Feature","geometry":{"type":"Point","coordinates":[139.7051957,35.5489789]},"properties":{"id":"jinja_n2940465694","name":"諏訪神社","prefecture":null,"family":"suwa","ai":false}},{"type":"Feature","geometry":{"type":"Point","coordinates":[139.5440509,35.7298951]},"properties":{"id":"jinja_n2947589638","name":"田無神社","prefecture":null,"family":"unknown","ai":true}},{"type":"Feature","geometry":{"type":"Point","coordinates":[139.6862532,35.5736094]},"properties":{"id":"jinja_n2975171017","name":"藤森福寿稲荷","prefecture":null,"family":"inari","ai":false}},{"type":"Feature","geometry":{"type":"Point","coordinates":[139.5274222,35.7535278]},"properties":{"id":"jinja_n2981211047","name":"南沢氷川神社","prefecture":null,"family":"gion_yasaka","ai":true}},{"type":"Feature","geometry":{"type":"Point","coordinates":[139.2760037,35.6818754]},"properties":{"id":"jinja_n2992743882","name":"日枝神社","prefecture":null,"family":"hie_sanno","ai":false}},{"type":"Feature","geometry":{"type":"Point","coordinates":[139.2738713,35.6789472]},"properties":{"id":"jinja_n2992743903","name":"菅原社","prefecture":null,"family":"unknown","ai":false}},{"type":"Feature","geometry":{"type":"Point","coordinates":[139.2389855,35.7252009]},"properties":{"id":"jinja_n3003214389","name":"高尾神社","prefecture":null,"family":"unknown","ai":false}},{"type":"Feature","geometry":{"type":"Point","coordinates":[139.2411934,35.7259106]},"properties":{"id":"jinja_n3003309839","name":"高尾神社奥宮","prefecture":null,"family":"unknown","ai":false}},{"type":"Feature","geometry":{"type":"Point","coordinates":[139.8563677,35.6793975]},"properties":{"id":"jinja_n3006284185","name":"八雲神社","prefecture":null,"family":"gion_yasaka","ai":false}},{"type":"Feature","geometry":{"type":"Point","coordinates":[139.276995,35.633448]},"properties":{"id":"jinja_n3007139168","name":"山王神社","prefecture":null,"family":"hie_sanno","ai":false}},{"type":"Feature","geometry":{"type":"Point","coordinates":[139.2753414,35.8165941]},"properties":{"id":"jinja_n3022682391","name":"八坂神社","prefecture":null,"family":"gion_yasaka","ai":false}},{"type":"Feature","geometry":{"type":"Point","coordinates":[139.2843429,35.8142907]},"properties":{"id":"jinja_n3022869230","name":"白髭神社","prefecture":null,"family":"unknown","ai":false}},{"type":"Feature","geometry":{"type":"Point","coordinates":[139.7199052,35.6695281]},"properties":{"id":"jinja_n3024694610","name":"三河稲荷神社","prefecture":null,"family":"inari","ai":false}},{"type":"Feature","geometry":{"type":"Point","coordinates":[139.1787609,35.7274119]},"properties":{"id":"jinja_n3041961252","name":"神明社","prefecture":null,"family":"shinmei_ise","ai":false}},{"type":"Feature","geometry":{"type":"Point","coordinates":[139.1967772,35.721807]},"properties":{"id":"jinja_n3060518001","name":"小宮神社","prefecture":null,"family":"unknown","ai":false}},{"type":"Feature","geometry":{"type":"Point","coordinates":[139.1822397,35.7150301]},"properties":{"id":"jinja_n3060522425","name":"山神社","prefecture":null,"family":"unknown","ai":false}},{"type":"Feature","geometry":{"type":"Point","coordinates":[139.2454836,35.6772348]},"properties":{"id":"jinja_n3061075796","name":"熊野宮","prefecture":null,"family":"kumano","ai":false}},{"type":"Feature","geometry":{"type":"Point","coordinates":[139.2609591,35.7102534]},"properties":{"id":"jinja_n3064634885","name":null,"prefecture":null,"family":"unknown","ai":false}},{"type":"Feature","geometry":{"type":"Point","coordinates":[139.1924871,35.6772746]},"properties":{"id":"jinja_n3068439842","name":"龍蔵神社","prefecture":null,"family":"unknown","ai":false}},{"type":"Feature","geometry":{"type":"Point","coordinates":[139.544558,35.651121]},"properties":{"id":"jinja_n3085844733","name":"稲荷神社","prefecture":null,"family":"inari","ai":false}},{"type":"Feature","geometry":{"type":"Point","coordinates":[139.545511,35.652126]},"properties":{"id":"jinja_n3085851034","name":"さくら稲荷","prefecture":null,"family":"inari","ai":false}},{"type":"Feature","geometry":{"type":"Point","coordinates":[139.2189922,35.7237294]},"properties":{"id":"jinja_n3087924164","name":"五霊神社","prefecture":null,"family":"unknown","ai":false}},{"type":"Feature","geometry":{"type":"Point","coordinates":[139.2160578,35.7101666]},"properties":{"id":"jinja_n3088034073","name":"今熊開運稲荷社","prefecture":null,"family":"inari","ai":false}},{"type":"Feature","geometry":{"type":"Point","coordinates":[139.7771485,35.7065063]},"properties":{"id":"jinja_n3093563126","name":"八幡神社","prefecture":null,"family":"hachiman","ai":false}},{"type":"Feature","geometry":{"type":"Point","coordinates":[139.253603,35.6652225]},"properties":{"id":"jinja_n3095827081","name":"松嶽稲荷神社","prefecture":null,"family":"inari","ai":false}},{"type":"Feature","geometry":{"type":"Point","coordinates":[139.305179,35.734472]},"properties":{"id":"jinja_n3102540410","name":"八幡社","prefecture":null,"family":"hachiman","ai":false}},{"type":"Feature","geometry":{"type":"Point","coordinates":[139.575191,35.6998492]},"properties":{"id":"jinja_n3105003220","name":"稲荷神社","prefecture":null,"family":"inari","ai":false}},{"type":"Feature","geometry":{"type":"Point","coordinates":[139.2474164,35.6674486]},"properties":{"id":"jinja_n3108512447","name":"白山大権現","prefecture":null,"family":"hakusan","ai":false}},{"type":"Feature","geometry":{"type":"Point","coordinates":[139.880648,35.7473961]},"properties":{"id":"jinja_n3110908054","name":"鎌倉八幡神社","prefecture":null,"family":"hachiman","ai":true}},{"type":"Feature","geometry":{"type":"Point","coordinates":[139.3004939,35.735271]},"properties":{"id":"jinja_n3118494688","name":"小宮神社","prefecture":null,"family":"unknown","ai":false}},{"type":"Feature","geometry":{"type":"Point","coordinates":[139.2693784,35.6536716]},"properties":{"id":"jinja_n3120027606","name":"御霊明神","prefecture":null,"family":"unknown","ai":false}},{"type":"Feature","geometry":{"type":"Point","coordinates":[139.2784836,35.7140644]},"properties":{"id":"jinja_n3122602232","name":"八幡宮","prefecture":null,"family":"hachiman","ai":false}},{"type":"Feature","geometry":{"type":"Point","coordinates":[139.2856708,35.7118244]},"properties":{"id":"jinja_n3122606461","name":"住吉神社","prefecture":null,"family":"sumiyoshi","ai":false}},{"type":"Feature","geometry":{"type":"Point","coordinates":[139.6248466,35.6788055]},"properties":{"id":"jinja_n3157752820","name":"柏の宮稲荷神社","prefecture":null,"family":"inari","ai":false}},{"type":"Feature","geometry":{"type":"Point","coordinates":[139.0997641,35.734101]},"properties":{"id":"jinja_n3166115360","name":"貴布弥神社","prefecture":null,"family":"unknown","ai":false}},{"type":"Feature","geometry":{"type":"Point","coordinates":[139.0794973,35.7413226]},"properties":{"id":"jinja_n3166190851","name":"春日神社","prefecture":null,"family":"kasuga","ai":false}},{"type":"Feature","geometry":{"type":"Point","coordinates":[139.2672207,35.6425654]},"properties":{"id":"jinja_n3172431333","name":"神明神社","prefecture":null,"family":"shinmei_ise","ai":false}},{"type":"Feature","geometry":{"type":"Point","coordinates":[139.6689232,35.6108037]},"properties":{"id":"jinja_n3221184364","name":"稲荷大明神","prefecture":null,"family":"inari","ai":false}},{"type":"Feature","geometry":{"type":"Point","coordinates":[139.5790377,35.6876395]},"properties":{"id":"jinja_n3229599064","name":null,"prefecture":null,"family":"unknown","ai":false}},{"type":"Feature","geometry":{"type":"Point","coordinates":[139.7844283,35.5487477]},"properties":{"id":"jinja_n3266218149","name":"羽田航空神社","prefecture":null,"family":"unknown","ai":true}},{"type":"Feature","geometry":{"type":"Point","coordinates":[139.6931637,35.770433]},"properties":{"id":"jinja_n3291975065","name":"前野熊野神社","prefecture":null,"family":"kumano","ai":false}},{"type":"Feature","geometry":{"type":"Point","coordinates":[139.7452835,35.6174573]},"properties":{"id":"jinja_n3322856144","name":"北浜三社稲荷","prefecture":null,"family":"inari","ai":false}},{"type":"Feature","geometry":{"type":"Point","coordinates":[139.7426446,35.6167521]},"properties":{"id":"jinja_n3322857585","name":"稼穡稲荷","prefecture":null,"family":"inari","ai":false}},{"type":"Feature","geometry":{"type":"Point","coordinates":[139.1308466,35.7323767]},"properties":{"id":"jinja_n3331401397","name":null,"prefecture":null,"family":"unknown","ai":false}},{"type":"Feature","geometry":{"type":"Point","coordinates":[139.6881476,35.6528634]},"properties":{"id":"jinja_n3335909034","name":"上目黒氷川神社","prefecture":null,"family":"tenjin","ai":true}},{"type":"Feature","geometry":{"type":"Point","coordinates":[139.7183834,35.68551]},"properties":{"id":"jinja_n3349167454","name":"大京神社","prefecture":null,"family":"unknown","ai":false}},{"type":"Feature","geometry":{"type":"Point","coordinates":[139.670212,35.610572]},"properties":{"id":"jinja_n3351091693","name":"谷畑弁財天","prefecture":null,"family":"unknown","ai":false}},{"type":"Feature","geometry":{"type":"Point","coordinates":[139.7209952,35.5823507]},"properties":{"id":"jinja_n3371585685","name":"代六天根ヶ原神社","prefecture":null,"family":"unknown","ai":false}},{"type":"Feature","geometry":{"type":"Point","coordinates":[139.6612442,35.6552871]},"properties":{"id":"jinja_n3376106757","name":"三峯神社","prefecture":null,"family":"unknown","ai":false}},{"type":"Feature","geometry":{"type":"Point","coordinates":[139.7825265,35.6869272]},"properties":{"id":"jinja_n3387046405","name":"橘稲荷神社","prefecture":null,"family":"inari","ai":false}},{"type":"Feature","geometry":{"type":"Point","coordinates":[139.7940262,35.6839316]},"properties":{"id":"jinja_n3387046414","name":"正木稲荷神社","prefecture":null,"family":"inari","ai":true}},{"type":"Feature","geometry":{"type":"Point","coordinates":[139.7853111,35.6880867]},"properties":{"id":"jinja_n3387046418","name":"笠間稲荷神社","prefecture":null,"family":"inari","ai":true}},{"type":"Feature","geometry":{"type":"Point","coordinates":[139.7828919,35.6882997]},"properties":{"id":"jinja_n3387046420","name":"富澤稲荷神社","prefecture":null,"family":"inari","ai":false}},{"type":"Feature","geometry":{"type":"Point","coordinates":[139.7744198,35.6872213]},"properties":{"id":"jinja_n3399170095","name":"福徳神社","prefecture":null,"family":"inari","ai":true}},{"type":"Feature","geometry":{"type":"Point","coordinates":[139.776961,35.6892449]},"properties":{"id":"jinja_n3399170172","name":"寳田恵比寿神社","prefecture":null,"family":"unknown","ai":true}},{"type":"Feature","geometry":{"type":"Point","coordinates":[139.7706828,35.7736728]},"properties":{"id":"jinja_n3408525491","name":"高野胡禄神社","prefecture":null,"family":"unknown","ai":false}},{"type":"Feature","geometry":{"type":"Point","coordinates":[139.7671742,35.674726]},"properties":{"id":"jinja_n3409862196","name":"幸稲荷神社","prefecture":null,"family":"inari","ai":false}},{"type":"Feature","geometry":{"type":"Point","coordinates":[139.7602781,35.6692643]},"properties":{"id":"jinja_n3409862197","name":"八官神社","prefecture":null,"family":"inari","ai":true}},{"type":"Feature","geometry":{"type":"Point","coordinates":[139.7660195,35.6714675]},"properties":{"id":"jinja_n3409862200","name":"三囲神社","prefecture":null,"family":"unknown","ai":false}},{"type":"Feature","geometry":{"type":"Point","coordinates":[139.7621339,35.6689444]},"properties":{"id":"jinja_n3409862204","name":"豊岩稲荷神社","prefecture":null,"family":"inari","ai":false}},{"type":"Feature","geometry":{"type":"Point","coordinates":[139.7645628,35.6723596]},"properties":{"id":"jinja_n3409862205","name":"寳童稲荷","prefecture":null,"family":"inari","ai":false}},{"type":"Feature","geometry":{"type":"Point","coordinates":[139.7671096,35.6713099]},"properties":{"id":"jinja_n3409862206","name":"朝日稲荷神社","prefecture":null,"family":"inari","ai":true}},{"type":"Feature","geometry":{"type":"Point","coordinates":[139.4012958,35.6344482]},"properties":{"id":"jinja_n3483011149","name":"愛宕神社","prefecture":"東京都","family":"atago","ai":false}},{"type":"Feature","geometry":{"type":"Point","coordinates":[139.3971195,35.6298644]},"properties":{"id":"jinja_n3483068097","name":"北八幡神社","prefecture":null,"family":"hachiman","ai":false}},{"type":"Feature","geometry":{"type":"Point","coordinates":[139.7221004,35.6710499]},"properties":{"id":"jinja_n3488836562","name":"彌助稲荷大明神","prefecture":null,"family":"inari","ai":false}},{"type":"Feature","geometry":{"type":"Point","coordinates":[139.7123615,35.565467]},"properties":{"id":"jinja_n3522650294","name":"女塚神社","prefecture":null,"family":"hachiman","ai":false}},{"type":"Feature","geometry":{"type":"Point","coordinates":[139.8957062,35.7373816]},"properties":{"id":"jinja_n3602745685","name":"北野神社","prefecture":null,"family":"tenjin","ai":true}},{"type":"Feature","geometry":{"type":"Point","coordinates":[139.5880735,35.7163058]},"properties":{"id":"jinja_n3610871805","name":"市杵嶋神社","prefecture":null,"family":"munakata","ai":true}},{"type":"Feature","geometry":{"type":"Point","coordinates":[139.7779939,35.6750885]},"properties":{"id":"jinja_n3633758319","name":"今村幸稲荷神社","prefecture":null,"family":"inari","ai":false}},{"type":"Feature","geometry":{"type":"Point","coordinates":[139.779741,35.6776522]},"properties":{"id":"jinja_n3633758321","name":"純子稲荷神社","prefecture":null,"family":"inari","ai":false}},{"type":"Feature","geometry":{"type":"Point","coordinates":[139.703344,35.5871464]},"properties":{"id":"jinja_n3640229711","name":"西二稲荷神社","prefecture":null,"family":"inari","ai":false}},{"type":"Feature","geometry":{"type":"Point","coordinates":[139.7799488,35.6867034]},"properties":{"id":"jinja_n3677243176","name":"出世稲荷大明神 岩代稲荷神社","prefecture":null,"family":"inari","ai":false}},{"type":"Feature","geometry":{"type":"Point","coordinates":[139.5965264,35.6883238]},"properties":{"id":"jinja_n3696384259","name":"久我山稲荷神社","prefecture":null,"family":"inari","ai":true}},{"type":"Feature","geometry":{"type":"Point","coordinates":[139.7214495,35.5845461]},"properties":{"id":"jinja_n3700983688","name":"熊野神社","prefecture":null,"family":"kumano","ai":true}},{"type":"Feature","geometry":{"type":"Point","coordinates":[139.7174039,35.6341937]},"properties":{"id":"jinja_n3716021516","name":null,"prefecture":null,"family":"unknown","ai":false}},{"type":"Feature","geometry":{"type":"Point","coordinates":[139.2257877,35.7793006]},"properties":{"id":"jinja_n3719540055","name":"神明神社","prefecture":null,"family":"shinmei_ise","ai":false}},{"type":"Feature","geometry":{"type":"Point","coordinates":[139.4380805,35.7560448]},"properties":{"id":"jinja_n3728633768","name":"狭山神社","prefecture":null,"family":"unknown","ai":false}},{"type":"Feature","geometry":{"type":"Point","coordinates":[139.1055286,35.8028375]},"properties":{"id":"jinja_n3730414588","name":"大山祇神社","prefecture":null,"family":"unknown","ai":false}},{"type":"Feature","geometry":{"type":"Point","coordinates":[139.2209284,35.7851037]},"properties":{"id":"jinja_n3733927304","name":"お稲荷様","prefecture":null,"family":"inari","ai":false}},{"type":"Feature","geometry":{"type":"Point","coordinates":[139.221261,35.7829021]},"properties":{"id":"jinja_n3733927306","name":"秋葉神社","prefecture":null,"family":"akiba","ai":false}},{"type":"Feature","geometry":{"type":"Point","coordinates":[139.7737538,35.7840683]},"properties":{"id":"jinja_n3754135733","name":"西新井天満宮","prefecture":null,"family":"tenjin","ai":false}},{"type":"Feature","geometry":{"type":"Point","coordinates":[139.487412,35.7364689]},"properties":{"id":"jinja_n3773126984","name":"稲荷神社","prefecture":null,"family":"inari","ai":false}},{"type":"Feature","geometry":{"type":"Point","coordinates":[139.528778,35.65288]},"properties":{"id":"jinja_n3776232162","name":"若宮八幡神社","prefecture":"東京都","family":"hachiman","ai":false}},{"type":"Feature","geometry":{"type":"Point","coordinates":[139.5451952,35.6460237]},"properties":{"id":"jinja_n3776244869","name":"白山宮神社","prefecture":null,"family":"hakusan","ai":false}},{"type":"Feature","geometry":{"type":"Point","coordinates":[139.4658066,35.7503731]},"properties":{"id":"jinja_n3780456475","name":"東村山 八坂神社","prefecture":null,"family":"gion_yasaka","ai":true}},{"type":"Feature","geometry":{"type":"Point","coordinates":[139.6593399,35.6571029]},"properties":{"id":"jinja_n3791081918","name":"代田八幡神社鳥居","prefecture":null,"family":"hachiman","ai":true}},{"type":"Feature","geometry":{"type":"Point","coordinates":[139.6597546,35.6568628]},"properties":{"id":"jinja_n3791091396","name":"代田八幡神社鳥居","prefecture":null,"family":"hachiman","ai":true}},{"type":"Feature","geometry":{"type":"Point","coordinates":[139.1475038,35.778017]},"properties":{"id":"jinja_n3866509137","name":"天狗岩","prefecture":null,"family":"unknown","ai":false}},{"type":"Feature","geometry":{"type":"Point","coordinates":[139.2658112,35.8019046]},"properties":{"id":"jinja_n3868907601","name":"高峯神社","prefecture":null,"family":"unknown","ai":false}},{"type":"Feature","geometry":{"type":"Point","coordinates":[139.7097171,35.6779652]},"properties":{"id":"jinja_n3899208531","name":"富士塚","prefecture":null,"family":"unknown","ai":false}},{"type":"Feature","geometry":{"type":"Point","coordinates":[139.7092817,35.6778542]},"properties":{"id":"jinja_n3899208555","name":"神明社","prefecture":null,"family":"shinmei_ise","ai":false}},{"type":"Feature","geometry":{"type":"Point","coordinates":[139.7097279,35.6780567]},"properties":{"id":"jinja_n3899237668","name":"甲賀稲荷社","prefecture":null,"family":"inari","ai":false}},{"type":"Feature","geometry":{"type":"Point","coordinates":[139.3523404,35.6168908]},"properties":{"id":"jinja_n3906930362","name":"鑓水諏訪神社","prefecture":null,"family":"suwa","ai":false}},{"type":"Feature","geometry":{"type":"Point","coordinates":[139.1601273,35.8103377]},"properties":{"id":"jinja_n3975290123","name":"八雲神社","prefecture":null,"family":"unknown","ai":false}},{"type":"Feature","geometry":{"type":"Point","coordinates":[139.2495093,35.7903586]},"properties":{"id":"jinja_n3995080981","name":"熊野神社","prefecture":null,"family":"kumano","ai":false}},{"type":"Feature","geometry":{"type":"Point","coordinates":[139.2254612,35.795948]},"properties":{"id":"jinja_n3997528182","name":"石神社","prefecture":null,"family":"unknown","ai":true}},{"type":"Feature","geometry":{"type":"Point","coordinates":[139.7751778,35.6921901]},"properties":{"id":"jinja_n4002251495","name":"金山神社","prefecture":"東京都","family":"unknown","ai":false}},{"type":"Feature","geometry":{"type":"Point","coordinates":[139.449337,35.6411507]},"properties":{"id":"jinja_n4019105926","name":"熊野神社","prefecture":null,"family":"kumano","ai":false}},{"type":"Feature","geometry":{"type":"Point","coordinates":[139.7672129,35.6757289]},"properties":{"id":"jinja_n4041178520","name":"正一位伏見稲荷神社","prefecture":null,"family":"inari","ai":false}},{"type":"Feature","geometry":{"type":"Point","coordinates":[139.4545247,35.5342601]},"properties":{"id":"jinja_n4041812171","name":null,"prefecture":null,"family":"unknown","ai":false}},{"type":"Feature","geometry":{"type":"Point","coordinates":[139.2713385,35.7780713]},"properties":{"id":"jinja_n4042748321","name":"鹿島玉川神社","prefecture":null,"family":"kashima_katori","ai":false}},{"type":"Feature","geometry":{"type":"Point","coordinates":[139.7693675,35.6701512]},"properties":{"id":"jinja_n4045343393","name":"宝珠 稲荷神社","prefecture":null,"family":"inari","ai":false}},{"type":"Feature","geometry":{"type":"Point","coordinates":[139.3131087,35.6638743]},"properties":{"id":"jinja_n4098948003","name":"多賀神社","prefecture":null,"family":"unknown","ai":true}},{"type":"Feature","geometry":{"type":"Point","coordinates":[139.8022078,35.6781582]},"properties":{"id":"jinja_n4099989343","name":null,"prefecture":null,"family":"unknown","ai":false}},{"type":"Feature","geometry":{"type":"Point","coordinates":[139.8052682,35.6814183]},"properties":{"id":"jinja_n4099989378","name":null,"prefecture":null,"family":"unknown","ai":false}},{"type":"Feature","geometry":{"type":"Point","coordinates":[139.8026499,35.6832547]},"properties":{"id":"jinja_n4099989491","name":"行成稲荷","prefecture":null,"family":"inari","ai":false}},{"type":"Feature","geometry":{"type":"Point","coordinates":[139.3116843,35.6612332]},"properties":{"id":"jinja_n4152713717","name":"日吉八王子神社","prefecture":null,"family":"hie_sanno","ai":false}},{"type":"Feature","geometry":{"type":"Point","coordinates":[139.5202459,35.6796209]},"properties":{"id":"jinja_n4168377384","name":"三谷神社","prefecture":null,"family":"unknown","ai":false}},{"type":"Feature","geometry":{"type":"Point","coordinates":[139.4803689,35.6687849]},"properties":{"id":"jinja_n4172355292","name":null,"prefecture":null,"family":"unknown","ai":false}},{"type":"Feature","geometry":{"type":"Point","coordinates":[139.4803387,35.6693454]},"properties":{"id":"jinja_n4172355293","name":null,"prefecture":null,"family":"unknown","ai":false}},{"type":"Feature","geometry":{"type":"Point","coordinates":[139.4804781,35.6694021]},"properties":{"id":"jinja_n4172355294","name":"稲荷大明神","prefecture":null,"family":"inari","ai":false}},{"type":"Feature","geometry":{"type":"Point","coordinates":[139.1648195,35.7083041]},"properties":{"id":"jinja_n4177426300","name":"臼杵神社","prefecture":null,"family":"unknown","ai":false}},{"type":"Feature","geometry":{"type":"Point","coordinates":[139.4347501,35.6385977]},"properties":{"id":"jinja_n4206241463","name":"恋路稲荷神社","prefecture":null,"family":"inari","ai":false}},{"type":"Feature","geometry":{"type":"Point","coordinates":[139.351699,35.6042067]},"properties":{"id":"jinja_n4213310767","name":"山王山日枝神社","prefecture":null,"family":"hie_sanno","ai":false}},{"type":"Feature","geometry":{"type":"Point","coordinates":[139.2337278,35.7495757]},"properties":{"id":"jinja_n4238774442","name":"白山神社","prefecture":null,"family":"hakusan","ai":false}},{"type":"Feature","geometry":{"type":"Point","coordinates":[139.4244026,34.7738286]},"properties":{"id":"jinja_n4265359668","name":null,"prefecture":null,"family":"unknown","ai":false}},{"type":"Feature","geometry":{"type":"Point","coordinates":[139.4149714,34.7821976]},"properties":{"id":"jinja_n4265359669","name":null,"prefecture":null,"family":"unknown","ai":false}},{"type":"Feature","geometry":{"type":"Point","coordinates":[139.3597373,34.7868515]},"properties":{"id":"jinja_n4265359678","name":null,"prefecture":null,"family":"unknown","ai":false}},{"type":"Feature","geometry":{"type":"Point","coordinates":[139.3935126,34.7883432]},"properties":{"id":"jinja_n4265359679","name":null,"prefecture":null,"family":"unknown","ai":false}},{"type":"Feature","geometry":{"type":"Point","coordinates":[139.3913141,34.7884269]},"properties":{"id":"jinja_n4265359680","name":"龍王神社","prefecture":null,"family":"unknown","ai":false}},{"type":"Feature","geometry":{"type":"Point","coordinates":[139.2773348,34.5155402]},"properties":{"id":"jinja_n4271565947","name":"大山小山神社","prefecture":null,"family":"unknown","ai":false}},{"type":"Feature","geometry":{"type":"Point","coordinates":[139.2743425,34.5158121]},"properties":{"id":"jinja_n4271565954","name":"阿豆佐和氣命本宮","prefecture":null,"family":"unknown","ai":false}},{"type":"Feature","geometry":{"type":"Point","coordinates":[139.2840985,34.5211232]},"properties":{"id":"jinja_n4271565987","name":"下上神社","prefecture":null,"family":"unknown","ai":false}},{"type":"Feature","geometry":{"type":"Point","coordinates":[139.2930282,34.4715397]},"properties":{"id":"jinja_n4271569256","name":null,"prefecture":null,"family":"unknown","ai":false}},{"type":"Feature","geometry":{"type":"Point","coordinates":[139.2239944,34.3292535]},"properties":{"id":"jinja_n4271603430","name":null,"prefecture":null,"family":"unknown","ai":false}},{"type":"Feature","geometry":{"type":"Point","coordinates":[139.1522791,34.2011825]},"properties":{"id":"jinja_n4271717287","name":null,"prefecture":null,"family":"unknown","ai":false}},{"type":"Feature","geometry":{"type":"Point","coordinates":[139.1537628,34.2037815]},"properties":{"id":"jinja_n4271717288","name":"日向神社","prefecture":null,"family":"unknown","ai":false}},{"type":"Feature","geometry":{"type":"Point","coordinates":[139.1316101,34.2089903]},"properties":{"id":"jinja_n4271720289","name":"竜神様","prefecture":null,"family":"unknown","ai":false}},{"type":"Feature","geometry":{"type":"Point","coordinates":[139.2279478,34.3717884]},"properties":{"id":"jinja_n4277505620","name":null,"prefecture":null,"family":"unknown","ai":false}},{"type":"Feature","geometry":{"type":"Point","coordinates":[139.6237194,33.8656657]},"properties":{"id":"jinja_n4279773219","name":null,"prefecture":null,"family":"unknown","ai":false}},{"type":"Feature","geometry":{"type":"Point","coordinates":[139.5934322,33.8945994]},"properties":{"id":"jinja_n4279773239","name":"稲根神社","prefecture":null,"family":"unknown","ai":true}},{"type":"Feature","geometry":{"type":"Point","coordinates":[139.5941135,33.8958239]},"properties":{"id":"jinja_n4279773246","name":null,"prefecture":null,"family":"unknown","ai":false}},{"type":"Feature","geometry":{"type":"Point","coordinates":[139.5938141,33.858789]},"properties":{"id":"jinja_n4279773269","name":"稲根神社","prefecture":null,"family":"unknown","ai":false}},{"type":"Feature","geometry":{"type":"Point","coordinates":[139.2305035,35.6790845]},"properties":{"id":"jinja_n4318225287","name":"神明神社","prefecture":null,"family":"shinmei_ise","ai":false}},{"type":"Feature","geometry":{"type":"Point","coordinates":[139.4968289,35.5767839]},"properties":{"id":"jinja_n4322688224","name":"椙山神社","prefecture":null,"family":"unknown","ai":false}},{"type":"Feature","geometry":{"type":"Point","coordinates":[139.5448195,34.0605187]},"properties":{"id":"jinja_n4344275269","name":"二宮神社","prefecture":null,"family":"unknown","ai":false}},{"type":"Feature","geometry":{"type":"Point","coordinates":[139.4838515,34.0607404]},"properties":{"id":"jinja_n4344275271","name":"若宮神社","prefecture":null,"family":"unknown","ai":false}},{"type":"Feature","geometry":{"type":"Point","coordinates":[139.4814727,34.0746849]},"properties":{"id":"jinja_n4344275274","name":"火戸寄神社","prefecture":null,"family":"unknown","ai":false}},{"type":"Feature","geometry":{"type":"Point","coordinates":[139.4896679,34.1001766]},"properties":{"id":"jinja_n4344275278","name":"后神社","prefecture":null,"family":"unknown","ai":false}},{"type":"Feature","geometry":{"type":"Point","coordinates":[139.500669,34.1122003]},"properties":{"id":"jinja_n4344275279","name":"御祭神社","prefecture":null,"family":"unknown","ai":true}},{"type":"Feature","geometry":{"type":"Point","coordinates":[139.5222407,34.1199758]},"properties":{"id":"jinja_n4344275281","name":"御笏神社","prefecture":null,"family":"unknown","ai":true}},{"type":"Feature","geometry":{"type":"Point","coordinates":[139.5577209,34.1074223]},"properties":{"id":"jinja_n4344283095","name":"椎取神社","prefecture":null,"family":"unknown","ai":true}},{"type":"Feature","geometry":{"type":"Point","coordinates":[139.2493968,35.6174189]},"properties":{"id":"jinja_n4347001481","name":"山王神社","prefecture":null,"family":"hie_sanno","ai":false}},{"type":"Feature","geometry":{"type":"Point","coordinates":[139.7647651,33.1409289]},"properties":{"id":"jinja_n4352573477","name":"浅間神社","prefecture":null,"family":"unknown","ai":false}},{"type":"Feature","geometry":{"type":"Point","coordinates":[139.2711371,34.3710954]},"properties":{"id":"jinja_n4359590766","name":null,"prefecture":null,"family":"unknown","ai":false}},{"type":"Feature","geometry":{"type":"Point","coordinates":[139.269914,34.3758729]},"properties":{"id":"jinja_n4359590769","name":null,"prefecture":null,"family":"unknown","ai":false}},{"type":"Feature","geometry":{"type":"Point","coordinates":[139.256857,34.3760478]},"properties":{"id":"jinja_n4359590770","name":null,"prefecture":null,"family":"unknown","ai":false}},{"type":"Feature","geometry":{"type":"Point","coordinates":[139.2578762,34.3805394]},"properties":{"id":"jinja_n4359590772","name":null,"prefecture":null,"family":"unknown","ai":false}},{"type":"Feature","geometry":{"type":"Point","coordinates":[139.2580372,34.3816196]},"properties":{"id":"jinja_n4359590773","name":null,"prefecture":null,"family":"unknown","ai":false}},{"type":"Feature","geometry":{"type":"Point","coordinates":[139.2852562,34.4133302]},"properties":{"id":"jinja_n4359590774","name":null,"prefecture":null,"family":"unknown","ai":false}},{"type":"Feature","geometry":{"type":"Point","coordinates":[139.2804256,34.4160563]},"properties":{"id":"jinja_n4359590775","name":null,"prefecture":null,"family":"unknown","ai":false}},{"type":"Feature","geometry":{"type":"Point","coordinates":[139.2831614,34.4239619]},"properties":{"id":"jinja_n4359590776","name":null,"prefecture":null,"family":"unknown","ai":false}},{"type":"Feature","geometry":{"type":"Point","coordinates":[139.7620976,35.6942059]},"properties":{"id":"jinja_n4367242090","name":"五十稲荷神社","prefecture":null,"family":"inari","ai":false}},{"type":"Feature","geometry":{"type":"Point","coordinates":[139.6515517,35.6200209]},"properties":{"id":"jinja_n4372806991","name":"深沢神社","prefecture":null,"family":"hachiman","ai":true}},{"type":"Feature","geometry":{"type":"Point","coordinates":[139.2789666,34.413513]},"properties":{"id":"jinja_n4374486716","name":null,"prefecture":null,"family":"unknown","ai":false}},{"type":"Feature","geometry":{"type":"Point","coordinates":[139.8694894,35.7829333]},"properties":{"id":"jinja_n4382721541","name":"香取神社","prefecture":null,"family":"kashima_katori","ai":true}},{"type":"Feature","geometry":{"type":"Point","coordinates":[139.4286126,35.6033745]},"properties":{"id":"jinja_n4393130992","name":"小野路浅間神社","prefecture":null,"family":"unknown","ai":false}},{"type":"Feature","geometry":{"type":"Point","coordinates":[139.2918017,35.6134576]},"properties":{"id":"jinja_n4401088037","name":"子ノ神社","prefecture":null,"family":"unknown","ai":false}},{"type":"Feature","geometry":{"type":"Point","coordinates":[139.2870807,35.6141316]},"properties":{"id":"jinja_n4401095058","name":"浅間神社","prefecture":null,"family":"unknown","ai":false}},{"type":"Feature","geometry":{"type":"Point","coordinates":[139.465051,35.5639612]},"properties":{"id":"jinja_n4406280890","name":"ぬぼこ山本宮","prefecture":null,"family":"unknown","ai":false}},{"type":"Feature","geometry":{"type":"Point","coordinates":[139.2599909,35.6389356]},"properties":{"id":"jinja_n4406309771","name":"高尾天満宮","prefecture":null,"family":"tenjin","ai":false}},{"type":"Feature","geometry":{"type":"Point","coordinates":[139.2445462,34.364251]},"properties":{"id":"jinja_n4407580986","name":null,"prefecture":null,"family":"unknown","ai":false}},{"type":"Feature","geometry":{"type":"Point","coordinates":[142.2046471,27.0721728]},"properties":{"id":"jinja_n4411632035","name":null,"prefecture":null,"family":"unknown","ai":false}},{"type":"Feature","geometry":{"type":"Point","coordinates":[139.4564021,35.6642229]},"properties":{"id":"jinja_n4412771946","name":"小野神社","prefecture":null,"family":"unknown","ai":true}},{"type":"Feature","geometry":{"type":"Point","coordinates":[139.3990006,35.5937695]},"properties":{"id":"jinja_n4413422763","name":"神明神社","prefecture":null,"family":"shinmei_ise","ai":false}},{"type":"Feature","geometry":{"type":"Point","coordinates":[142.159082,26.6393524]},"properties":{"id":"jinja_n4415854865","name":"月ヶ岡神社","prefecture":null,"family":"unknown","ai":false}},{"type":"Feature","geometry":{"type":"Point","coordinates":[139.3662677,35.6399647]},"properties":{"id":"jinja_n4436201389","name":"六社宮","prefecture":null,"family":"unknown","ai":false}},{"type":"Feature","geometry":{"type":"Point","coordinates":[139.7926106,33.1032013]},"properties":{"id":"jinja_n4436332572","name":null,"prefecture":null,"family":"unknown","ai":false}},{"type":"Feature","geometry":{"type":"Point","coordinates":[139.8025857,33.1083655]},"properties":{"id":"jinja_n4436333167","name":"八幡神社","prefecture":null,"family":"hachiman","ai":false}},{"type":"Feature","geometry":{"type":"Point","coordinates":[139.806766,33.0647502]},"properties":{"id":"jinja_n4437101320","name":null,"prefecture":null,"family":"unknown","ai":false}},{"type":"Feature","geometry":{"type":"Point","coordinates":[139.7956107,33.0732568]},"properties":{"id":"jinja_n4437101547","name":null,"prefecture":null,"family":"unknown","ai":false}},{"type":"Feature","geometry":{"type":"Point","coordinates":[139.7902784,33.0738715]},"properties":{"id":"jinja_n4437101561","name":"三島神社(樫立)","prefecture":null,"family":"unknown","ai":false}},{"type":"Feature","geometry":{"type":"Point","coordinates":[139.7347769,35.5825012]},"properties":{"id":"jinja_n4437126630","name":"東貫森稲荷神社","prefecture":null,"family":"inari","ai":false}},{"type":"Feature","geometry":{"type":"Point","coordinates":[139.7349318,35.5812762]},"properties":{"id":"jinja_n4437151985","name":"穀豊稲荷神社","prefecture":null,"family":"inari","ai":false}},{"type":"Feature","geometry":{"type":"Point","coordinates":[139.7505773,35.7218967]},"properties":{"id":"jinja_n4438541989","name":"白山神社","prefecture":null,"family":"hakusan","ai":true}},{"type":"Feature","geometry":{"type":"Point","coordinates":[139.8530422,33.0832929]},"properties":{"id":"jinja_n4443768039","name":null,"prefecture":null,"family":"unknown","ai":false}},{"type":"Feature","geometry":{"type":"Point","coordinates":[139.8423558,33.1096305]},"properties":{"id":"jinja_n4453275821","name":null,"prefecture":null,"family":"unknown","ai":false}},{"type":"Feature","geometry":{"type":"Point","coordinates":[139.4844161,35.5331032]},"properties":{"id":"jinja_n4459820331","name":"梅稲荷大明神","prefecture":null,"family":"inari","ai":false}},{"type":"Feature","geometry":{"type":"Point","coordinates":[139.7325349,35.6618516]},"properties":{"id":"jinja_n4459864589","name":"朝日神社","prefecture":null,"family":"unknown","ai":true}},{"type":"Feature","geometry":{"type":"Point","coordinates":[139.7039231,35.7024492]},"properties":{"id":"jinja_n4460351990","name":"夫婦木神社","prefecture":null,"family":"unknown","ai":false}},{"type":"Feature","geometry":{"type":"Point","coordinates":[139.7857794,35.6809732]},"properties":{"id":"jinja_n4474496715","name":"永久稲荷神社","prefecture":null,"family":"inari","ai":false}},{"type":"Feature","geometry":{"type":"Point","coordinates":[139.4825219,34.0675802]},"properties":{"id":"jinja_n4487022588","name":"差出神社","prefecture":null,"family":"unknown","ai":false}},{"type":"Feature","geometry":{"type":"Point","coordinates":[139.7943695,35.6703119]},"properties":{"id":"jinja_n4513679949","name":null,"prefecture":null,"family":"unknown","ai":false}},{"type":"Feature","geometry":{"type":"Point","coordinates":[139.5184265,35.6613639]},"properties":{"id":"jinja_n4514832482","name":"稲荷大明神","prefecture":null,"family":"inari","ai":false}},{"type":"Feature","geometry":{"type":"Point","coordinates":[139.3139619,35.7532734]},"properties":{"id":"jinja_n4515295926","name":"児魂神社","prefecture":null,"family":"unknown","ai":false}},{"type":"Feature","geometry":{"type":"Point","coordinates":[139.7550401,35.7377731]},"properties":{"id":"jinja_n4534097160","name":"上田端八幡神社","prefecture":null,"family":"hachiman","ai":true}},{"type":"Feature","geometry":{"type":"Point","coordinates":[139.754213,35.7302667]},"properties":{"id":"jinja_n4539435495","name":null,"prefecture":null,"family":"unknown","ai":false}},{"type":"Feature","geometry":{"type":"Point","coordinates":[139.7587058,35.7107212]},"properties":{"id":"jinja_n4545325662","name":"藤之森稲荷神社","prefecture":null,"family":"inari","ai":false}},{"type":"Feature","geometry":{"type":"Point","coordinates":[139.7554529,35.6690318]},"properties":{"id":"jinja_n4555644711","name":"航空神社","prefecture":null,"family":"unknown","ai":true}},{"type":"Feature","geometry":{"type":"Point","coordinates":[139.5133102,35.6632968]},"properties":{"id":"jinja_n4585449434","name":null,"prefecture":null,"family":"unknown","ai":false}},{"type":"Feature","geometry":{"type":"Point","coordinates":[139.7522929,35.7105677]},"properties":{"id":"jinja_n4590351894","name":"高取稲荷大明神","prefecture":null,"family":"inari","ai":false}},{"type":"Feature","geometry":{"type":"Point","coordinates":[139.7346246,35.7067402]},"properties":{"id":"jinja_n4607450721","name":"改代稲荷神社","prefecture":null,"family":"inari","ai":false}},{"type":"Feature","geometry":{"type":"Point","coordinates":[139.7811718,35.6635696]},"properties":{"id":"jinja_n4608880507","name":"月島観音","prefecture":null,"family":"unknown","ai":false}},{"type":"Feature","geometry":{"type":"Point","coordinates":[139.7804917,35.6622084]},"properties":{"id":"jinja_n4608883520","name":"柏山稲荷神社","prefecture":null,"family":"inari","ai":false}},{"type":"Feature","geometry":{"type":"Point","coordinates":[139.7069653,35.7360651]},"properties":{"id":"jinja_n4639272689","name":"三社神社","prefecture":null,"family":"unknown","ai":false}},{"type":"Feature","geometry":{"type":"Point","coordinates":[139.4665333,35.5151785]},"properties":{"id":"jinja_n4679294816","name":"熊野神社","prefecture":null,"family":"kumano","ai":false}},{"type":"Feature","geometry":{"type":"Point","coordinates":[139.6993921,35.7012427]},"properties":{"id":"jinja_n4716326648","name":"皆中稲荷神社","prefecture":null,"family":"inari","ai":true}},{"type":"Feature","geometry":{"type":"Point","coordinates":[139.8846334,35.6743721]},"properties":{"id":"jinja_n4718284296","name":"稲荷神社","prefecture":null,"family":"inari","ai":false}},{"type":"Feature","geometry":{"type":"Point","coordinates":[139.8850943,35.676904]},"properties":{"id":"jinja_n4718284297","name":"熊野神社","prefecture":null,"family":"kumano","ai":false}},{"type":"Feature","geometry":{"type":"Point","coordinates":[139.8805881,35.6683661]},"properties":{"id":"jinja_n4718293495","name":"香取神社","prefecture":null,"family":"kashima_katori","ai":true}},{"type":"Feature","geometry":{"type":"Point","coordinates":[139.8786911,35.6680803]},"properties":{"id":"jinja_n4718293497","name":"長島稲荷神社","prefecture":null,"family":"inari","ai":false}},{"type":"Feature","geometry":{"type":"Point","coordinates":[139.878928,35.6687483]},"properties":{"id":"jinja_n4718293498","name":"桑川神社","prefecture":null,"family":"unknown","ai":false}},{"type":"Feature","geometry":{"type":"Point","coordinates":[139.8895571,35.6843635]},"properties":{"id":"jinja_n4718293502","name":"胡禄神社","prefecture":null,"family":"unknown","ai":false}},{"type":"Feature","geometry":{"type":"Point","coordinates":[139.8820314,35.669716]},"properties":{"id":"jinja_n4718299297","name":"下今井香取神社","prefecture":null,"family":"kashima_katori","ai":false}},{"type":"Feature","geometry":{"type":"Point","coordinates":[139.8960496,35.6877947]},"properties":{"id":"jinja_n4718299302","name":"内手八幡宮","prefecture":null,"family":"hachiman","ai":false}},{"type":"Feature","geometry":{"type":"Point","coordinates":[139.8941966,35.6838802]},"properties":{"id":"jinja_n4718301693","name":"八雲神社","prefecture":null,"family":"gion_yasaka","ai":true}},{"type":"Feature","geometry":{"type":"Point","coordinates":[139.8945281,35.6863988]},"properties":{"id":"jinja_n4718312391","name":"山王神社","prefecture":null,"family":"hie_sanno","ai":false}},{"type":"Feature","geometry":{"type":"Point","coordinates":[139.8917244,35.6833345]},"properties":{"id":"jinja_n4718312989","name":"香取神社","prefecture":null,"family":"kashima_katori","ai":true}},{"type":"Feature","geometry":{"type":"Point","coordinates":[139.8632399,35.6935506]},"properties":{"id":"jinja_n4809718887","name":"白髭神社","prefecture":null,"family":"unknown","ai":true}},{"type":"Feature","geometry":{"type":"Point","coordinates":[139.8632508,35.6907783]},"properties":{"id":"jinja_n4809718888","name":"水神宮","prefecture":null,"family":"unknown","ai":false}},{"type":"Feature","geometry":{"type":"Point","coordinates":[139.8649159,35.7503531]},"properties":{"id":"jinja_n4843763822","name":"天祖神社","prefecture":null,"family":"unknown","ai":true}},{"type":"Feature","geometry":{"type":"Point","coordinates":[139.685131,35.5759673]},"properties":{"id":"jinja_n4843914195","name":"鵜ノ木八幡神社","prefecture":null,"family":"hachiman","ai":false}},{"type":"Feature","geometry":{"type":"Point","coordinates":[139.6986637,35.5882455]},"properties":{"id":"jinja_n4850904723","name":"子安八幡神社","prefecture":null,"family":"hachiman","ai":false}},{"type":"Feature","geometry":{"type":"Point","coordinates":[139.7238002,35.5979198]},"properties":{"id":"jinja_n4855914055","name":"水神社","prefecture":null,"family":"unknown","ai":false}},{"type":"Feature","geometry":{"type":"Point","coordinates":[139.8260063,35.7089242]},"properties":{"id":"jinja_n4879949021","name":"香取神社","prefecture":null,"family":"kashima_katori","ai":true}},{"type":"Feature","geometry":{"type":"Point","coordinates":[139.8232966,35.7130934]},"properties":{"id":"jinja_n4879950422","name":"田丸稲荷神社","prefecture":null,"family":"inari","ai":false}},{"type":"Feature","geometry":{"type":"Point","coordinates":[139.4054826,35.5792917]},"properties":{"id":"jinja_n4881615524","name":"箭幹八幡宮","prefecture":"東京都","family":"hachiman","ai":true}},{"type":"Feature","geometry":{"type":"Point","coordinates":[139.4345693,35.5482796]},"properties":{"id":"jinja_n4899778791","name":"森野住吉神社","prefecture":null,"family":"sumiyoshi","ai":false}},{"type":"Feature","geometry":{"type":"Point","coordinates":[139.3247712,35.6586559]},"properties":{"id":"jinja_n4909763372","name":"稲荷神社","prefecture":null,"family":"inari","ai":false}},{"type":"Feature","geometry":{"type":"Point","coordinates":[139.7379926,35.6835045]},"properties":{"id":"jinja_n4910404421","name":"豊栄稲荷大明神","prefecture":null,"family":"inari","ai":false}},{"type":"Feature","geometry":{"type":"Point","coordinates":[139.764573,35.6954858]},"properties":{"id":"jinja_n4947013276","name":"幸徳稲荷神社","prefecture":null,"family":"inari","ai":false}},{"type":"Feature","geometry":{"type":"Point","coordinates":[139.7066175,35.7418009]},"properties":{"id":"jinja_n4969266321","name":"熊野神社","prefecture":"東京都","family":"kumano","ai":true}},{"type":"Feature","geometry":{"type":"Point","coordinates":[139.8676928,35.7419868]},"properties":{"id":"jinja_n4969269821","name":"細田神社","prefecture":null,"family":"unknown","ai":true}},{"type":"Feature","geometry":{"type":"Point","coordinates":[139.7396558,35.6751638]},"properties":{"id":"jinja_n4986451003","name":"山王稲荷神社","prefecture":null,"family":"inari","ai":false}},{"type":"Feature","geometry":{"type":"Point","coordinates":[139.7397262,35.6751632]},"properties":{"id":"jinja_n4986451004","name":"八坂神社 猿田彦神社","prefecture":null,"family":"gion_yasaka","ai":false}},{"type":"Feature","geometry":{"type":"Point","coordinates":[139.7264615,35.7484168]},"properties":{"id":"jinja_n4987127422","name":"瀧野川八幡神社","prefecture":null,"family":"hachiman","ai":true}},{"type":"Feature","geometry":{"type":"Point","coordinates":[139.5254425,35.6587065]},"properties":{"id":"jinja_n5009348146","name":"道生神社","prefecture":null,"family":"unknown","ai":false}},{"type":"Feature","geometry":{"type":"Point","coordinates":[139.2786444,34.5292357]},"properties":{"id":"jinja_n5011270850","name":"天満神社","prefecture":null,"family":"tenjin","ai":false}},{"type":"Feature","geometry":{"type":"Point","coordinates":[139.2765784,34.5313537]},"properties":{"id":"jinja_n5011270860","name":"浜宮神社","prefecture":null,"family":"unknown","ai":false}},{"type":"Feature","geometry":{"type":"Point","coordinates":[139.7685666,35.7043627]},"properties":{"id":"jinja_n5023204995","name":"神道大教白鬚神社","prefecture":null,"family":"unknown","ai":false}},{"type":"Feature","geometry":{"type":"Point","coordinates":[139.5091347,35.6946246]},"properties":{"id":"jinja_n5029793742","name":"小金井神社","prefecture":null,"family":"tenjin","ai":true}},{"type":"Feature","geometry":{"type":"Point","coordinates":[139.5853724,35.6345169]},"properties":{"id":"jinja_n5048836084","name":"伊井出森稲荷神社","prefecture":null,"family":"inari","ai":false}},{"type":"Feature","geometry":{"type":"Point","coordinates":[139.5389495,35.6527758]},"properties":{"id":"jinja_n5050750420","name":null,"prefecture":null,"family":"unknown","ai":false}},{"type":"Feature","geometry":{"type":"Point","coordinates":[139.8227298,35.7234984]},"properties":{"id":"jinja_n5058848180","name":"長浦神社","prefecture":null,"family":"unknown","ai":true}},{"type":"Feature","geometry":{"type":"Point","coordinates":[139.0207547,35.7766045]},"properties":{"id":"jinja_n5064281150","name":"小河内神社","prefecture":null,"family":"unknown","ai":true}},{"type":"Feature","geometry":{"type":"Point","coordinates":[139.5347267,35.6440535]},"properties":{"id":"jinja_n5154562921","name":null,"prefecture":null,"family":"unknown","ai":false}},{"type":"Feature","geometry":{"type":"Point","coordinates":[139.7680141,35.6691801]},"properties":{"id":"jinja_n5176358422","name":"歌舞伎稲荷神社","prefecture":null,"family":"inari","ai":false}},{"type":"Feature","geometry":{"type":"Point","coordinates":[139.7639838,35.6696617]},"properties":{"id":"jinja_n5176379621","name":"騫護稲荷神社","prefecture":null,"family":"inari","ai":false}},{"type":"Feature","geometry":{"type":"Point","coordinates":[139.76127,35.6697735]},"properties":{"id":"jinja_n5176379721","name":"成功稲荷神社","prefecture":null,"family":"inari","ai":false}},{"type":"Feature","geometry":{"type":"Point","coordinates":[139.3805538,34.7379332]},"properties":{"id":"jinja_n5209882326","name":"三原神社下社","prefecture":null,"family":"unknown","ai":false}},{"type":"Feature","geometry":{"type":"Point","coordinates":[139.7244267,35.7335658]},"properties":{"id":"jinja_n5266637260","name":"出世稲荷神社","prefecture":null,"family":"inari","ai":false}},{"type":"Feature","geometry":{"type":"Point","coordinates":[139.7189915,35.7325392]},"properties":{"id":"jinja_n5266637261","name":null,"prefecture":null,"family":"unknown","ai":false}},{"type":"Feature","geometry":{"type":"Point","coordinates":[139.7277271,35.7305225]},"properties":{"id":"jinja_n5266637262","name":"天祖神社","prefecture":null,"family":"shinmei_ise","ai":true}},{"type":"Feature","geometry":{"type":"Point","coordinates":[139.7295145,35.7321286]},"properties":{"id":"jinja_n5266637269","name":"瀧不動","prefecture":null,"family":"unknown","ai":false}},{"type":"Feature","geometry":{"type":"Point","coordinates":[139.8738657,35.7321621]},"properties":{"id":"jinja_n5269570261","name":"上一色天祖神社","prefecture":null,"family":"kashima_katori","ai":true}},{"type":"Feature","geometry":{"type":"Point","coordinates":[139.343527,35.7077288]},"properties":{"id":"jinja_n5271371048","name":"拝島神明神社","prefecture":"東京都","family":"shinmei_ise","ai":false}},{"type":"Feature","geometry":{"type":"Point","coordinates":[139.8790107,35.7305848]},"properties":{"id":"jinja_n5274881317","name":"南小岩天祖神社","prefecture":"東京都","family":"unknown","ai":false}},{"type":"Feature","geometry":{"type":"Point","coordinates":[139.7003348,35.6653973]},"properties":{"id":"jinja_n5278436429","name":"北谷稲荷","prefecture":null,"family":"inari","ai":true}},{"type":"Feature","geometry":{"type":"Point","coordinates":[139.7300088,35.5753765]},"properties":{"id":"jinja_n5281656799","name":"金山神社","prefecture":null,"family":"unknown","ai":false}},{"type":"Feature","geometry":{"type":"Point","coordinates":[139.43342,35.6711738]},"properties":{"id":"jinja_n5284941989","name":"上之島神社","prefecture":null,"family":"unknown","ai":false}},{"type":"Feature","geometry":{"type":"Point","coordinates":[139.6335819,35.7470079]},"properties":{"id":"jinja_n5289055699","name":"八幡神社","prefecture":null,"family":"hachiman","ai":true}},{"type":"Feature","geometry":{"type":"Point","coordinates":[139.6280316,35.7497331]},"properties":{"id":"jinja_n5289056553","name":"御嶽神社","prefecture":null,"family":"unknown","ai":false}},{"type":"Feature","geometry":{"type":"Point","coordinates":[139.6318993,35.7594324]},"properties":{"id":"jinja_n5289085659","name":"北野八幡神社","prefecture":null,"family":"hachiman","ai":false}},{"type":"Feature","geometry":{"type":"Point","coordinates":[139.5120743,35.7527076]},"properties":{"id":"jinja_n5290130608","name":"八幡神社","prefecture":null,"family":"hachiman","ai":true}},{"type":"Feature","geometry":{"type":"Point","coordinates":[139.5120465,35.7526059]},"properties":{"id":"jinja_n5290130609","name":"八坂神社","prefecture":null,"family":"hachiman","ai":true}},{"type":"Feature","geometry":{"type":"Point","coordinates":[139.8673187,35.7920313]},"properties":{"id":"jinja_n5314063676","name":"熊野神社","prefecture":null,"family":"kumano","ai":false}},{"type":"Feature","geometry":{"type":"Point","coordinates":[139.5338303,35.6562721]},"properties":{"id":"jinja_n5346304668","name":"金山彦神社","prefecture":null,"family":"unknown","ai":false}},{"type":"Feature","geometry":{"type":"Point","coordinates":[139.3292961,35.6788705]},"properties":{"id":"jinja_n5372552873","name":"熊野神社","prefecture":null,"family":"kumano","ai":false}},{"type":"Feature","geometry":{"type":"Point","coordinates":[139.3001707,35.6710531]},"properties":{"id":"jinja_n5377343539","name":"住吉神社","prefecture":null,"family":"sumiyoshi","ai":false}},{"type":"Feature","geometry":{"type":"Point","coordinates":[139.2881555,35.6776202]},"properties":{"id":"jinja_n5379882767","name":"諏訪御嶽神社","prefecture":null,"family":"suwa","ai":false}},{"type":"Feature","geometry":{"type":"Point","coordinates":[139.2835562,35.6700661]},"properties":{"id":"jinja_n5382286721","name":"神明神社","prefecture":null,"family":"shinmei_ise","ai":false}},{"type":"Feature","geometry":{"type":"Point","coordinates":[139.3151561,35.6872909]},"properties":{"id":"jinja_n5388930520","name":"甲神社","prefecture":null,"family":"unknown","ai":false}},{"type":"Feature","geometry":{"type":"Point","coordinates":[139.7632495,35.7397766]},"properties":{"id":"jinja_n5401158547","name":"東灌森稲荷神社","prefecture":null,"family":"inari","ai":true}},{"type":"Feature","geometry":{"type":"Point","coordinates":[139.7666455,32.4531674]},"properties":{"id":"jinja_n5412162467","name":"富士様","prefecture":null,"family":"unknown","ai":false}},{"type":"Feature","geometry":{"type":"Point","coordinates":[139.7280204,35.5913695]},"properties":{"id":"jinja_n5417487055","name":"大森山王日枝神社","prefecture":null,"family":"hie_sanno","ai":true}},{"type":"Feature","geometry":{"type":"Point","coordinates":[139.6383757,35.6953628]},"properties":{"id":"jinja_n5419492337","name":"天祖神社","prefecture":null,"family":"unknown","ai":false}},{"type":"Feature","geometry":{"type":"Point","coordinates":[139.7641953,35.7332117]},"properties":{"id":"jinja_n5423177352","name":"向陵稲荷神社","prefecture":null,"family":"inari","ai":false}},{"type":"Feature","geometry":{"type":"Point","coordinates":[139.7048107,35.6896062]},"properties":{"id":"jinja_n5430894529","name":"雷電稲荷神社","prefecture":null,"family":"inari","ai":false}},{"type":"Feature","geometry":{"type":"Point","coordinates":[139.7649948,35.7504494]},"properties":{"id":"jinja_n5434473706","name":"尾久八幡神社","prefecture":null,"family":"hachiman","ai":true}},{"type":"Feature","geometry":{"type":"Point","coordinates":[139.7600237,35.7559672]},"properties":{"id":"jinja_n5434719266","name":"小台天祖神社","prefecture":null,"family":"unknown","ai":false}},{"type":"Feature","geometry":{"type":"Point","coordinates":[139.7502513,35.7546486]},"properties":{"id":"jinja_n5434971199","name":"白山神社","prefecture":null,"family":"hakusan","ai":true}},{"type":"Feature","geometry":{"type":"Point","coordinates":[139.5800529,35.7331656]},"properties":{"id":"jinja_n5440042302","name":"金力自在大善神","prefecture":null,"family":"unknown","ai":false}},{"type":"Feature","geometry":{"type":"Point","coordinates":[139.7335527,35.7317327]},"properties":{"id":"jinja_n5447937956","name":"子安天満宮","prefecture":null,"family":"tenjin","ai":false}},{"type":"Feature","geometry":{"type":"Point","coordinates":[139.323854,35.6508917]},"properties":{"id":"jinja_n5450037560","name":"浅間神社","prefecture":null,"family":"unknown","ai":false}},{"type":"Feature","geometry":{"type":"Point","coordinates":[139.5365938,35.7660003]},"properties":{"id":"jinja_n5450340841","name":"厳島神社","prefecture":null,"family":"munakata","ai":false}},{"type":"Feature","geometry":{"type":"Point","coordinates":[139.5359431,35.762743]},"properties":{"id":"jinja_n5455004239","name":"門前稲荷神社","prefecture":null,"family":"inari","ai":false}},{"type":"Feature","geometry":{"type":"Point","coordinates":[139.7542447,35.7236596]},"properties":{"id":"jinja_n5457575666","name":"秋葉神社","prefecture":"東京都","family":"akiba","ai":false}},{"type":"Feature","geometry":{"type":"Point","coordinates":[139.5140229,35.698604]},"properties":{"id":"jinja_n5461236318","name":"八重垣稲荷神社","prefecture":null,"family":"inari","ai":false}},{"type":"Feature","geometry":{"type":"Point","coordinates":[139.6835563,35.7278689]},"properties":{"id":"jinja_n5467513886","name":"五郎久保稲荷神社","prefecture":null,"family":"inari","ai":false}},{"type":"Feature","geometry":{"type":"Point","coordinates":[139.7402485,35.7299181]},"properties":{"id":"jinja_n5469399901","name":"子育稲荷神社","prefecture":null,"family":"inari","ai":true}},{"type":"Feature","geometry":{"type":"Point","coordinates":[139.7400577,35.730111]},"properties":{"id":"jinja_n5469399902","name":"巣鴨大鳥神社","prefecture":null,"family":"unknown","ai":false}},{"type":"Feature","geometry":{"type":"Point","coordinates":[139.7572147,35.7542235]},"properties":{"id":"jinja_n5470576073","name":"船方神社","prefecture":null,"family":"unknown","ai":true}},{"type":"Feature","geometry":{"type":"Point","coordinates":[139.5596963,35.7542943]},"properties":{"id":"jinja_n5477272198","name":"石碑","prefecture":null,"family":"unknown","ai":false}},{"type":"Feature","geometry":{"type":"Point","coordinates":[139.5837819,35.652439]},"properties":{"id":"jinja_n5495071281","name":null,"prefecture":null,"family":"unknown","ai":false}},{"type":"Feature","geometry":{"type":"Point","coordinates":[139.7800697,35.7678125]},"properties":{"id":"jinja_n5527743767","name":"興野神社","prefecture":null,"family":"unknown","ai":false}},{"type":"Feature","geometry":{"type":"Point","coordinates":[139.7798581,35.7672113]},"properties":{"id":"jinja_n5527743804","name":"三峯神社","prefecture":null,"family":"unknown","ai":false}},{"type":"Feature","geometry":{"type":"Point","coordinates":[139.7925831,35.7677868]},"properties":{"id":"jinja_n5527972695","name":"梅田稲荷神社","prefecture":null,"family":"inari","ai":true}},{"type":"Feature","geometry":{"type":"Point","coordinates":[139.7990586,35.796318]},"properties":{"id":"jinja_n5534032221","name":"氷川神社","prefecture":null,"family":"unknown","ai":false}},{"type":"Feature","geometry":{"type":"Point","coordinates":[139.768955,35.8033923]},"properties":{"id":"jinja_n5534457285","name":"入谷北野神社","prefecture":null,"family":"unknown","ai":false}},{"type":"Feature","geometry":{"type":"Point","coordinates":[139.7834833,35.7851064]},"properties":{"id":"jinja_n5535328500","name":"雷神社","prefecture":null,"family":"unknown","ai":false}},{"type":"Feature","geometry":{"type":"Point","coordinates":[139.7789117,35.8051192]},"properties":{"id":"jinja_n5535554754","name":"古千谷氷川神社","prefecture":null,"family":"unknown","ai":false}},{"type":"Feature","geometry":{"type":"Point","coordinates":[139.782931,35.7994032]},"properties":{"id":"jinja_n5535554786","name":"菅原神社","prefecture":null,"family":"unknown","ai":false}},{"type":"Feature","geometry":{"type":"Point","coordinates":[139.7696411,35.8097652]},"properties":{"id":"jinja_n5536012329","name":"舎人天神社","prefecture":null,"family":"tenjin","ai":false}},{"type":"Feature","geometry":{"type":"Point","coordinates":[139.7734306,35.8109455]},"properties":{"id":"jinja_n5536012536","name":"舎人諏訪神社","prefecture":null,"family":"suwa","ai":false}},{"type":"Feature","geometry":{"type":"Point","coordinates":[139.2941898,35.8305943]},"properties":{"id":"jinja_n5537930946","name":"愛宕神社","prefecture":null,"family":"atago","ai":false}},{"type":"Feature","geometry":{"type":"Point","coordinates":[139.7511561,35.7312141]},"properties":{"id":"jinja_n5549843799","name":"駒込富士神社","prefecture":null,"family":"unknown","ai":true}},{"type":"Feature","geometry":{"type":"Point","coordinates":[139.7468582,35.759677]},"properties":{"id":"jinja_n5550079612","name":"若宮八幡神社","prefecture":null,"family":"hachiman","ai":false}},{"type":"Feature","geometry":{"type":"Point","coordinates":[139.3510247,35.7765585]},"properties":{"id":"jinja_n5554550374","name":"狭山神社","prefecture":null,"family":"unknown","ai":false}},{"type":"Feature","geometry":{"type":"Point","coordinates":[139.7691973,35.7164774]},"properties":{"id":"jinja_n5571711434","name":"花姫稲荷神社","prefecture":null,"family":"inari","ai":false}},{"type":"Feature","geometry":{"type":"Point","coordinates":[139.7578381,35.7341203]},"properties":{"id":"jinja_n5583019321","name":"水神稲荷神社","prefecture":null,"family":"inari","ai":false}},{"type":"Feature","geometry":{"type":"Point","coordinates":[139.7558791,35.7362303]},"properties":{"id":"jinja_n5583019389","name":"日枝神社","prefecture":null,"family":"hie_sanno","ai":true}},{"type":"Feature","geometry":{"type":"Point","coordinates":[139.4789009,35.5418482]},"properties":{"id":"jinja_n5583640251","name":null,"prefecture":null,"family":"unknown","ai":false}},{"type":"Feature","geometry":{"type":"Point","coordinates":[139.7830646,35.7293428]},"properties":{"id":"jinja_n5600173260","name":"神々森猿田彦神社","prefecture":null,"family":"unknown","ai":false}},{"type":"Feature","geometry":{"type":"Point","coordinates":[139.7254705,35.5649718]},"properties":{"id":"jinja_n5601218761","name":"椿神社","prefecture":null,"family":"unknown","ai":true}},{"type":"Feature","geometry":{"type":"Point","coordinates":[139.4139913,35.6894237]},"properties":{"id":"jinja_n5603354721","name":"第六天神社","prefecture":null,"family":"unknown","ai":false}},{"type":"Feature","geometry":{"type":"Point","coordinates":[139.4913212,35.5785624]},"properties":{"id":"jinja_n5614821899","name":null,"prefecture":null,"family":"unknown","ai":false}},{"type":"Feature","geometry":{"type":"Point","coordinates":[139.6823263,35.6260272]},"properties":{"id":"jinja_n5617180552","name":"碑文谷 厳島神社","prefecture":"東京都","family":"munakata","ai":false}},{"type":"Feature","geometry":{"type":"Point","coordinates":[139.7631352,35.7451704]},"properties":{"id":"jinja_n5617483565","name":"山谷の神明社","prefecture":null,"family":"shinmei_ise","ai":false}},{"type":"Feature","geometry":{"type":"Point","coordinates":[139.7340886,35.6191597]},"properties":{"id":"jinja_n5630691092","name":"清水稲荷神社","prefecture":null,"family":"inari","ai":false}},{"type":"Feature","geometry":{"type":"Point","coordinates":[139.7299492,35.5760019]},"properties":{"id":"jinja_n5634189879","name":"諏訪神社","prefecture":null,"family":"suwa","ai":false}},{"type":"Feature","geometry":{"type":"Point","coordinates":[139.8565032,35.7447712]},"properties":{"id":"jinja_n5634968980","name":"福森稲荷神社","prefecture":null,"family":"inari","ai":false}},{"type":"Feature","geometry":{"type":"Point","coordinates":[139.8481652,35.7407537]},"properties":{"id":"jinja_n5635008515","name":"梅田稲荷神社","prefecture":null,"family":"inari","ai":false}},{"type":"Feature","geometry":{"type":"Point","coordinates":[139.8083762,35.7297671]},"properties":{"id":"jinja_n5641851782","name":"石浜神社","prefecture":null,"family":"unknown","ai":true}},{"type":"Feature","geometry":{"type":"Point","coordinates":[139.8227053,35.7630824]},"properties":{"id":"jinja_n5650254066","name":"綾瀬稲荷神社","prefecture":"東京都","family":"inari","ai":true}},{"type":"Feature","geometry":{"type":"Point","coordinates":[139.8409641,35.7671664]},"properties":{"id":"jinja_n5650254367","name":"北三谷稲荷神社","prefecture":null,"family":"inari","ai":false}},{"type":"Feature","geometry":{"type":"Point","coordinates":[139.3301878,35.6482152]},"properties":{"id":"jinja_n5657590942","name":"姫龍神","prefecture":null,"family":"unknown","ai":false}},{"type":"Feature","geometry":{"type":"Point","coordinates":[139.7983122,35.7193173]},"properties":{"id":"jinja_n5657714165","name":null,"prefecture":null,"family":"unknown","ai":false}},{"type":"Feature","geometry":{"type":"Point","coordinates":[139.3202989,35.6950306]},"properties":{"id":"jinja_n5657768470","name":"神明神社","prefecture":null,"family":"shinmei_ise","ai":false}},{"type":"Feature","geometry":{"type":"Point","coordinates":[139.8202084,35.8092584]},"properties":{"id":"jinja_n5664092900","name":"大鷲神社","prefecture":null,"family":"unknown","ai":false}},{"type":"Feature","geometry":{"type":"Point","coordinates":[139.7812133,35.7178032]},"properties":{"id":"jinja_n5674849958","name":"三峯神社","prefecture":null,"family":"unknown","ai":false}},{"type":"Feature","geometry":{"type":"Point","coordinates":[139.7895737,35.7150531]},"properties":{"id":"jinja_n5675197545","name":"日枝神社","prefecture":null,"family":"hie_sanno","ai":false}},{"type":"Feature","geometry":{"type":"Point","coordinates":[139.7323976,35.7836113]},"properties":{"id":"jinja_n5678877062","name":"志茂熊野神社","prefecture":null,"family":"kumano","ai":true}},{"type":"Feature","geometry":{"type":"Point","coordinates":[139.7014588,35.7705268]},"properties":{"id":"jinja_n5679053251","name":"氷川神社","prefecture":null,"family":"gion_yasaka","ai":true}},{"type":"Feature","geometry":{"type":"Point","coordinates":[139.3314272,35.6258286]},"properties":{"id":"jinja_n5689281433","name":"熊野神社","prefecture":null,"family":"kumano","ai":false}},{"type":"Feature","geometry":{"type":"Point","coordinates":[139.7138194,35.6724419]},"properties":{"id":"jinja_n5689780703","name":"赤房稲荷神;秋葉神社","prefecture":null,"family":"inari","ai":false}},{"type":"Feature","geometry":{"type":"Point","coordinates":[139.7138179,35.6724716]},"properties":{"id":"jinja_n5689780706","name":"御嶽神社;伏見稲荷神社","prefecture":null,"family":"inari","ai":false}},{"type":"Feature","geometry":{"type":"Point","coordinates":[139.7205842,35.7712425]},"properties":{"id":"jinja_n5690522690","name":"香取神社","prefecture":null,"family":"kashima_katori","ai":true}},{"type":"Feature","geometry":{"type":"Point","coordinates":[139.3877709,35.6631492]},"properties":{"id":"jinja_n5692870144","name":"若宮神社","prefecture":null,"family":"unknown","ai":false}},{"type":"Feature","geometry":{"type":"Point","coordinates":[139.826086,35.7906204]},"properties":{"id":"jinja_n5695943603","name":"七面大明神","prefecture":null,"family":"unknown","ai":false}},{"type":"Feature","geometry":{"type":"Point","coordinates":[139.8357093,35.7973064]},"properties":{"id":"jinja_n5695950893","name":"天祖神社","prefecture":null,"family":"shinmei_ise","ai":true}},{"type":"Feature","geometry":{"type":"Point","coordinates":[139.8430465,35.7980769]},"properties":{"id":"jinja_n5695951263","name":"六木諏訪神社","prefecture":null,"family":"suwa","ai":false}},{"type":"Feature","geometry":{"type":"Point","coordinates":[139.8277351,35.7613427]},"properties":{"id":"jinja_n5697153062","name":"綾瀬北野神社","prefecture":null,"family":"unknown","ai":false}},{"type":"Feature","geometry":{"type":"Point","coordinates":[139.8569184,35.7611415]},"properties":{"id":"jinja_n5702226010","name":null,"prefecture":null,"family":"unknown","ai":false}},{"type":"Feature","geometry":{"type":"Point","coordinates":[139.8570359,35.7596128]},"properties":{"id":"jinja_n5702226139","name":"新宿日枝神社","prefecture":null,"family":"hie_sanno","ai":true}},{"type":"Feature","geometry":{"type":"Point","coordinates":[139.5945769,35.7374752]},"properties":{"id":"jinja_n5705076909","name":"三宝寺池厳島神社","prefecture":null,"family":"munakata","ai":false}},{"type":"Feature","geometry":{"type":"Point","coordinates":[139.5946307,35.737296]},"properties":{"id":"jinja_n5705076910","name":"宇賀神社 穴弁天","prefecture":null,"family":"unknown","ai":false}},{"type":"Feature","geometry":{"type":"Point","coordinates":[139.5951851,35.737579]},"properties":{"id":"jinja_n5705076911","name":"水神社","prefecture":null,"family":"unknown","ai":false}},{"type":"Feature","geometry":{"type":"Point","coordinates":[139.720655,35.6127233]},"properties":{"id":"jinja_n5713214506","name":"笠森稲荷神社","prefecture":null,"family":"inari","ai":false}},{"type":"Feature","geometry":{"type":"Point","coordinates":[139.7577156,35.791941]},"properties":{"id":"jinja_n5720412993","name":null,"prefecture":null,"family":"unknown","ai":false}},{"type":"Feature","geometry":{"type":"Point","coordinates":[139.8306557,35.7498912]},"properties":{"id":"jinja_n5726410100","name":"堀切氷川神社","prefecture":null,"family":"gion_yasaka","ai":true}},{"type":"Feature","geometry":{"type":"Point","coordinates":[139.8373337,35.7695047]},"properties":{"id":"jinja_n5726707325","name":null,"prefecture":null,"family":"unknown","ai":false}},{"type":"Feature","geometry":{"type":"Point","coordinates":[139.850366,35.7385498]},"properties":{"id":"jinja_n5728309732","name":"立石諏訪神社","prefecture":null,"family":"suwa","ai":false}},{"type":"Feature","geometry":{"type":"Point","coordinates":[139.8886334,35.7352702]},"properties":{"id":"jinja_n5731483228","name":"小岩神社","prefecture":null,"family":"unknown","ai":true}},{"type":"Feature","geometry":{"type":"Point","coordinates":[139.8854275,35.7494294]},"properties":{"id":"jinja_n5731532251","name":"小岩田八幡神社","prefecture":null,"family":"hachiman","ai":false}},{"type":"Feature","geometry":{"type":"Point","coordinates":[139.8948508,35.7232971]},"properties":{"id":"jinja_n5731707814","name":null,"prefecture":null,"family":"unknown","ai":false}},{"type":"Feature","geometry":{"type":"Point","coordinates":[139.8863598,35.712198]},"properties":{"id":"jinja_n5731765376","name":null,"prefecture":null,"family":"unknown","ai":false}},{"type":"Feature","geometry":{"type":"Point","coordinates":[139.8875908,35.7200111]},"properties":{"id":"jinja_n5731805070","name":null,"prefecture":null,"family":"unknown","ai":false}},{"type":"Feature","geometry":{"type":"Point","coordinates":[139.885049,35.7063412]},"properties":{"id":"jinja_n5731805628","name":"日枝神社","prefecture":null,"family":"hie_sanno","ai":false}},{"type":"Feature","geometry":{"type":"Point","coordinates":[139.8810749,35.6675874]},"properties":{"id":"jinja_n5733836426","name":"大当稲荷神社","prefecture":null,"family":"inari","ai":false}},{"type":"Feature","geometry":{"type":"Point","coordinates":[139.8718241,35.6942994]},"properties":{"id":"jinja_n5743610001","name":"白山神社","prefecture":null,"family":"hakusan","ai":false}},{"type":"Feature","geometry":{"type":"Point","coordinates":[139.8115891,35.7641989]},"properties":{"id":"jinja_n5745528454","name":"西之宮稲荷神社","prefecture":null,"family":"inari","ai":true}},{"type":"Feature","geometry":{"type":"Point","coordinates":[139.8626476,35.6985452]},"properties":{"id":"jinja_n5745592074","name":"諏訪神社","prefecture":null,"family":"suwa","ai":false}},{"type":"Feature","geometry":{"type":"Point","coordinates":[139.8621881,35.6994165]},"properties":{"id":"jinja_n5745592084","name":null,"prefecture":null,"family":"unknown","ai":false}},{"type":"Feature","geometry":{"type":"Point","coordinates":[139.8792571,35.6977666]},"properties":{"id":"jinja_n5745592367","name":"日枝金山神社","prefecture":null,"family":"hie_sanno","ai":false}},{"type":"Feature","geometry":{"type":"Point","coordinates":[139.8480638,35.6961971]},"properties":{"id":"jinja_n5746657968","name":"小松川神社","prefecture":null,"family":"shinmei_ise","ai":true}},{"type":"Feature","geometry":{"type":"Point","coordinates":[139.8391727,35.7080784]},"properties":{"id":"jinja_n5747966949","name":"平井諏訪神社","prefecture":null,"family":"suwa","ai":true}},{"type":"Feature","geometry":{"type":"Point","coordinates":[139.8434115,35.7008865]},"properties":{"id":"jinja_n5747967163","name":"白髭神社","prefecture":null,"family":"unknown","ai":false}},{"type":"Feature","geometry":{"type":"Point","coordinates":[139.8424352,35.7008733]},"properties":{"id":"jinja_n5747967170","name":"浅間神社","prefecture":null,"family":"unknown","ai":false}},{"type":"Feature","geometry":{"type":"Point","coordinates":[139.836841,35.7112159]},"properties":{"id":"jinja_n5749125646","name":"白髭神社","prefecture":null,"family":"unknown","ai":false}},{"type":"Feature","geometry":{"type":"Point","coordinates":[139.8153596,35.7140645]},"properties":{"id":"jinja_n5749125988","name":"飛木稲荷神社","prefecture":null,"family":"inari","ai":true}},{"type":"Feature","geometry":{"type":"Point","coordinates":[139.8151922,35.7147567]},"properties":{"id":"jinja_n5749126130","name":"高木神社","prefecture":null,"family":"unknown","ai":true}},{"type":"Feature","geometry":{"type":"Point","coordinates":[139.7821871,35.6456787]},"properties":{"id":"jinja_n5754123703","name":"魚河岸水神社","prefecture":null,"family":"unknown","ai":false}},{"type":"Feature","geometry":{"type":"Point","coordinates":[139.8335593,35.7906834]},"properties":{"id":"jinja_n5758756084","name":"辰沼稲荷神社","prefecture":null,"family":"inari","ai":false}},{"type":"Feature","geometry":{"type":"Point","coordinates":[139.6266581,35.7510438]},"properties":{"id":"jinja_n5759821386","name":null,"prefecture":null,"family":"unknown","ai":false}},{"type":"Feature","geometry":{"type":"Point","coordinates":[139.7119273,35.6160037]},"properties":{"id":"jinja_n5760207556","name":"一本杉元八幡神社","prefecture":null,"family":"hachiman","ai":false}},{"type":"Feature","geometry":{"type":"Point","coordinates":[139.7620581,35.7749154]},"properties":{"id":"jinja_n5762877997","name":null,"prefecture":null,"family":"unknown","ai":false}},{"type":"Feature","geometry":{"type":"Point","coordinates":[139.7099487,35.6203089]},"properties":{"id":"jinja_n5774567230","name":"京極稲荷神社","prefecture":null,"family":"inari","ai":false}},{"type":"Feature","geometry":{"type":"Point","coordinates":[139.6766456,35.7809796]},"properties":{"id":"jinja_n5779852323","name":"氷川神社","prefecture":null,"family":"unknown","ai":false}},{"type":"Feature","geometry":{"type":"Point","coordinates":[139.3638269,35.7682127]},"properties":{"id":"jinja_n5785320214","name":"須賀神社","prefecture":null,"family":"unknown","ai":false}},{"type":"Feature","geometry":{"type":"Point","coordinates":[139.3550948,35.7782144]},"properties":{"id":"jinja_n5786020613","name":"浅間神社","prefecture":null,"family":"unknown","ai":false}},{"type":"Feature","geometry":{"type":"Point","coordinates":[139.3545587,35.7773167]},"properties":{"id":"jinja_n5786020614","name":"八雲神社","prefecture":null,"family":"unknown","ai":false}},{"type":"Feature","geometry":{"type":"Point","coordinates":[139.7448257,35.7643629]},"properties":{"id":"jinja_n5811932353","name":"紀州神社","prefecture":null,"family":"unknown","ai":true}},{"type":"Feature","geometry":{"type":"Point","coordinates":[139.2424044,35.783287]},"properties":{"id":"jinja_n5825129335","name":"畑中神社","prefecture":null,"family":"unknown","ai":false}},{"type":"Feature","geometry":{"type":"Point","coordinates":[139.8406345,35.6765032]},"properties":{"id":"jinja_n5829109323","name":null,"prefecture":null,"family":"unknown","ai":false}},{"type":"Feature","geometry":{"type":"Point","coordinates":[139.2924497,35.766256]},"properties":{"id":"jinja_n5837864209","name":"八雲神社","prefecture":null,"family":"unknown","ai":false}},{"type":"Feature","geometry":{"type":"Point","coordinates":[139.8305739,35.6818473]},"properties":{"id":"jinja_n5838232873","name":"治兵衛稲荷神社","prefecture":null,"family":"inari","ai":false}},{"type":"Feature","geometry":{"type":"Point","coordinates":[139.8266407,35.6775924]},"properties":{"id":"jinja_n5838232974","name":null,"prefecture":null,"family":"unknown","ai":false}},{"type":"Feature","geometry":{"type":"Point","coordinates":[139.7348991,35.7108585]},"properties":{"id":"jinja_n5853863456","name":"小日向神社","prefecture":null,"family":"hachiman","ai":true}},{"type":"Feature","geometry":{"type":"Point","coordinates":[139.6954111,35.7300703]},"properties":{"id":"jinja_n5861926214","name":"御嶽神社","prefecture":null,"family":"unknown","ai":false}},{"type":"Feature","geometry":{"type":"Point","coordinates":[139.6943482,35.7298106]},"properties":{"id":"jinja_n5861926221","name":"長崎八幡神社","prefecture":null,"family":"hachiman","ai":false}},{"type":"Feature","geometry":{"type":"Point","coordinates":[139.7515885,35.6682295]},"properties":{"id":"jinja_n5864638996","name":"豊繁稲荷","prefecture":null,"family":"inari","ai":false}},{"type":"Feature","geometry":{"type":"Point","coordinates":[139.7072772,35.6569672]},"properties":{"id":"jinja_n5876393063","name":"金王八幡宮 鳥居","prefecture":null,"family":"hachiman","ai":false}},{"type":"Feature","geometry":{"type":"Point","coordinates":[139.7459232,35.6605641]},"properties":{"id":"jinja_n5884771763","name":"幸稲荷神社","prefecture":null,"family":"inari","ai":false}},{"type":"Feature","geometry":{"type":"Point","coordinates":[139.714071,35.7145145]},"properties":{"id":"jinja_n5892004189","name":"氷川神社","prefecture":null,"family":"gion_yasaka","ai":true}},{"type":"Feature","geometry":{"type":"Point","coordinates":[139.7139714,35.7146041]},"properties":{"id":"jinja_n5892004194","name":"高田姫稲荷神社","prefecture":null,"family":"inari","ai":false}},{"type":"Feature","geometry":{"type":"Point","coordinates":[139.7112808,35.696436]},"properties":{"id":"jinja_n5896227112","name":null,"prefecture":null,"family":"unknown","ai":false}},{"type":"Feature","geometry":{"type":"Point","coordinates":[139.7090925,35.7478947]},"properties":{"id":"jinja_n5913730285","name":"子易神社","prefecture":null,"family":"unknown","ai":true}},{"type":"Feature","geometry":{"type":"Point","coordinates":[139.6703332,35.6326062]},"properties":{"id":"jinja_n5921740312","name":"野沢稲荷神社","prefecture":null,"family":"inari","ai":true}},{"type":"Feature","geometry":{"type":"Point","coordinates":[139.7102885,35.5505921]},"properties":{"id":"jinja_n5922388178","name":"白山神社","prefecture":null,"family":"hakusan","ai":false}},{"type":"Feature","geometry":{"type":"Point","coordinates":[139.7082978,35.577807]},"properties":{"id":"jinja_n5928692074","name":"堤方神社","prefecture":null,"family":"unknown","ai":false}},{"type":"Feature","geometry":{"type":"Point","coordinates":[139.7167737,35.6244138]},"properties":{"id":"jinja_n5940840569","name":null,"prefecture":null,"family":"unknown","ai":false}},{"type":"Feature","geometry":{"type":"Point","coordinates":[139.7430724,35.6059116]},"properties":{"id":"jinja_n5960074057","name":"青雲稲荷神社","prefecture":null,"family":"inari","ai":false}},{"type":"Feature","geometry":{"type":"Point","coordinates":[139.7305975,35.706294]},"properties":{"id":"jinja_n5960582488","name":null,"prefecture":null,"family":"unknown","ai":false}},{"type":"Feature","geometry":{"type":"Point","coordinates":[139.6979869,35.6429917]},"properties":{"id":"jinja_n5965359277","name":null,"prefecture":null,"family":"unknown","ai":false}},{"type":"Feature","geometry":{"type":"Point","coordinates":[139.7277352,35.6015312]},"properties":{"id":"jinja_n5965447566","name":"万作神社","prefecture":null,"family":"unknown","ai":false}},{"type":"Feature","geometry":{"type":"Point","coordinates":[139.6851711,35.600683]},"properties":{"id":"jinja_n5965645341","name":"出穂山稲荷大明神","prefecture":null,"family":"inari","ai":false}},{"type":"Feature","geometry":{"type":"Point","coordinates":[139.7834549,35.691857]},"properties":{"id":"jinja_n5966041662","name":"玉尾稲荷神社","prefecture":null,"family":"inari","ai":false}},{"type":"Feature","geometry":{"type":"Point","coordinates":[139.7160778,35.6887658]},"properties":{"id":"jinja_n5971809829","name":"田安鎮護稲荷神社","prefecture":null,"family":"inari","ai":false}},{"type":"Feature","geometry":{"type":"Point","coordinates":[139.6108907,35.6223828]},"properties":{"id":"jinja_n5973486380","name":null,"prefecture":null,"family":"unknown","ai":false}},{"type":"Feature","geometry":{"type":"Point","coordinates":[139.679039,35.6162059]},"properties":{"id":"jinja_n5990448336","name":null,"prefecture":null,"family":"unknown","ai":false}},{"type":"Feature","geometry":{"type":"Point","coordinates":[141.3241162,24.7902011]},"properties":{"id":"jinja_n5996386833","name":"硫黄島神社","prefecture":null,"family":"unknown","ai":false}},{"type":"Feature","geometry":{"type":"Point","coordinates":[139.2640445,35.7782866]},"properties":{"id":"jinja_n6002064224","name":"天祖神社","prefecture":null,"family":"unknown","ai":false}},{"type":"Feature","geometry":{"type":"Point","coordinates":[139.647635,35.6425939]},"properties":{"id":"jinja_n6004902950","name":"天祖神社","prefecture":null,"family":"shinmei_ise","ai":true}},{"type":"Feature","geometry":{"type":"Point","coordinates":[139.6437764,35.7650676]},"properties":{"id":"jinja_n6019602281","name":"愛宕神社","prefecture":null,"family":"atago","ai":true}},{"type":"Feature","geometry":{"type":"Point","coordinates":[139.6132777,35.768084]},"properties":{"id":"jinja_n6021901152","name":"土支田八幡宮","prefecture":"東京都","family":"hachiman","ai":true}},{"type":"Feature","geometry":{"type":"Point","coordinates":[139.6748973,35.6909841]},"properties":{"id":"jinja_n6039063553","name":"藤神稲荷","prefecture":null,"family":"inari","ai":false}},{"type":"Feature","geometry":{"type":"Point","coordinates":[139.2845633,35.6444914]},"properties":{"id":"jinja_n6041099438","name":"熊野神社","prefecture":null,"family":"kumano","ai":false}},{"type":"Feature","geometry":{"type":"Point","coordinates":[139.3066978,35.6284455]},"properties":{"id":"jinja_n6051279825","name":"榛名神社","prefecture":null,"family":"unknown","ai":false}},{"type":"Feature","geometry":{"type":"Point","coordinates":[139.7291515,35.7112341]},"properties":{"id":"jinja_n6054892585","name":"正八幡神社","prefecture":null,"family":"hachiman","ai":true}},{"type":"Feature","geometry":{"type":"Point","coordinates":[139.6940146,35.7235899]},"properties":{"id":"jinja_n6073137296","name":"天祖神社","prefecture":null,"family":"shinmei_ise","ai":false}},{"type":"Feature","geometry":{"type":"Point","coordinates":[139.6382927,35.7216123]},"properties":{"id":"jinja_n6110314135","name":"鷺宮八幡神社","prefecture":null,"family":"hachiman","ai":true}},{"type":"Feature","geometry":{"type":"Point","coordinates":[139.8770291,35.7137952]},"properties":{"id":"jinja_n6110395287","name":"松本弁天","prefecture":null,"family":"unknown","ai":false}},{"type":"Feature","geometry":{"type":"Point","coordinates":[139.6770628,35.6991811]},"properties":{"id":"jinja_n6123250157","name":"明徳稲荷神社","prefecture":null,"family":"inari","ai":false}},{"type":"Feature","geometry":{"type":"Point","coordinates":[139.866924,35.7115659]},"properties":{"id":"jinja_n6125596826","name":"新小岩香取神社","prefecture":null,"family":"kashima_katori","ai":true}},{"type":"Feature","geometry":{"type":"Point","coordinates":[139.8669998,35.7115131]},"properties":{"id":"jinja_n6125596827","name":"鷲神社","prefecture":null,"family":"unknown","ai":false}},{"type":"Feature","geometry":{"type":"Point","coordinates":[139.6958676,35.7202505]},"properties":{"id":"jinja_n6126030203","name":"大六天社","prefecture":null,"family":"unknown","ai":false}},{"type":"Feature","geometry":{"type":"Point","coordinates":[139.7354152,35.5764063]},"properties":{"id":"jinja_n6126202085","name":"最勝稲荷大明神","prefecture":null,"family":"inari","ai":false}},{"type":"Feature","geometry":{"type":"Point","coordinates":[139.7386996,35.5971979]},"properties":{"id":"jinja_n6126222913","name":"南稲荷神社","prefecture":null,"family":"inari","ai":false}},{"type":"Feature","geometry":{"type":"Point","coordinates":[139.7390583,35.5975468]},"properties":{"id":"jinja_n6126222919","name":"厳島神社","prefecture":null,"family":"munakata","ai":false}},{"type":"Feature","geometry":{"type":"Point","coordinates":[139.7370654,35.5928172]},"properties":{"id":"jinja_n6126222933","name":"浜川神社","prefecture":null,"family":"gion_yasaka","ai":true}},{"type":"Feature","geometry":{"type":"Point","coordinates":[139.7408748,35.601382]},"properties":{"id":"jinja_n6126283132","name":"稲荷神社","prefecture":null,"family":"inari","ai":false}},{"type":"Feature","geometry":{"type":"Point","coordinates":[139.7413892,35.6430508]},"properties":{"id":"jinja_n6126527706","name":"御嶽神社","prefecture":null,"family":"unknown","ai":false}},{"type":"Feature","geometry":{"type":"Point","coordinates":[139.7413731,35.6430252]},"properties":{"id":"jinja_n6126527707","name":"五光稲荷神社","prefecture":null,"family":"inari","ai":false}},{"type":"Feature","geometry":{"type":"Point","coordinates":[139.898813,35.6894746]},"properties":{"id":"jinja_n6129996030","name":"豊田神社","prefecture":null,"family":"kashima_katori","ai":true}},{"type":"Feature","geometry":{"type":"Point","coordinates":[139.4450042,35.7311621]},"properties":{"id":"jinja_n6135577791","name":"日枝神社","prefecture":null,"family":"hie_sanno","ai":true}},{"type":"Feature","geometry":{"type":"Point","coordinates":[139.4490294,35.7325643]},"properties":{"id":"jinja_n6135577812","name":"小平神明宮","prefecture":null,"family":"shinmei_ise","ai":true}},{"type":"Feature","geometry":{"type":"Point","coordinates":[139.6575409,35.7000145]},"properties":{"id":"jinja_n6137151898","name":"天祖神社","prefecture":null,"family":"shinmei_ise","ai":true}},{"type":"Feature","geometry":{"type":"Point","coordinates":[139.5866056,35.7085265]},"properties":{"id":"jinja_n6146875228","name":null,"prefecture":null,"family":"unknown","ai":false}},{"type":"Feature","geometry":{"type":"Point","coordinates":[139.6355823,35.7420593]},"properties":{"id":"jinja_n6151382051","name":null,"prefecture":null,"family":"unknown","ai":false}},{"type":"Feature","geometry":{"type":"Point","coordinates":[139.6365406,35.7413908]},"properties":{"id":"jinja_n6151382072","name":null,"prefecture":null,"family":"unknown","ai":false}},{"type":"Feature","geometry":{"type":"Point","coordinates":[139.6505646,35.7141859]},"properties":{"id":"jinja_n6152812361","name":"八幡神社","prefecture":null,"family":"hachiman","ai":true}},{"type":"Feature","geometry":{"type":"Point","coordinates":[139.7790501,35.6811489]},"properties":{"id":"jinja_n6155692904","name":"大部芳之介氏顕彰碑;明徳稲荷神社","prefecture":null,"family":"inari","ai":false}},{"type":"Feature","geometry":{"type":"Point","coordinates":[139.5503089,35.7438019]},"properties":{"id":"jinja_n6158841081","name":"尉殿神社","prefecture":null,"family":"unknown","ai":true}},{"type":"Feature","geometry":{"type":"Point","coordinates":[139.6927647,35.7573779]},"properties":{"id":"jinja_n6170219491","name":null,"prefecture":null,"family":"unknown","ai":false}},{"type":"Feature","geometry":{"type":"Point","coordinates":[139.7010981,35.7594007]},"properties":{"id":"jinja_n6170225006","name":"氷川神社","prefecture":null,"family":"gion_yasaka","ai":true}},{"type":"Feature","geometry":{"type":"Point","coordinates":[139.682643,35.7547438]},"properties":{"id":"jinja_n6179312617","name":"氷川神社","prefecture":null,"family":"gion_yasaka","ai":true}},{"type":"Feature","geometry":{"type":"Point","coordinates":[139.6421593,35.6026717]},"properties":{"id":"jinja_n6188968885","name":"野毛六所神社","prefecture":"東京都","family":"unknown","ai":true}},{"type":"Feature","geometry":{"type":"Point","coordinates":[139.4834403,34.0701149]},"properties":{"id":"jinja_n6203959843","name":"八十司神社","prefecture":null,"family":"unknown","ai":false}},{"type":"Feature","geometry":{"type":"Point","coordinates":[139.4813052,34.0678836]},"properties":{"id":"jinja_n6203959844","name":null,"prefecture":null,"family":"unknown","ai":false}},{"type":"Feature","geometry":{"type":"Point","coordinates":[139.7383043,35.7152845]},"properties":{"id":"jinja_n6204822787","name":null,"prefecture":null,"family":"unknown","ai":false}},{"type":"Feature","geometry":{"type":"Point","coordinates":[139.7281295,35.5987242]},"properties":{"id":"jinja_n6222188892","name":"瀧王子稲荷神社","prefecture":null,"family":"inari","ai":false}},{"type":"Feature","geometry":{"type":"Point","coordinates":[139.3481618,35.6830565]},"properties":{"id":"jinja_n6232759915","name":"埼玉神社","prefecture":null,"family":"unknown","ai":false}},{"type":"Feature","geometry":{"type":"Point","coordinates":[139.3458046,35.6789883]},"properties":{"id":"jinja_n6232781332","name":"八幡神社","prefecture":null,"family":"hachiman","ai":false}},{"type":"Feature","geometry":{"type":"Point","coordinates":[139.7933905,35.6768891]},"properties":{"id":"jinja_n6241479258","name":"八房海上稲荷神社","prefecture":null,"family":"inari","ai":false}},{"type":"Feature","geometry":{"type":"Point","coordinates":[139.7069086,35.7565222]},"properties":{"id":"jinja_n6253698476","name":"氷川神社","prefecture":null,"family":"gion_yasaka","ai":true}},{"type":"Feature","geometry":{"type":"Point","coordinates":[139.7454423,35.7068718]},"properties":{"id":"jinja_n6253926154","name":"諏訪神社","prefecture":null,"family":"suwa","ai":true}},{"type":"Feature","geometry":{"type":"Point","coordinates":[139.6843488,35.7853379]},"properties":{"id":"jinja_n6256039725","name":"氷川神社","prefecture":null,"family":"unknown","ai":false}},{"type":"Feature","geometry":{"type":"Point","coordinates":[139.6759539,35.7688092]},"properties":{"id":"jinja_n6264019122","name":"稲荷神社","prefecture":null,"family":"inari","ai":true}},{"type":"Feature","geometry":{"type":"Point","coordinates":[139.7052092,35.6978699]},"properties":{"id":"jinja_n6266972524","name":"恵比壽神社","prefecture":null,"family":"unknown","ai":false}},{"type":"Feature","geometry":{"type":"Point","coordinates":[139.668891,35.7783264]},"properties":{"id":"jinja_n6268640328","name":"天祖神社","prefecture":null,"family":"shinmei_ise","ai":true}},{"type":"Feature","geometry":{"type":"Point","coordinates":[139.6856394,35.617522]},"properties":{"id":"jinja_n6270726588","name":"稲荷神社","prefecture":null,"family":"inari","ai":false}},{"type":"Feature","geometry":{"type":"Point","coordinates":[139.5437481,35.6552403]},"properties":{"id":"jinja_n6276467719","name":"正一位 稲荷大明神","prefecture":null,"family":"inari","ai":false}},{"type":"Feature","geometry":{"type":"Point","coordinates":[139.7498579,35.5464519]},"properties":{"id":"jinja_n6285786897","name":"藤崎稲荷神社","prefecture":null,"family":"inari","ai":false}},{"type":"Feature","geometry":{"type":"Point","coordinates":[139.7325264,35.7019282]},"properties":{"id":"jinja_n6289073256","name":"矢来町秋葉神社","prefecture":null,"family":"akiba","ai":false}},{"type":"Feature","geometry":{"type":"Point","coordinates":[139.5945284,35.7585589]},"properties":{"id":"jinja_n6295770842","name":"氷川神社","prefecture":null,"family":"unknown","ai":false}},{"type":"Feature","geometry":{"type":"Point","coordinates":[139.4474896,35.5841754]},"properties":{"id":"jinja_n6306113567","name":"野津田神社","prefecture":null,"family":"unknown","ai":false}},{"type":"Feature","geometry":{"type":"Point","coordinates":[139.1443592,35.7812844]},"properties":{"id":"jinja_n6312170295","name":null,"prefecture":null,"family":"unknown","ai":false}},{"type":"Feature","geometry":{"type":"Point","coordinates":[139.5836878,35.7519967]},"properties":{"id":"jinja_n6325092858","name":"北野神社","prefecture":null,"family":"tenjin","ai":true}},{"type":"Feature","geometry":{"type":"Point","coordinates":[139.4458426,35.6143898]},"properties":{"id":"jinja_n6325744247","name":"愛宕神社","prefecture":null,"family":"atago","ai":false}},{"type":"Feature","geometry":{"type":"Point","coordinates":[139.5805235,35.7558341]},"properties":{"id":"jinja_n6325886311","name":"諏訪神社","prefecture":null,"family":"suwa","ai":true}},{"type":"Feature","geometry":{"type":"Point","coordinates":[139.1432367,35.7762754]},"properties":{"id":"jinja_n6328203195","name":null,"prefecture":null,"family":"unknown","ai":false}},{"type":"Feature","geometry":{"type":"Point","coordinates":[139.1609006,35.7959856]},"properties":{"id":"jinja_n6328203218","name":null,"prefecture":null,"family":"unknown","ai":false}},{"type":"Feature","geometry":{"type":"Point","coordinates":[139.5740785,35.6372579]},"properties":{"id":"jinja_n6329858613","name":"十幹森稲荷","prefecture":null,"family":"inari","ai":false}},{"type":"Feature","geometry":{"type":"Point","coordinates":[139.7393505,35.7143635]},"properties":{"id":"jinja_n6332892891","name":null,"prefecture":null,"family":"unknown","ai":false}},{"type":"Feature","geometry":{"type":"Point","coordinates":[139.7392775,35.7148374]},"properties":{"id":"jinja_n6332892925","name":null,"prefecture":null,"family":"unknown","ai":false}},{"type":"Feature","geometry":{"type":"Point","coordinates":[139.2801778,35.643594]},"properties":{"id":"jinja_n6343091744","name":null,"prefecture":null,"family":"unknown","ai":false}},{"type":"Feature","geometry":{"type":"Point","coordinates":[139.5854301,35.6214709]},"properties":{"id":"jinja_n6345083221","name":"宿河原稲荷神社","prefecture":null,"family":"inari","ai":true}},{"type":"Feature","geometry":{"type":"Point","coordinates":[139.742177,35.7038681]},"properties":{"id":"jinja_n6352088576","name":null,"prefecture":null,"family":"unknown","ai":false}},{"type":"Feature","geometry":{"type":"Point","coordinates":[139.6911216,35.712595]},"properties":{"id":"jinja_n6354051996","name":"月見岡八幡神社","prefecture":"東京都","family":"hachiman","ai":true}},{"type":"Feature","geometry":{"type":"Point","coordinates":[139.7405716,35.6534036]},"properties":{"id":"jinja_n6362209835","name":"天祖神社","prefecture":null,"family":"unknown","ai":false}},{"type":"Feature","geometry":{"type":"Point","coordinates":[139.5868691,35.7218904]},"properties":{"id":"jinja_n6387363364","name":null,"prefecture":null,"family":"unknown","ai":false}},{"type":"Feature","geometry":{"type":"Point","coordinates":[139.4835931,35.7781933]},"properties":{"id":"jinja_n6403290685","name":"氷川神社","prefecture":null,"family":"unknown","ai":false}},{"type":"Feature","geometry":{"type":"Point","coordinates":[139.5862465,35.6516289]},"properties":{"id":"jinja_n6406914047","name":"秋葉山神社","prefecture":null,"family":"akiba","ai":false}},{"type":"Feature","geometry":{"type":"Point","coordinates":[139.47368,35.6674554]},"properties":{"id":"jinja_n6413657458","name":"坪宮","prefecture":null,"family":"unknown","ai":false}},{"type":"Feature","geometry":{"type":"Point","coordinates":[139.865518,35.7725296]},"properties":{"id":"jinja_n6413988047","name":"花之木稲荷神社","prefecture":null,"family":"inari","ai":false}},{"type":"Feature","geometry":{"type":"Point","coordinates":[139.5941085,35.7518021]},"properties":{"id":"jinja_n6422966246","name":"天祖神社","prefecture":null,"family":"unknown","ai":false}},{"type":"Feature","geometry":{"type":"Point","coordinates":[139.7332942,35.7094821]},"properties":{"id":"jinja_n6428180069","name":null,"prefecture":null,"family":"unknown","ai":false}},{"type":"Feature","geometry":{"type":"Point","coordinates":[139.3676311,35.7655664]},"properties":{"id":"jinja_n6438299622","name":"須賀神社","prefecture":null,"family":"unknown","ai":false}},{"type":"Feature","geometry":{"type":"Point","coordinates":[139.3648312,35.7666551]},"properties":{"id":"jinja_n6438299634","name":"阿豆佐味天神社","prefecture":null,"family":"tenjin","ai":false}},{"type":"Feature","geometry":{"type":"Point","coordinates":[139.3720835,35.7600019]},"properties":{"id":"jinja_n6438367582","name":"赤稲荷","prefecture":null,"family":"inari","ai":false}},{"type":"Feature","geometry":{"type":"Point","coordinates":[139.3796343,35.760012]},"properties":{"id":"jinja_n6438423678","name":"十二所神社","prefecture":null,"family":"unknown","ai":false}},{"type":"Feature","geometry":{"type":"Point","coordinates":[139.2496162,35.6261446]},"properties":{"id":"jinja_n6438465306","name":"飯縄大権現","prefecture":null,"family":"unknown","ai":false}},{"type":"Feature","geometry":{"type":"Point","coordinates":[139.2496571,35.6262046]},"properties":{"id":"jinja_n6438465307","name":"福徳稲荷","prefecture":null,"family":"inari","ai":false}},{"type":"Feature","geometry":{"type":"Point","coordinates":[139.3828796,35.7584918]},"properties":{"id":"jinja_n6438499692","name":"八坂神社","prefecture":null,"family":"gion_yasaka","ai":false}},{"type":"Feature","geometry":{"type":"Point","coordinates":[139.3858128,35.7572414]},"properties":{"id":"jinja_n6438584669","name":null,"prefecture":null,"family":"unknown","ai":false}},{"type":"Feature","geometry":{"type":"Point","coordinates":[139.3896263,35.7571128]},"properties":{"id":"jinja_n6438584670","name":"日吉神社","prefecture":null,"family":"hie_sanno","ai":false}},{"type":"Feature","geometry":{"type":"Point","coordinates":[139.3958177,35.7553453]},"properties":{"id":"jinja_n6438584671","name":null,"prefecture":null,"family":"unknown","ai":false}},{"type":"Feature","geometry":{"type":"Point","coordinates":[139.3474046,35.7695894]},"properties":{"id":"jinja_n6438598469","name":"加藤神社","prefecture":null,"family":"unknown","ai":false}},{"type":"Feature","geometry":{"type":"Point","coordinates":[139.7095437,35.6326443]},"properties":{"id":"jinja_n6438702048","name":null,"prefecture":null,"family":"unknown","ai":false}},{"type":"Feature","geometry":{"type":"Point","coordinates":[139.7620167,35.7833879]},"properties":{"id":"jinja_n6445238197","name":"押部八幡神社","prefecture":null,"family":"hachiman","ai":false}},{"type":"Feature","geometry":{"type":"Point","coordinates":[139.7614114,35.78383]},"properties":{"id":"jinja_n6445238245","name":"小宮稲荷大明神","prefecture":null,"family":"inari","ai":false}},{"type":"Feature","geometry":{"type":"Point","coordinates":[139.7616886,35.7701393]},"properties":{"id":"jinja_n6449453548","name":"氷川神社","prefecture":null,"family":"unknown","ai":false}},{"type":"Feature","geometry":{"type":"Point","coordinates":[139.2830555,35.6434193]},"properties":{"id":"jinja_n6464735556","name":null,"prefecture":null,"family":"unknown","ai":false}},{"type":"Feature","geometry":{"type":"Point","coordinates":[139.4604596,35.571946]},"properties":{"id":"jinja_n6471690993","name":"金井八幡神社","prefecture":null,"family":"hachiman","ai":false}},{"type":"Feature","geometry":{"type":"Point","coordinates":[139.348472,35.7760661]},"properties":{"id":"jinja_n6478860993","name":"厳島神社","prefecture":null,"family":"munakata","ai":false}},{"type":"Feature","geometry":{"type":"Point","coordinates":[139.2430163,35.7911224]},"properties":{"id":"jinja_n6480273753","name":null,"prefecture":null,"family":"unknown","ai":false}},{"type":"Feature","geometry":{"type":"Point","coordinates":[139.260481,35.6750688]},"properties":{"id":"jinja_n6482035800","name":null,"prefecture":null,"family":"unknown","ai":false}},{"type":"Feature","geometry":{"type":"Point","coordinates":[139.3737046,35.7588781]},"properties":{"id":"jinja_n6485655619","name":"下宿稲荷神社","prefecture":null,"family":"inari","ai":false}},{"type":"Feature","geometry":{"type":"Point","coordinates":[139.4137415,35.592152]},"properties":{"id":"jinja_n6487154679","name":"小山田神社","prefecture":null,"family":"unknown","ai":false}},{"type":"Feature","geometry":{"type":"Point","coordinates":[139.7912906,35.7873174]},"properties":{"id":"jinja_n6487810076","name":"八幡神社","prefecture":null,"family":"hachiman","ai":true}},{"type":"Feature","geometry":{"type":"Point","coordinates":[139.7576539,35.6911163]},"properties":{"id":"jinja_n6496541086","name":"毎日神社","prefecture":null,"family":"unknown","ai":false}},{"type":"Feature","geometry":{"type":"Point","coordinates":[139.7747223,35.8017343]},"properties":{"id":"jinja_n6497399779","name":"古千谷天祖神社","prefecture":null,"family":"unknown","ai":false}},{"type":"Feature","geometry":{"type":"Point","coordinates":[139.3311926,35.6758782]},"properties":{"id":"jinja_n6497406293","name":"始元神社","prefecture":null,"family":"unknown","ai":false}},{"type":"Feature","geometry":{"type":"Point","coordinates":[139.7864535,35.8052876]},"properties":{"id":"jinja_n6498702188","name":"伊興氷川神社","prefecture":null,"family":"gion_yasaka","ai":true}},{"type":"Feature","geometry":{"type":"Point","coordinates":[139.8512055,35.7914134]},"properties":{"id":"jinja_n6514902007","name":"西水元天祖神社","prefecture":null,"family":"unknown","ai":false}},{"type":"Feature","geometry":{"type":"Point","coordinates":[139.8062991,35.8000229]},"properties":{"id":"jinja_n6516291890","name":null,"prefecture":null,"family":"unknown","ai":false}},{"type":"Feature","geometry":{"type":"Point","coordinates":[139.422612,35.7570348]},"properties":{"id":"jinja_n6517435647","name":"八幡神社","prefecture":null,"family":"hachiman","ai":false}},{"type":"Feature","geometry":{"type":"Point","coordinates":[139.7913283,35.7829559]},"properties":{"id":"jinja_n6533745959","name":"栗原氷川神社","prefecture":null,"family":"unknown","ai":false}},{"type":"Feature","geometry":{"type":"Point","coordinates":[139.7827283,35.7610333]},"properties":{"id":"jinja_n6539440925","name":"本木胡禄神社","prefecture":null,"family":"unknown","ai":false}},{"type":"Feature","geometry":{"type":"Point","coordinates":[139.7820406,35.7630244]},"properties":{"id":"jinja_n6539440992","name":"本木北野神社","prefecture":null,"family":"unknown","ai":false}},{"type":"Feature","geometry":{"type":"Point","coordinates":[139.7921393,35.7653966]},"properties":{"id":"jinja_n6542426838","name":"三峯神社","prefecture":null,"family":"unknown","ai":false}},{"type":"Feature","geometry":{"type":"Point","coordinates":[139.9038922,35.6935962]},"properties":{"id":"jinja_n6546871293","name":"天祖神社","prefecture":null,"family":"shinmei_ise","ai":true}},{"type":"Feature","geometry":{"type":"Point","coordinates":[139.3441406,35.7737183]},"properties":{"id":"jinja_n6550784997","name":"松原稲荷神社","prefecture":null,"family":"inari","ai":false}},{"type":"Feature","geometry":{"type":"Point","coordinates":[139.0958445,35.8542999]},"properties":{"id":"jinja_n6552267866","name":null,"prefecture":null,"family":"unknown","ai":false}},{"type":"Feature","geometry":{"type":"Point","coordinates":[139.1069194,35.8385199]},"properties":{"id":"jinja_n6552271102","name":null,"prefecture":null,"family":"unknown","ai":false}},{"type":"Feature","geometry":{"type":"Point","coordinates":[139.4030227,35.7241615]},"properties":{"id":"jinja_n6559074826","name":"阿豆佐味天神社","prefecture":null,"family":"tenjin","ai":true}},{"type":"Feature","geometry":{"type":"Point","coordinates":[139.4032909,35.7240559]},"properties":{"id":"jinja_n6559074827","name":"立川水天宮","prefecture":null,"family":"unknown","ai":false}},{"type":"Feature","geometry":{"type":"Point","coordinates":[139.76725,35.7308609]},"properties":{"id":"jinja_n6560557850","name":"銭降稲荷神社 末廣稲荷神社","prefecture":null,"family":"inari","ai":false}},{"type":"Feature","geometry":{"type":"Point","coordinates":[139.8238865,35.7833564]},"properties":{"id":"jinja_n6570535337","name":"六町神社","prefecture":null,"family":"unknown","ai":false}},{"type":"Feature","geometry":{"type":"Point","coordinates":[139.3753787,35.7635463]},"properties":{"id":"jinja_n6574441931","name":null,"prefecture":null,"family":"unknown","ai":false}},{"type":"Feature","geometry":{"type":"Point","coordinates":[139.3628399,35.7267577]},"properties":{"id":"jinja_n6579436088","name":"諏訪神社","prefecture":null,"family":"suwa","ai":false}},{"type":"Feature","geometry":{"type":"Point","coordinates":[139.715526,35.7221794]},"properties":{"id":"jinja_n6594231602","name":"三杉稲荷神社","prefecture":null,"family":"inari","ai":false}},{"type":"Feature","geometry":{"type":"Point","coordinates":[139.7174833,35.7214205]},"properties":{"id":"jinja_n6594250822","name":"白鳥稲荷大明神","prefecture":null,"family":"inari","ai":false}},{"type":"Feature","geometry":{"type":"Point","coordinates":[139.7250686,35.7859317]},"properties":{"id":"jinja_n6598580698","name":"白山神社","prefecture":null,"family":"hakusan","ai":false}},{"type":"Feature","geometry":{"type":"Point","coordinates":[139.7250817,35.785929]},"properties":{"id":"jinja_n6598580699","name":"大六天神社","prefecture":null,"family":"tenjin","ai":false}},{"type":"Feature","geometry":{"type":"Point","coordinates":[139.7250927,35.7859263]},"properties":{"id":"jinja_n6598580700","name":"稲荷神社","prefecture":null,"family":"inari","ai":false}},{"type":"Feature","geometry":{"type":"Point","coordinates":[139.7251065,35.7859236]},"properties":{"id":"jinja_n6598580701","name":"御嶽神社","prefecture":null,"family":"unknown","ai":false}},{"type":"Feature","geometry":{"type":"Point","coordinates":[139.7251192,35.7859206]},"properties":{"id":"jinja_n6598580702","name":"市杵島神社","prefecture":null,"family":"unknown","ai":false}},{"type":"Feature","geometry":{"type":"Point","coordinates":[139.6123821,35.6790515]},"properties":{"id":"jinja_n6598696785","name":"秋葉神社","prefecture":null,"family":"akiba","ai":false}},{"type":"Feature","geometry":{"type":"Point","coordinates":[139.6123764,35.6790522]},"properties":{"id":"jinja_n6598696786","name":"白山神社","prefecture":null,"family":"hakusan","ai":false}},{"type":"Feature","geometry":{"type":"Point","coordinates":[139.6123689,35.6790528]},"properties":{"id":"jinja_n6598696787","name":"浅間神社","prefecture":null,"family":"unknown","ai":false}},{"type":"Feature","geometry":{"type":"Point","coordinates":[139.61236,35.6790538]},"properties":{"id":"jinja_n6598696788","name":"天祖神社","prefecture":null,"family":"unknown","ai":true}},{"type":"Feature","geometry":{"type":"Point","coordinates":[139.6123511,35.6790547]},"properties":{"id":"jinja_n6598696789","name":"氷川神社","prefecture":null,"family":"unknown","ai":false}},{"type":"Feature","geometry":{"type":"Point","coordinates":[139.6123432,35.6790554]},"properties":{"id":"jinja_n6598696790","name":"稲荷神社","prefecture":null,"family":"inari","ai":false}},{"type":"Feature","geometry":{"type":"Point","coordinates":[139.612337,35.6790557]},"properties":{"id":"jinja_n6598696791","name":"稲荷神社","prefecture":null,"family":"inari","ai":false}},{"type":"Feature","geometry":{"type":"Point","coordinates":[139.5456858,35.6566847]},"properties":{"id":"jinja_n6598726912","name":"大鳥神社 金刀比羅神社","prefecture":null,"family":"konpira","ai":false}},{"type":"Feature","geometry":{"type":"Point","coordinates":[139.778873,35.7778496]},"properties":{"id":"jinja_n6605002103","name":"氷川神社","prefecture":null,"family":"unknown","ai":false}},{"type":"Feature","geometry":{"type":"Point","coordinates":[139.5800315,35.707461]},"properties":{"id":"jinja_n6606699940","name":"厳島神社 稲荷神社 須賀神社 疱瘡神社 三島神社 出雲神社 大鳥神社","prefecture":null,"family":"inari","ai":false}},{"type":"Feature","geometry":{"type":"Point","coordinates":[139.8161516,35.7793464]},"properties":{"id":"jinja_n6615959403","name":"稲荷神社","prefecture":null,"family":"inari","ai":false}},{"type":"Feature","geometry":{"type":"Point","coordinates":[139.814708,35.7750233]},"properties":{"id":"jinja_n6617261428","name":"愛宕神社","prefecture":null,"family":"atago","ai":false}},{"type":"Feature","geometry":{"type":"Point","coordinates":[139.8261143,35.7727765]},"properties":{"id":"jinja_n6618979487","name":"水神宮","prefecture":null,"family":"unknown","ai":false}},{"type":"Feature","geometry":{"type":"Point","coordinates":[139.8279499,35.7787536]},"properties":{"id":"jinja_n6620805664","name":"天祖神社","prefecture":null,"family":"shinmei_ise","ai":true}},{"type":"Feature","geometry":{"type":"Point","coordinates":[139.828802,35.7921617]},"properties":{"id":"jinja_n6628894050","name":"赤稲荷神社","prefecture":null,"family":"inari","ai":false}},{"type":"Feature","geometry":{"type":"Point","coordinates":[139.8378228,35.8004143]},"properties":{"id":"jinja_n6634633213","name":"東稲荷神社","prefecture":null,"family":"inari","ai":false}},{"type":"Feature","geometry":{"type":"Point","coordinates":[139.8434099,35.7889714]},"properties":{"id":"jinja_n6634785229","name":null,"prefecture":null,"family":"unknown","ai":false}},{"type":"Feature","geometry":{"type":"Point","coordinates":[139.6562477,35.7287889]},"properties":{"id":"jinja_n6635023342","name":"北野天満神社","prefecture":null,"family":"tenjin","ai":false}},{"type":"Feature","geometry":{"type":"Point","coordinates":[139.6564664,35.7287875]},"properties":{"id":"jinja_n6635023343","name":"須賀神社","prefecture":null,"family":"unknown","ai":false}},{"type":"Feature","geometry":{"type":"Point","coordinates":[139.6562022,35.7287966]},"properties":{"id":"jinja_n6635039151","name":"三峯神社","prefecture":null,"family":"unknown","ai":false}},{"type":"Feature","geometry":{"type":"Point","coordinates":[139.720515,35.7139628]},"properties":{"id":"jinja_n6646179819","name":null,"prefecture":null,"family":"unknown","ai":false}},{"type":"Feature","geometry":{"type":"Point","coordinates":[139.8549384,35.7701749]},"properties":{"id":"jinja_n6651655727","name":"八幡神社","prefecture":null,"family":"hachiman","ai":false}},{"type":"Feature","geometry":{"type":"Point","coordinates":[139.8528205,35.7748908]},"properties":{"id":"jinja_n6651655773","name":"氷川神社","prefecture":null,"family":"gion_yasaka","ai":true}},{"type":"Feature","geometry":{"type":"Point","coordinates":[139.1373396,34.2076942]},"properties":{"id":"jinja_n6664701870","name":"ほうそう神様","prefecture":null,"family":"unknown","ai":false}},{"type":"Feature","geometry":{"type":"Point","coordinates":[139.1379451,34.2045149]},"properties":{"id":"jinja_n6665242138","name":"与種神社","prefecture":null,"family":"unknown","ai":false}},{"type":"Feature","geometry":{"type":"Point","coordinates":[139.8054848,35.6922939]},"properties":{"id":"jinja_n6679447611","name":null,"prefecture":null,"family":"unknown","ai":false}},{"type":"Feature","geometry":{"type":"Point","coordinates":[139.6512886,35.7810516]},"properties":{"id":"jinja_n6694976038","name":"四葉稲荷神社","prefecture":null,"family":"inari","ai":true}},{"type":"Feature","geometry":{"type":"Point","coordinates":[139.7909254,35.7546995]},"properties":{"id":"jinja_n6696977825","name":"元宿堰稲荷大神","prefecture":null,"family":"inari","ai":true}},{"type":"Feature","geometry":{"type":"Point","coordinates":[139.879769,35.6930266]},"properties":{"id":"jinja_n6776229896","name":"馬場八幡宮","prefecture":null,"family":"hachiman","ai":false}},{"type":"Feature","geometry":{"type":"Point","coordinates":[139.4828298,35.5884683]},"properties":{"id":"jinja_n6780070061","name":"能ヶ谷神社","prefecture":null,"family":"unknown","ai":false}},{"type":"Feature","geometry":{"type":"Point","coordinates":[139.8401204,35.7616343]},"properties":{"id":"jinja_n6815263408","name":"砂原稲荷神社","prefecture":null,"family":"inari","ai":false}},{"type":"Feature","geometry":{"type":"Point","coordinates":[139.4934444,35.6985928]},"properties":{"id":"jinja_n6817392404","name":"愛宕神社","prefecture":null,"family":"atago","ai":false}},{"type":"Feature","geometry":{"type":"Point","coordinates":[139.4933871,35.6986988]},"properties":{"id":"jinja_n6817392409","name":"八雲神社","prefecture":null,"family":"unknown","ai":false}},{"type":"Feature","geometry":{"type":"Point","coordinates":[139.5016479,35.7062729]},"properties":{"id":"jinja_n6817396966","name":"疱瘡神社","prefecture":null,"family":"unknown","ai":false}},{"type":"Feature","geometry":{"type":"Point","coordinates":[139.5016654,35.7063115]},"properties":{"id":"jinja_n6817396971","name":"山王稲荷大明神","prefecture":null,"family":"inari","ai":false}},{"type":"Feature","geometry":{"type":"Point","coordinates":[139.8327757,35.7583253]},"properties":{"id":"jinja_n6830635583","name":"香取神社","prefecture":null,"family":"kashima_katori","ai":true}},{"type":"Feature","geometry":{"type":"Point","coordinates":[139.7313726,35.7125214]},"properties":{"id":"jinja_n6832689587","name":"今宮神社","prefecture":null,"family":"hachiman","ai":true}},{"type":"Feature","geometry":{"type":"Point","coordinates":[139.8308387,35.7492487]},"properties":{"id":"jinja_n6833812010","name":null,"prefecture":null,"family":"unknown","ai":false}},{"type":"Feature","geometry":{"type":"Point","coordinates":[139.8288617,35.7472011]},"properties":{"id":"jinja_n6835373800","name":"堀切天祖神社","prefecture":null,"family":"unknown","ai":false}},{"type":"Feature","geometry":{"type":"Point","coordinates":[139.8683614,35.6992181]},"properties":{"id":"jinja_n6849085426","name":"赤稲荷神社","prefecture":null,"family":"inari","ai":false}},{"type":"Feature","geometry":{"type":"Point","coordinates":[139.7555975,35.7240397]},"properties":{"id":"jinja_n6868662885","name":"花陽稲荷神社","prefecture":"東京都","family":"inari","ai":false}},{"type":"Feature","geometry":{"type":"Point","coordinates":[139.757689,35.7251068]},"properties":{"id":"jinja_n6868678288","name":"御林稲荷神社","prefecture":"東京都","family":"inari","ai":false}},{"type":"Feature","geometry":{"type":"Point","coordinates":[139.7606683,35.7255105]},"properties":{"id":"jinja_n6868693385","name":"満足稲荷神社","prefecture":"東京都","family":"inari","ai":false}},{"type":"Feature","geometry":{"type":"Point","coordinates":[139.8471135,35.7328065]},"properties":{"id":"jinja_n6869918685","name":"川端諏訪神社","prefecture":null,"family":"suwa","ai":true}},{"type":"Feature","geometry":{"type":"Point","coordinates":[139.8504912,35.7308116]},"properties":{"id":"jinja_n6871761684","name":"水神社","prefecture":null,"family":"unknown","ai":false}},{"type":"Feature","geometry":{"type":"Point","coordinates":[139.8516975,35.7321466]},"properties":{"id":"jinja_n6871761901","name":"川端稲荷神社","prefecture":null,"family":"inari","ai":false}},{"type":"Feature","geometry":{"type":"Point","coordinates":[139.8792924,35.7193995]},"properties":{"id":"jinja_n6874761075","name":"松本天祖神社","prefecture":null,"family":"unknown","ai":false}},{"type":"Feature","geometry":{"type":"Point","coordinates":[139.8580818,35.7401317]},"properties":{"id":"jinja_n6885001864","name":"五方山 熊野神社","prefecture":null,"family":"kumano","ai":true}},{"type":"Feature","geometry":{"type":"Point","coordinates":[139.8571012,35.7461975]},"properties":{"id":"jinja_n6895938206","name":"中原八幡神社","prefecture":null,"family":"hachiman","ai":false}},{"type":"Feature","geometry":{"type":"Point","coordinates":[139.8378019,35.7425956]},"properties":{"id":"jinja_n6912636275","name":"宝町稲荷神社","prefecture":null,"family":"inari","ai":false}},{"type":"Feature","geometry":{"type":"Point","coordinates":[139.8348032,35.7469534]},"properties":{"id":"jinja_n6917417645","name":"宝町八幡神社","prefecture":null,"family":"hachiman","ai":true}},{"type":"Feature","geometry":{"type":"Point","coordinates":[139.8164011,35.7567209]},"properties":{"id":"jinja_n6919382563","name":"小菅稲荷神社","prefecture":null,"family":"inari","ai":false}},{"type":"Feature","geometry":{"type":"Point","coordinates":[139.8637167,35.7669536]},"properties":{"id":"jinja_n6930087781","name":"末無弁財天","prefecture":null,"family":"unknown","ai":false}},{"type":"Feature","geometry":{"type":"Point","coordinates":[139.8698615,35.753874]},"properties":{"id":"jinja_n6959943659","name":"住吉稲荷","prefecture":null,"family":"inari","ai":false}},{"type":"Feature","geometry":{"type":"Point","coordinates":[139.7836706,35.7219292]},"properties":{"id":"jinja_n6964857385","name":"小野照先神社","prefecture":null,"family":"unknown","ai":true}},{"type":"Feature","geometry":{"type":"Point","coordinates":[139.8750755,35.7582234]},"properties":{"id":"jinja_n6972494854","name":"柴又八幡神社","prefecture":null,"family":"hachiman","ai":true}},{"type":"Feature","geometry":{"type":"Point","coordinates":[139.3550357,35.6633425]},"properties":{"id":"jinja_n6978747293","name":"日枝神社","prefecture":null,"family":"hie_sanno","ai":false}},{"type":"Feature","geometry":{"type":"Point","coordinates":[139.8938039,35.7442905]},"properties":{"id":"jinja_n7019439898","name":"小岩田天祖神社","prefecture":null,"family":"shinmei_ise","ai":true}},{"type":"Feature","geometry":{"type":"Point","coordinates":[139.8864715,35.743388]},"properties":{"id":"jinja_n7019677196","name":"上小岩天祖神社","prefecture":null,"family":"unknown","ai":false}},{"type":"Feature","geometry":{"type":"Point","coordinates":[139.8894862,35.7413717]},"properties":{"id":"jinja_n7019677286","name":"五北天祖神社","prefecture":null,"family":"unknown","ai":false}},{"type":"Feature","geometry":{"type":"Point","coordinates":[139.2815196,35.6431675]},"properties":{"id":"jinja_n7037880542","name":"山王社","prefecture":null,"family":"hie_sanno","ai":false}},{"type":"Feature","geometry":{"type":"Point","coordinates":[139.8657139,35.7465339]},"properties":{"id":"jinja_n7047172462","name":"高千穂教會","prefecture":null,"family":"unknown","ai":false}},{"type":"Feature","geometry":{"type":"Point","coordinates":[139.862773,35.7399203]},"properties":{"id":"jinja_n7063384187","name":null,"prefecture":null,"family":"unknown","ai":false}},{"type":"Feature","geometry":{"type":"Point","coordinates":[139.8625184,35.7357092]},"properties":{"id":"jinja_n7063384410","name":"天祖神社","prefecture":null,"family":"shinmei_ise","ai":true}},{"type":"Feature","geometry":{"type":"Point","coordinates":[139.8684014,35.7354328]},"properties":{"id":"jinja_n7064888171","name":"八剣神社","prefecture":null,"family":"unknown","ai":true}},{"type":"Feature","geometry":{"type":"Point","coordinates":[139.8593117,35.7361173]},"properties":{"id":"jinja_n7069684584","name":"水神社","prefecture":null,"family":"unknown","ai":false}},{"type":"Feature","geometry":{"type":"Point","coordinates":[139.856406,35.7299982]},"properties":{"id":"jinja_n7071913129","name":"大六天神社","prefecture":null,"family":"tenjin","ai":false}},{"type":"Feature","geometry":{"type":"Point","coordinates":[139.8590503,35.7438105]},"properties":{"id":"jinja_n7082079699","name":"諏訪野八幡神社","prefecture":null,"family":"hachiman","ai":false}},{"type":"Feature","geometry":{"type":"Point","coordinates":[139.5061675,35.7064041]},"properties":{"id":"jinja_n7083735843","name":null,"prefecture":null,"family":"unknown","ai":false}},{"type":"Feature","geometry":{"type":"Point","coordinates":[139.8870458,35.7328082]},"properties":{"id":"jinja_n7094940778","name":"聖徳宮","prefecture":null,"family":"unknown","ai":false}},{"type":"Feature","geometry":{"type":"Point","coordinates":[139.8778692,35.7495991]},"properties":{"id":"jinja_n7128265996","name":"赤稲荷神社","prefecture":null,"family":"inari","ai":false}},{"type":"Feature","geometry":{"type":"Point","coordinates":[139.6114333,35.7383849]},"properties":{"id":"jinja_n7131966498","name":null,"prefecture":null,"family":"unknown","ai":false}},{"type":"Feature","geometry":{"type":"Point","coordinates":[139.5177206,35.7114934]},"properties":{"id":"jinja_n7142262505","name":null,"prefecture":null,"family":"unknown","ai":false}},{"type":"Feature","geometry":{"type":"Point","coordinates":[139.7498596,35.6960241]},"properties":{"id":"jinja_n7178926583","name":"世継稲荷","prefecture":null,"family":"inari","ai":false}},{"type":"Feature","geometry":{"type":"Point","coordinates":[139.6542952,35.7367046]},"properties":{"id":"jinja_n7199360583","name":"東神社","prefecture":null,"family":"unknown","ai":false}},{"type":"Feature","geometry":{"type":"Point","coordinates":[139.6541729,35.7368934]},"properties":{"id":"jinja_n7199360584","name":"大鳥神社","prefecture":null,"family":"unknown","ai":true}},{"type":"Feature","geometry":{"type":"Point","coordinates":[139.8057915,35.761906]},"properties":{"id":"jinja_n7274229094","name":"高砂神社","prefecture":null,"family":"unknown","ai":false}},{"type":"Feature","geometry":{"type":"Point","coordinates":[139.6832534,35.6986607]},"properties":{"id":"jinja_n7275694868","name":"白金龍昇宮","prefecture":null,"family":"unknown","ai":false}},{"type":"Feature","geometry":{"type":"Point","coordinates":[139.2793346,35.6823093]},"properties":{"id":"jinja_n7465872426","name":"山王社","prefecture":null,"family":"hie_sanno","ai":false}},{"type":"Feature","geometry":{"type":"Point","coordinates":[139.3589034,35.6293821]},"properties":{"id":"jinja_n7511129120","name":"白山神社","prefecture":null,"family":"hakusan","ai":true}},{"type":"Feature","geometry":{"type":"Point","coordinates":[139.3195827,35.7154592]},"properties":{"id":"jinja_n7547802309","name":"八幡神社","prefecture":null,"family":"hachiman","ai":false}},{"type":"Feature","geometry":{"type":"Point","coordinates":[139.4440349,35.5624467]},"properties":{"id":"jinja_n7550190374","name":"三社合神社","prefecture":null,"family":"unknown","ai":false}},{"type":"Feature","geometry":{"type":"Point","coordinates":[139.4120943,35.5973601]},"properties":{"id":"jinja_n7620572847","name":"上根神社","prefecture":null,"family":"unknown","ai":false}},{"type":"Feature","geometry":{"type":"Point","coordinates":[139.793519,35.7117636]},"properties":{"id":"jinja_n7626551719","name":"無事富稲荷神社","prefecture":null,"family":"inari","ai":false}},{"type":"Feature","geometry":{"type":"Point","coordinates":[139.7630799,35.6704993]},"properties":{"id":"jinja_n7638340552","name":"銀座小松三輪神社","prefecture":null,"family":"unknown","ai":false}},{"type":"Feature","geometry":{"type":"Point","coordinates":[139.6632303,35.6517097]},"properties":{"id":"jinja_n7650301037","name":null,"prefecture":null,"family":"unknown","ai":false}},{"type":"Feature","geometry":{"type":"Point","coordinates":[139.7854395,35.6846471]},"properties":{"id":"jinja_n7653795130","name":"松島神社","prefecture":null,"family":"unknown","ai":true}},{"type":"Feature","geometry":{"type":"Point","coordinates":[139.7243419,35.6179207]},"properties":{"id":"jinja_n7669232273","name":null,"prefecture":null,"family":"unknown","ai":false}},{"type":"Feature","geometry":{"type":"Point","coordinates":[139.7225911,35.6189365]},"properties":{"id":"jinja_n7680019444","name":null,"prefecture":null,"family":"unknown","ai":false}},{"type":"Feature","geometry":{"type":"Point","coordinates":[139.7224695,35.6219844]},"properties":{"id":"jinja_n7689312795","name":null,"prefecture":null,"family":"unknown","ai":false}},{"type":"Feature","geometry":{"type":"Point","coordinates":[139.4456372,35.5740856]},"properties":{"id":"jinja_n7700947276","name":null,"prefecture":null,"family":"unknown","ai":false}},{"type":"Feature","geometry":{"type":"Point","coordinates":[139.2486498,35.6402971]},"properties":{"id":"jinja_n7775022864","name":"小山神社","prefecture":null,"family":"unknown","ai":false}},{"type":"Feature","geometry":{"type":"Point","coordinates":[139.4137693,35.6747097]},"properties":{"id":"jinja_n7775829385","name":null,"prefecture":null,"family":"unknown","ai":false}},{"type":"Feature","geometry":{"type":"Point","coordinates":[139.370898,35.5965677]},"properties":{"id":"jinja_n7888777697","name":"御嶽堂稲荷神社","prefecture":null,"family":"inari","ai":false}},{"type":"Feature","geometry":{"type":"Point","coordinates":[139.2835148,35.675654]},"properties":{"id":"jinja_n8041474863","name":"桜木天王宮","prefecture":null,"family":"unknown","ai":false}},{"type":"Feature","geometry":{"type":"Point","coordinates":[139.4697021,35.5512428]},"properties":{"id":"jinja_n8113592883","name":null,"prefecture":null,"family":"unknown","ai":false}},{"type":"Feature","geometry":{"type":"Point","coordinates":[139.4811604,35.7072646]},"properties":{"id":"jinja_n8234905180","name":"本多八幡神社","prefecture":null,"family":"hachiman","ai":false}},{"type":"Feature","geometry":{"type":"Point","coordinates":[139.4196778,35.5982461]},"properties":{"id":"jinja_n8247762643","name":"白山神社","prefecture":null,"family":"hakusan","ai":false}},{"type":"Feature","geometry":{"type":"Point","coordinates":[139.1516843,35.8178665]},"properties":{"id":"jinja_n8394843294","name":"小丹波熊野神社","prefecture":null,"family":"kumano","ai":false}},{"type":"Feature","geometry":{"type":"Point","coordinates":[139.1805395,35.8015806]},"properties":{"id":"jinja_n8413360008","name":"御岳不動尊","prefecture":null,"family":"unknown","ai":false}},{"type":"Feature","geometry":{"type":"Point","coordinates":[139.1797885,35.8020394]},"properties":{"id":"jinja_n8413360011","name":"横尾神明社","prefecture":"東京都","family":"shinmei_ise","ai":false}},{"type":"Feature","geometry":{"type":"Point","coordinates":[139.1516782,35.7892939]},"properties":{"id":"jinja_n8421606495","name":"産安社","prefecture":null,"family":"unknown","ai":false}},{"type":"Feature","geometry":{"type":"Point","coordinates":[139.8755438,35.6494121]},"properties":{"id":"jinja_n8432115298","name":"清瀧神社","prefecture":null,"family":"unknown","ai":false}},{"type":"Feature","geometry":{"type":"Point","coordinates":[139.2706494,35.765765]},"properties":{"id":"jinja_n8507582913","name":"大幡神社","prefecture":null,"family":"unknown","ai":false}},{"type":"Feature","geometry":{"type":"Point","coordinates":[139.7421146,35.7092476]},"properties":{"id":"jinja_n8515751461","name":"明善稲荷大神","prefecture":null,"family":"inari","ai":false}},{"type":"Feature","geometry":{"type":"Point","coordinates":[139.2777533,35.7573978]},"properties":{"id":"jinja_n8601184274","name":"村社正勝神社","prefecture":null,"family":"unknown","ai":false}},{"type":"Feature","geometry":{"type":"Point","coordinates":[139.8831419,35.7021654]},"properties":{"id":"jinja_n8602063453","name":"一之江天祖神社","prefecture":null,"family":"unknown","ai":false}},{"type":"Feature","geometry":{"type":"Point","coordinates":[139.2915068,35.7490214]},"properties":{"id":"jinja_n8604974152","name":"稲足神社","prefecture":null,"family":"unknown","ai":false}},{"type":"Feature","geometry":{"type":"Point","coordinates":[139.291661,35.7487897]},"properties":{"id":"jinja_n8604974157","name":"韋駄天神社","prefecture":null,"family":"tenjin","ai":false}},{"type":"Feature","geometry":{"type":"Point","coordinates":[139.2570944,35.7903487]},"properties":{"id":"jinja_n8615290546","name":"英稲荷神社","prefecture":null,"family":"inari","ai":false}},{"type":"Feature","geometry":{"type":"Point","coordinates":[139.2845553,35.780062]},"properties":{"id":"jinja_n8639220183","name":"八雲神社","prefecture":null,"family":"unknown","ai":false}},{"type":"Feature","geometry":{"type":"Point","coordinates":[139.2344712,35.7334391]},"properties":{"id":"jinja_n8686205717","name":"三内神社","prefecture":null,"family":"unknown","ai":false}},{"type":"Feature","geometry":{"type":"Point","coordinates":[139.2620376,35.7944507]},"properties":{"id":"jinja_n8692142549","name":"石動神社","prefecture":null,"family":"unknown","ai":false}},{"type":"Feature","geometry":{"type":"Point","coordinates":[139.2580129,35.8062781]},"properties":{"id":"jinja_n8692142598","name":"秋葉神社","prefecture":null,"family":"akiba","ai":false}},{"type":"Feature","geometry":{"type":"Point","coordinates":[139.6214808,35.7647097]},"properties":{"id":"jinja_n8755271882","name":"北野神社","prefecture":null,"family":"unknown","ai":false}},{"type":"Feature","geometry":{"type":"Point","coordinates":[139.6250149,35.74867]},"properties":{"id":"jinja_n8783926027","name":null,"prefecture":null,"family":"unknown","ai":false}},{"type":"Feature","geometry":{"type":"Point","coordinates":[139.3858165,35.6124889]},"properties":{"id":"jinja_n8784210747","name":"天神宮","prefecture":null,"family":"tenjin","ai":false}},{"type":"Feature","geometry":{"type":"Point","coordinates":[139.7385594,35.7756535]},"properties":{"id":"jinja_n8841897392","name":"新田稲荷","prefecture":null,"family":"inari","ai":false}},{"type":"Feature","geometry":{"type":"Point","coordinates":[139.7113586,35.5792929]},"properties":{"id":"jinja_n8931757668","name":"太田神社","prefecture":null,"family":"unknown","ai":false}},{"type":"Feature","geometry":{"type":"Point","coordinates":[139.122482,35.7287936]},"properties":{"id":"jinja_n8948231291","name":"大山祇神社","prefecture":null,"family":"unknown","ai":false}},{"type":"Feature","geometry":{"type":"Point","coordinates":[139.4775644,35.541295]},"properties":{"id":"jinja_n8964604509","name":"諏訪神社","prefecture":null,"family":"suwa","ai":false}},{"type":"Feature","geometry":{"type":"Point","coordinates":[139.43123,35.6562614]},"properties":{"id":"jinja_n8971285408","name":"落川大宮神社","prefecture":null,"family":"unknown","ai":false}},{"type":"Feature","geometry":{"type":"Point","coordinates":[139.458964,35.5285158]},"properties":{"id":"jinja_n9002570700","name":"天満宮","prefecture":null,"family":"tenjin","ai":false}},{"type":"Feature","geometry":{"type":"Point","coordinates":[139.2841804,35.6654958]},"properties":{"id":"jinja_n9028728369","name":null,"prefecture":null,"family":"unknown","ai":false}},{"type":"Feature","geometry":{"type":"Point","coordinates":[139.5955551,35.7168467]},"properties":{"id":"jinja_n9036770536","name":"浅間神社","prefecture":null,"family":"unknown","ai":false}},{"type":"Feature","geometry":{"type":"Point","coordinates":[139.7114839,35.6886007]},"properties":{"id":"jinja_n9081235675","name":"秋葉神社","prefecture":null,"family":"akiba","ai":false}},{"type":"Feature","geometry":{"type":"Point","coordinates":[139.4139056,35.5741159]},"properties":{"id":"jinja_n9136546813","name":"淡嶋神社","prefecture":null,"family":"unknown","ai":false}},{"type":"Feature","geometry":{"type":"Point","coordinates":[139.5120774,35.64981]},"properties":{"id":"jinja_n9158460611","name":"島守神社","prefecture":null,"family":"unknown","ai":false}},{"type":"Feature","geometry":{"type":"Point","coordinates":[139.4638892,35.5892761]},"properties":{"id":"jinja_n9166666034","name":null,"prefecture":null,"family":"unknown","ai":false}},{"type":"Feature","geometry":{"type":"Point","coordinates":[139.7262656,35.7328333]},"properties":{"id":"jinja_n9181910881","name":"屋上 神社","prefecture":null,"family":"unknown","ai":false}},{"type":"Feature","geometry":{"type":"Point","coordinates":[139.7832554,35.6681022]},"properties":{"id":"jinja_n9194945658","name":"龍神社","prefecture":null,"family":"unknown","ai":false}},{"type":"Feature","geometry":{"type":"Point","coordinates":[139.7492232,35.7094265]},"properties":{"id":"jinja_n9199582341","name":"小石川大神宮","prefecture":null,"family":"shinmei_ise","ai":true}},{"type":"Feature","geometry":{"type":"Point","coordinates":[139.4172832,35.7087647]},"properties":{"id":"jinja_n9200904076","name":"熊野神社","prefecture":null,"family":"kumano","ai":false}},{"type":"Feature","geometry":{"type":"Point","coordinates":[139.4532426,35.5362431]},"properties":{"id":"jinja_n9202015071","name":"澁池弁財天社","prefecture":null,"family":"unknown","ai":false}},{"type":"Feature","geometry":{"type":"Point","coordinates":[139.4607536,35.5911596]},"properties":{"id":"jinja_n9216228134","name":null,"prefecture":null,"family":"unknown","ai":false}},{"type":"Feature","geometry":{"type":"Point","coordinates":[139.3910305,35.5911122]},"properties":{"id":"jinja_n9249656130","name":"小山日枝神社","prefecture":null,"family":"hie_sanno","ai":false}},{"type":"Feature","geometry":{"type":"Point","coordinates":[139.4005058,35.7595161]},"properties":{"id":"jinja_n9254891224","name":"稲荷神社","prefecture":null,"family":"inari","ai":false}},{"type":"Feature","geometry":{"type":"Point","coordinates":[139.8563754,35.756179]},"properties":{"id":"jinja_n9268951451","name":"青砥神社","prefecture":null,"family":"hachiman","ai":true}},{"type":"Feature","geometry":{"type":"Point","coordinates":[139.7967573,35.7447216]},"properties":{"id":"jinja_n9309865144","name":"伏見稲荷大明神","prefecture":null,"family":"inari","ai":false}},{"type":"Feature","geometry":{"type":"Point","coordinates":[139.4733921,35.5042637]},"properties":{"id":"jinja_n9318047580","name":"山王山日枝神社","prefecture":null,"family":"hie_sanno","ai":false}},{"type":"Feature","geometry":{"type":"Point","coordinates":[139.480738,35.71571]},"properties":{"id":"jinja_n9365605094","name":"上水南町稲荷神社(堀端野中)","prefecture":null,"family":"inari","ai":false}},{"type":"Feature","geometry":{"type":"Point","coordinates":[139.4019887,35.5842293]},"properties":{"id":"jinja_n9366661337","name":null,"prefecture":null,"family":"unknown","ai":false}},{"type":"Feature","geometry":{"type":"Point","coordinates":[139.8221546,35.7480445]},"properties":{"id":"jinja_n9401823450","name":"小谷野神社","prefecture":null,"family":"unknown","ai":true}},{"type":"Feature","geometry":{"type":"Point","coordinates":[139.850559,35.7265131]},"properties":{"id":"jinja_n9403916994","name":"新小岩天祖神社","prefecture":null,"family":"shinmei_ise","ai":true}},{"type":"Feature","geometry":{"type":"Point","coordinates":[139.4667102,35.5845259]},"properties":{"id":"jinja_n9488388999","name":"椿森稲荷","prefecture":null,"family":"inari","ai":false}},{"type":"Feature","geometry":{"type":"Point","coordinates":[139.4930755,35.7178526]},"properties":{"id":"jinja_n9490059440","name":"回田氷川神社","prefecture":null,"family":"gion_yasaka","ai":true}},{"type":"Feature","geometry":{"type":"Point","coordinates":[139.2827099,35.7804105]},"properties":{"id":"jinja_n9514194411","name":"春日神社","prefecture":null,"family":"kasuga","ai":false}},{"type":"Feature","geometry":{"type":"Point","coordinates":[139.457543,35.5770692]},"properties":{"id":"jinja_n9548818941","name":null,"prefecture":null,"family":"unknown","ai":false}},{"type":"Feature","geometry":{"type":"Point","coordinates":[139.2223074,35.7252357]},"properties":{"id":"jinja_n9552318895","name":"阿伎留神社社務所","prefecture":null,"family":"konpira","ai":true}},{"type":"Feature","geometry":{"type":"Point","coordinates":[139.4724805,35.6742718]},"properties":{"id":"jinja_n9556407512","name":"武蔵神社","prefecture":null,"family":"unknown","ai":false}},{"type":"Feature","geometry":{"type":"Point","coordinates":[139.288126,35.7987343]},"properties":{"id":"jinja_n9594114105","name":"大門神社","prefecture":"東京都","family":"unknown","ai":false}},{"type":"Feature","geometry":{"type":"Point","coordinates":[139.6986073,35.7283483]},"properties":{"id":"jinja_n9666015699","name":"羽黒神社","prefecture":null,"family":"unknown","ai":false}},{"type":"Feature","geometry":{"type":"Point","coordinates":[139.7692946,35.7247997]},"properties":{"id":"jinja_n9671797545","name":"笠森稲荷堂","prefecture":null,"family":"inari","ai":false}},{"type":"Feature","geometry":{"type":"Point","coordinates":[139.2605695,35.7907802]},"properties":{"id":"jinja_n9688343921","name":"穴守稲荷大明神","prefecture":null,"family":"inari","ai":false}},{"type":"Feature","geometry":{"type":"Point","coordinates":[139.7226566,35.700013]},"properties":{"id":"jinja_n9689248807","name":"宝禄稲荷神社","prefecture":null,"family":"inari","ai":false}},{"type":"Feature","geometry":{"type":"Point","coordinates":[139.3241533,35.7951371]},"properties":{"id":"jinja_n9694926308","name":"大東神社","prefecture":"東京都","family":"unknown","ai":false}},{"type":"Feature","geometry":{"type":"Point","coordinates":[139.7861395,35.724701]},"properties":{"id":"jinja_n9710457511","name":"三島神社","prefecture":null,"family":"unknown","ai":true}},{"type":"Feature","geometry":{"type":"Point","coordinates":[139.7182658,35.7362026]},"properties":{"id":"jinja_n9718326140","name":"子安稲荷神社","prefecture":null,"family":"inari","ai":true}},{"type":"Feature","geometry":{"type":"Point","coordinates":[139.4948647,35.6657459]},"properties":{"id":"jinja_n9719920989","name":"瀧神社","prefecture":null,"family":"unknown","ai":false}},{"type":"Feature","geometry":{"type":"Point","coordinates":[139.7236371,35.7490644]},"properties":{"id":"jinja_n9747769368","name":null,"prefecture":null,"family":"unknown","ai":false}},{"type":"Feature","geometry":{"type":"Point","coordinates":[139.7947154,35.7070466]},"properties":{"id":"jinja_n9810162001","name":null,"prefecture":null,"family":"unknown","ai":false}},{"type":"Feature","geometry":{"type":"Point","coordinates":[139.4385866,35.683985]},"properties":{"id":"jinja_n9845940329","name":null,"prefecture":null,"family":"unknown","ai":false}},{"type":"Feature","geometry":{"type":"Point","coordinates":[139.2946301,35.6115214]},"properties":{"id":"jinja_n9851869828","name":"大戸八雲神社","prefecture":null,"family":"unknown","ai":false}},{"type":"Feature","geometry":{"type":"Point","coordinates":[139.8311005,35.7358939]},"properties":{"id":"jinja_n9863129810","name":"若宮八幡神社","prefecture":null,"family":"hachiman","ai":false}},{"type":"Feature","geometry":{"type":"Point","coordinates":[139.3354485,35.6044091]},"properties":{"id":"jinja_n9863928086","name":"白山神社","prefecture":null,"family":"hakusan","ai":false}},{"type":"Feature","geometry":{"type":"Point","coordinates":[139.7508077,35.6647705]},"properties":{"id":"jinja_n9963091511","name":"末廣稲荷大明神","prefecture":null,"family":"inari","ai":false}},{"type":"Feature","geometry":{"type":"Point","coordinates":[139.754666,35.6657058]},"properties":{"id":"jinja_n9963109571","name":"善処稲荷大明神","prefecture":null,"family":"inari","ai":false}},{"type":"Feature","geometry":{"type":"Point","coordinates":[139.7547579,35.6641442]},"properties":{"id":"jinja_n9963119666","name":"田村銀杏稲荷大明神","prefecture":null,"family":"inari","ai":false}},{"type":"Feature","geometry":{"type":"Point","coordinates":[139.8199582,35.755728]},"properties":{"id":"jinja_n9966892774","name":"小菅八幡宮","prefecture":null,"family":"hachiman","ai":false}},{"type":"Feature","geometry":{"type":"Point","coordinates":[139.2814513,35.8142936]},"properties":{"id":"jinja_n9976394585","name":"厚澤御嶽山神社","prefecture":null,"family":"unknown","ai":false}},{"type":"Feature","geometry":{"type":"Point","coordinates":[139.2527535,35.824246]},"properties":{"id":"jinja_n9976406671","name":"八子谷神社","prefecture":null,"family":"unknown","ai":false}},{"type":"Feature","geometry":{"type":"Point","coordinates":[139.2463276,35.8263993]},"properties":{"id":"jinja_n9976406672","name":"柏木神社","prefecture":null,"family":"unknown","ai":false}},{"type":"Feature","geometry":{"type":"Point","coordinates":[139.2571865,35.8269524]},"properties":{"id":"jinja_n9976406673","name":"牛頭天王神社","prefecture":null,"family":"unknown","ai":false}},{"type":"Feature","geometry":{"type":"Point","coordinates":[139.2593463,35.8335881]},"properties":{"id":"jinja_n9976406696","name":"山神神社","prefecture":null,"family":"unknown","ai":false}},{"type":"Feature","geometry":{"type":"Point","coordinates":[139.0969785,35.8076832]},"properties":{"id":"jinja_n9990384124","name":"奥氷川神社","prefecture":null,"family":"gion_yasaka","ai":true}},{"type":"Feature","geometry":{"type":"Point","coordinates":[139.7883725,35.766353]},"properties":{"id":"jinja_n9996544474","name":"関原八幡神社","prefecture":null,"family":"hachiman","ai":false}},{"type":"Feature","geometry":{"type":"Point","coordinates":[139.7857461,35.766322]},"properties":{"id":"jinja_n9996563879","name":"中曽根神社","prefecture":null,"family":"unknown","ai":true}},{"type":"Feature","geometry":{"type":"Point","coordinates":[139.7791031,35.7648987]},"properties":{"id":"jinja_n9996612490","name":"田中稲荷神社","prefecture":null,"family":"inari","ai":false}},{"type":"Feature","geometry":{"type":"Point","coordinates":[139.581703,35.62758]},"properties":{"id":"jinja_n9996719395","name":"稲荷神社","prefecture":null,"family":"inari","ai":false}},{"type":"Feature","geometry":{"type":"Point","coordinates":[139.3393463,35.7099589]},"properties":{"id":"jinja_n10029769214","name":"拝島天神社","prefecture":null,"family":"tenjin","ai":false}},{"type":"Feature","geometry":{"type":"Point","coordinates":[139.6928174,35.6381363]},"properties":{"id":"jinja_n10031271939","name":"戸田稲荷","prefecture":null,"family":"inari","ai":false}},{"type":"Feature","geometry":{"type":"Point","coordinates":[139.6646132,35.7046638]},"properties":{"id":"jinja_n10031277733","name":"桃園稲荷","prefecture":"東京都","family":"inari","ai":false}},{"type":"Feature","geometry":{"type":"Point","coordinates":[139.306416,35.7070138]},"properties":{"id":"jinja_n10031565643","name":"宮下町若松神社","prefecture":null,"family":"unknown","ai":false}},{"type":"Feature","geometry":{"type":"Point","coordinates":[139.4889779,35.6677307]},"properties":{"id":"jinja_n10041364608","name":"武蔵國府八幡宮","prefecture":null,"family":"hachiman","ai":true}},{"type":"Feature","geometry":{"type":"Point","coordinates":[139.4823704,35.6672008]},"properties":{"id":"jinja_n10041374677","name":"日吉神社","prefecture":null,"family":"hie_sanno","ai":false}},{"type":"Feature","geometry":{"type":"Point","coordinates":[139.6604583,35.6451148]},"properties":{"id":"jinja_n10068362337","name":"若林天満宮","prefecture":null,"family":"tenjin","ai":false}},{"type":"Feature","geometry":{"type":"Point","coordinates":[139.661603,35.6480919]},"properties":{"id":"jinja_n10068362339","name":"若林稲荷神社","prefecture":null,"family":"inari","ai":true}},{"type":"Feature","geometry":{"type":"Point","coordinates":[139.7470969,35.7810444]},"properties":{"id":"jinja_n10083589585","name":"糀屋氷川神社","prefecture":null,"family":"unknown","ai":false}},{"type":"Feature","geometry":{"type":"Point","coordinates":[139.6825927,35.6764538]},"properties":{"id":"jinja_n10123420292","name":"白玉稲荷","prefecture":null,"family":"inari","ai":false}},{"type":"Feature","geometry":{"type":"Point","coordinates":[139.6856415,35.6773299]},"properties":{"id":"jinja_n10123420293","name":"初台出世稲荷","prefecture":null,"family":"inari","ai":false}},{"type":"Feature","geometry":{"type":"Point","coordinates":[139.6690368,35.6403585]},"properties":{"id":"jinja_n10129994421","name":"正一位 伊勢丸稲荷大神","prefecture":null,"family":"inari","ai":false}},{"type":"Feature","geometry":{"type":"Point","coordinates":[139.7288492,35.7041688]},"properties":{"id":"jinja_n10153725930","name":"両社稲荷神社","prefecture":null,"family":"inari","ai":false}},{"type":"Feature","geometry":{"type":"Point","coordinates":[139.4674821,35.7187418]},"properties":{"id":"jinja_n10154524068","name":"稲荷神社","prefecture":null,"family":"inari","ai":true}},{"type":"Feature","geometry":{"type":"Point","coordinates":[139.4689138,35.7672532]},"properties":{"id":"jinja_n10154524080","name":"白山神社","prefecture":null,"family":"hakusan","ai":false}},{"type":"Feature","geometry":{"type":"Point","coordinates":[139.7826705,35.7350735]},"properties":{"id":"jinja_n10158318764","name":"三峯神社","prefecture":null,"family":"unknown","ai":false}},{"type":"Feature","geometry":{"type":"Point","coordinates":[139.76336,35.7527839]},"properties":{"id":"jinja_n10158820519","name":"馬場子育稲荷大明神","prefecture":null,"family":"inari","ai":false}},{"type":"Feature","geometry":{"type":"Point","coordinates":[139.7504468,35.5456868]},"properties":{"id":"jinja_n10177493281","name":"水神社","prefecture":null,"family":"unknown","ai":true}},{"type":"Feature","geometry":{"type":"Point","coordinates":[139.6590802,35.6656446]},"properties":{"id":"jinja_n10188164069","name":"御嶽神社","prefecture":null,"family":"unknown","ai":false}},{"type":"Feature","geometry":{"type":"Point","coordinates":[139.444753,35.7568793]},"properties":{"id":"jinja_n10221357219","name":"寳珠稲荷","prefecture":null,"family":"inari","ai":false}},{"type":"Feature","geometry":{"type":"Point","coordinates":[139.8129354,35.7125321]},"properties":{"id":"jinja_n10270579641","name":"乾徳稲荷神社","prefecture":null,"family":"inari","ai":false}},{"type":"Feature","geometry":{"type":"Point","coordinates":[139.4594044,35.521523]},"properties":{"id":"jinja_n10278541608","name":"西田杉山神社","prefecture":null,"family":"unknown","ai":false}},{"type":"Feature","geometry":{"type":"Point","coordinates":[139.7158628,35.7643464]},"properties":{"id":"jinja_n10284833538","name":null,"prefecture":null,"family":"unknown","ai":false}},{"type":"Feature","geometry":{"type":"Point","coordinates":[139.7291605,35.7497067]},"properties":{"id":"jinja_n10285630891","name":"四本木稲荷神社","prefecture":null,"family":"inari","ai":true}},{"type":"Feature","geometry":{"type":"Point","coordinates":[139.3232383,35.6614586]},"properties":{"id":"jinja_n10556236323","name":null,"prefecture":null,"family":"unknown","ai":false}},{"type":"Feature","geometry":{"type":"Point","coordinates":[139.6854014,35.6968495]},"properties":{"id":"jinja_n10564425304","name":"中本一稲荷神社","prefecture":null,"family":"inari","ai":false}},{"type":"Feature","geometry":{"type":"Point","coordinates":[139.7368255,35.6840666]},"properties":{"id":"jinja_n10696809821","name":"豊受稲荷","prefecture":null,"family":"inari","ai":false}},{"type":"Feature","geometry":{"type":"Point","coordinates":[139.3556039,35.7267733]},"properties":{"id":"jinja_n10709211013","name":"西砂神明社","prefecture":null,"family":"shinmei_ise","ai":false}},{"type":"Feature","geometry":{"type":"Point","coordinates":[139.3040942,35.7624553]},"properties":{"id":"jinja_n10756611203","name":"八幡稲荷神社","prefecture":null,"family":"inari","ai":false}},{"type":"Feature","geometry":{"type":"Point","coordinates":[139.358713,35.6136408]},"properties":{"id":"jinja_n10767481154","name":null,"prefecture":null,"family":"unknown","ai":false}},{"type":"Feature","geometry":{"type":"Point","coordinates":[139.8137039,35.6866575]},"properties":{"id":"jinja_n10777703515","name":"摩利支天尊日先神社","prefecture":null,"family":"unknown","ai":false}},{"type":"Feature","geometry":{"type":"Point","coordinates":[139.828583,35.7573603]},"properties":{"id":"jinja_n10794414659","name":"随喜稲荷大明神","prefecture":null,"family":"inari","ai":false}},{"type":"Feature","geometry":{"type":"Point","coordinates":[139.5360761,35.671872]},"properties":{"id":"jinja_n10796894871","name":"古八幡社","prefecture":null,"family":"hachiman","ai":false}},{"type":"Feature","geometry":{"type":"Point","coordinates":[139.8197684,35.7381604]},"properties":{"id":"jinja_n10861569166","name":"香取神社","prefecture":null,"family":"kashima_katori","ai":false}},{"type":"Feature","geometry":{"type":"Point","coordinates":[139.8301648,35.7265245]},"properties":{"id":"jinja_n10866761676","name":"稲荷神社","prefecture":null,"family":"inari","ai":false}},{"type":"Feature","geometry":{"type":"Point","coordinates":[139.9087537,35.6883343]},"properties":{"id":"jinja_n10913683909","name":"前川神社","prefecture":null,"family":"unknown","ai":false}},{"type":"Feature","geometry":{"type":"Point","coordinates":[139.8582955,35.6804033]},"properties":{"id":"jinja_n10981792044","name":"豊栄稲荷神社","prefecture":null,"family":"inari","ai":false}},{"type":"Feature","geometry":{"type":"Point","coordinates":[139.1133851,35.8084083]},"properties":{"id":"jinja_n11034861914","name":"大高神社","prefecture":null,"family":"unknown","ai":false}},{"type":"Feature","geometry":{"type":"Point","coordinates":[139.6471212,35.7438046]},"properties":{"id":"jinja_n11124643053","name":"白瀧龍王神","prefecture":null,"family":"unknown","ai":false}},{"type":"Feature","geometry":{"type":"Point","coordinates":[139.7411984,35.6824238]},"properties":{"id":"jinja_n11219153802","name":"三殿宮","prefecture":null,"family":"unknown","ai":false}},{"type":"Feature","geometry":{"type":"Point","coordinates":[139.4424922,35.5446096]},"properties":{"id":"jinja_n11224956395","name":"稲荷大明神","prefecture":null,"family":"inari","ai":false}},{"type":"Feature","geometry":{"type":"Point","coordinates":[139.7554357,35.6944467]},"properties":{"id":"jinja_n11279133578","name":null,"prefecture":null,"family":"unknown","ai":false}},{"type":"Feature","geometry":{"type":"Point","coordinates":[139.7048672,35.6917414]},"properties":{"id":"jinja_n11287001139","name":"朝日弁財天","prefecture":null,"family":"unknown","ai":false}},{"type":"Feature","geometry":{"type":"Point","coordinates":[139.7628136,35.6936705]},"properties":{"id":"jinja_n11342776821","name":null,"prefecture":null,"family":"unknown","ai":false}},{"type":"Feature","geometry":{"type":"Point","coordinates":[139.2370342,35.8183363]},"properties":{"id":"jinja_n11382218864","name":"神明神社","prefecture":"東京都","family":"shinmei_ise","ai":false}},{"type":"Feature","geometry":{"type":"Point","coordinates":[139.7857082,35.6927146]},"properties":{"id":"jinja_n11388921083","name":null,"prefecture":null,"family":"unknown","ai":false}},{"type":"Feature","geometry":{"type":"Point","coordinates":[139.4261881,35.5771654]},"properties":{"id":"jinja_n11442956803","name":"稲荷神社","prefecture":null,"family":"inari","ai":false}},{"type":"Feature","geometry":{"type":"Point","coordinates":[139.7523818,35.653599]},"properties":{"id":"jinja_n11583277411","name":"瘡守稲荷大明神","prefecture":null,"family":"inari","ai":false}},{"type":"Feature","geometry":{"type":"Point","coordinates":[139.307055,35.749684]},"properties":{"id":"jinja_n11610299342","name":"朝日山妙見堂","prefecture":null,"family":"unknown","ai":false}},{"type":"Feature","geometry":{"type":"Point","coordinates":[139.3099719,35.7456524]},"properties":{"id":"jinja_n11610320895","name":null,"prefecture":null,"family":"unknown","ai":false}},{"type":"Feature","geometry":{"type":"Point","coordinates":[139.311073,35.7450385]},"properties":{"id":"jinja_n11610320896","name":null,"prefecture":null,"family":"unknown","ai":false}},{"type":"Feature","geometry":{"type":"Point","coordinates":[139.3112755,35.7437171]},"properties":{"id":"jinja_n11610320897","name":null,"prefecture":null,"family":"unknown","ai":false}},{"type":"Feature","geometry":{"type":"Point","coordinates":[139.3102423,35.7417803]},"properties":{"id":"jinja_n11610320898","name":"草花神社","prefecture":null,"family":"unknown","ai":false}},{"type":"Feature","geometry":{"type":"Point","coordinates":[139.8366219,35.6863734]},"properties":{"id":"jinja_n11708588003","name":"大島稲荷神社","prefecture":null,"family":"inari","ai":false}},{"type":"Feature","geometry":{"type":"Point","coordinates":[139.8146734,35.6901532]},"properties":{"id":"jinja_n11709564544","name":"廣得稲荷神社","prefecture":null,"family":"inari","ai":false}},{"type":"Feature","geometry":{"type":"Point","coordinates":[139.8140851,35.6935861]},"properties":{"id":"jinja_n11749608900","name":"稲荷","prefecture":null,"family":"inari","ai":false}},{"type":"Feature","geometry":{"type":"Point","coordinates":[139.8158471,35.6600916]},"properties":{"id":"jinja_n11801193566","name":"潮見 龍宮社","prefecture":null,"family":"unknown","ai":false}},{"type":"Feature","geometry":{"type":"Point","coordinates":[139.8747044,35.7798114]},"properties":{"id":"jinja_n11816874588","name":"大下稲荷神社","prefecture":null,"family":"inari","ai":false}},{"type":"Feature","geometry":{"type":"Point","coordinates":[139.5406634,34.0662409]},"properties":{"id":"jinja_n11992394643","name":"坪田観音(旧蹟 伊波耶観音神社)","prefecture":null,"family":"unknown","ai":false}},{"type":"Feature","geometry":{"type":"Point","coordinates":[139.4813664,34.0707146]},"properties":{"id":"jinja_n11994595277","name":"荒島神社","prefecture":null,"family":"unknown","ai":false}},{"type":"Feature","geometry":{"type":"Point","coordinates":[139.4819404,34.0544294]},"properties":{"id":"jinja_n11994595314","name":"西之御門宮","prefecture":null,"family":"unknown","ai":false}},{"type":"Feature","geometry":{"type":"Point","coordinates":[139.5300297,34.1234037]},"properties":{"id":"jinja_n11998145573","name":"飯王子神社・酒王子神社","prefecture":null,"family":"unknown","ai":false}},{"type":"Feature","geometry":{"type":"Point","coordinates":[139.5570007,34.1069344]},"properties":{"id":"jinja_n11998319828","name":"椎取神社 本殿","prefecture":null,"family":"unknown","ai":false}},{"type":"Feature","geometry":{"type":"Point","coordinates":[139.7269517,35.6288373]},"properties":{"id":"jinja_n12111649056","name":"雉子神社","prefecture":null,"family":"unknown","ai":true}},{"type":"Feature","geometry":{"type":"Point","coordinates":[139.7270507,35.628929]},"properties":{"id":"jinja_n12111649057","name":"三柱神社","prefecture":null,"family":"unknown","ai":false}},{"type":"Feature","geometry":{"type":"Point","coordinates":[139.7764519,35.6786844]},"properties":{"id":"jinja_n12178284819","name":null,"prefecture":null,"family":"unknown","ai":false}},{"type":"Feature","geometry":{"type":"Point","coordinates":[139.3786603,35.6819712]},"properties":{"id":"jinja_n12206818352","name":null,"prefecture":null,"family":"unknown","ai":false}},{"type":"Feature","geometry":{"type":"Point","coordinates":[139.1775959,35.819187]},"properties":{"id":"jinja_n12265259879","name":"青渭神社","prefecture":null,"family":"unknown","ai":false}},{"type":"Feature","geometry":{"type":"Point","coordinates":[139.7109161,35.6545409]},"properties":{"id":"jinja_n12313950369","name":null,"prefecture":null,"family":"unknown","ai":false}},{"type":"Feature","geometry":{"type":"Point","coordinates":[139.1939607,35.7299124]},"properties":{"id":"jinja_n12366377232","name":null,"prefecture":null,"family":"unknown","ai":false}},{"type":"Feature","geometry":{"type":"Point","coordinates":[139.7240544,35.7657026]},"properties":{"id":"jinja_n12386553547","name":"八雲神社","prefecture":null,"family":"gion_yasaka","ai":true}},{"type":"Feature","geometry":{"type":"Point","coordinates":[139.7492303,35.7254219]},"properties":{"id":"jinja_n12425865978","name":"金光教","prefecture":null,"family":"unknown","ai":false}},{"type":"Feature","geometry":{"type":"Point","coordinates":[139.6724245,35.7383181]},"properties":{"id":"jinja_n12477004560","name":"江古田浅間神社","prefecture":null,"family":"unknown","ai":true}},{"type":"Feature","geometry":{"type":"Point","coordinates":[139.6693759,35.7381364]},"properties":{"id":"jinja_n12477158877","name":"武蔵野稲荷神社","prefecture":null,"family":"inari","ai":true}},{"type":"Feature","geometry":{"type":"Point","coordinates":[139.6503248,35.7406533]},"properties":{"id":"jinja_n12478579353","name":"練馬白山神社","prefecture":null,"family":"hakusan","ai":true}},{"type":"Feature","geometry":{"type":"Point","coordinates":[139.7561427,35.6539803]},"properties":{"id":"jinja_n12538036885","name":"讃岐小白稲荷神社","prefecture":null,"family":"inari","ai":false}},{"type":"Feature","geometry":{"type":"Point","coordinates":[139.6994157,35.7380428]},"properties":{"id":"jinja_n12540922275","name":null,"prefecture":null,"family":"unknown","ai":false}},{"type":"Feature","geometry":{"type":"Point","coordinates":[139.3971507,35.5869576]},"properties":{"id":"jinja_n12568072482","name":"常盤日枝神社","prefecture":null,"family":"hie_sanno","ai":false}},{"type":"Feature","geometry":{"type":"Point","coordinates":[139.8792583,35.6668063]},"properties":{"id":"jinja_n12610829854","name":"稲荷神社","prefecture":null,"family":"inari","ai":false}},{"type":"Feature","geometry":{"type":"Point","coordinates":[139.691048,35.7362293]},"properties":{"id":"jinja_n12624580792","name":null,"prefecture":null,"family":"unknown","ai":false}},{"type":"Feature","geometry":{"type":"Point","coordinates":[139.3194673,35.6916367]},"properties":{"id":"jinja_n12628862795","name":"富士浅間神社","prefecture":null,"family":"unknown","ai":false}},{"type":"Feature","geometry":{"type":"Point","coordinates":[139.5747564,35.6260471]},"properties":{"id":"jinja_n12629554851","name":null,"prefecture":null,"family":"unknown","ai":false}},{"type":"Feature","geometry":{"type":"Point","coordinates":[139.2538552,35.7914333]},"properties":{"id":"jinja_n12666331548","name":"久平稲荷神社","prefecture":null,"family":"inari","ai":false}},{"type":"Feature","geometry":{"type":"Point","coordinates":[139.5958357,35.7158005]},"properties":{"id":"jinja_n12730574869","name":"鿆戸神社","prefecture":null,"family":"unknown","ai":false}},{"type":"Feature","geometry":{"type":"Point","coordinates":[139.5958056,35.7157978]},"properties":{"id":"jinja_n12730574870","name":"三宮神社","prefecture":null,"family":"unknown","ai":false}},{"type":"Feature","geometry":{"type":"Point","coordinates":[139.595189,35.7157943]},"properties":{"id":"jinja_n12730574874","name":null,"prefecture":null,"family":"unknown","ai":false}},{"type":"Feature","geometry":{"type":"Point","coordinates":[139.5951903,35.7158212]},"properties":{"id":"jinja_n12730574875","name":"三峯神社","prefecture":null,"family":"unknown","ai":false}},{"type":"Feature","geometry":{"type":"Point","coordinates":[139.595198,35.7158468]},"properties":{"id":"jinja_n12730574882","name":"新町稲荷神社","prefecture":null,"family":"inari","ai":false}},{"type":"Feature","geometry":{"type":"Point","coordinates":[139.6168958,35.7446741]},"properties":{"id":"jinja_n12730582741","name":"八幡神社","prefecture":null,"family":"hachiman","ai":false}},{"type":"Feature","geometry":{"type":"Point","coordinates":[139.6169236,35.744667]},"properties":{"id":"jinja_n12730582742","name":"皇大神宮","prefecture":null,"family":"shinmei_ise","ai":false}},{"type":"Feature","geometry":{"type":"Point","coordinates":[139.6169497,35.74466]},"properties":{"id":"jinja_n12730582743","name":"春日神社","prefecture":null,"family":"kasuga","ai":false}},{"type":"Feature","geometry":{"type":"Point","coordinates":[139.7914952,35.7127971]},"properties":{"id":"jinja_n12790627761","name":"西浅草八幡神社","prefecture":null,"family":"hachiman","ai":false}},{"type":"Feature","geometry":{"type":"Point","coordinates":[139.3203377,35.7550518]},"properties":{"id":"jinja_n12877034087","name":"神明神社","prefecture":"東京都","family":"shinmei_ise","ai":false}},{"type":"Feature","geometry":{"type":"Point","coordinates":[139.7368723,35.7499293]},"properties":{"id":"jinja_n12959154198","name":"身代地蔵菩薩","prefecture":null,"family":"unknown","ai":false}},{"type":"Feature","geometry":{"type":"Point","coordinates":[139.682803,35.6032911]},"properties":{"id":"jinja_n12959177122","name":"稲荷大明神","prefecture":null,"family":"inari","ai":false}},{"type":"Feature","geometry":{"type":"Point","coordinates":[139.7951309,35.7555371]},"properties":{"id":"jinja_n13009213295","name":"千住箭弓稲荷神社","prefecture":null,"family":"inari","ai":false}},{"type":"Feature","geometry":{"type":"Point","coordinates":[139.7972451,35.7509516]},"properties":{"id":"jinja_n13033416382","name":"虎斑稲荷神社","prefecture":null,"family":"inari","ai":false}},{"type":"Feature","geometry":{"type":"Point","coordinates":[139.2993714,35.6104087]},"properties":{"id":"jinja_n13070214716","name":"大戸大六天社","prefecture":null,"family":"unknown","ai":false}},{"type":"Feature","geometry":{"type":"Point","coordinates":[139.3012666,35.6088339]},"properties":{"id":"jinja_n13070214721","name":"大戸正八幡宮","prefecture":null,"family":"hachiman","ai":false}},{"type":"Feature","geometry":{"type":"Point","coordinates":[139.3031645,35.6078997]},"properties":{"id":"jinja_n13070214753","name":"大戸御嶽神社","prefecture":null,"family":"unknown","ai":false}},{"type":"Feature","geometry":{"type":"Point","coordinates":[139.3052037,35.6064898]},"properties":{"id":"jinja_n13070214759","name":"神明神社","prefecture":null,"family":"shinmei_ise","ai":false}},{"type":"Feature","geometry":{"type":"Point","coordinates":[139.7942546,35.6932859]},"properties":{"id":"jinja_n13108568129","name":"松坂稲荷","prefecture":null,"family":"inari","ai":false}},{"type":"Feature","geometry":{"type":"Point","coordinates":[139.470647,35.657054]},"properties":{"id":"jinja_n13115215049","name":"芝間稲荷神社","prefecture":null,"family":"inari","ai":false}},{"type":"Feature","geometry":{"type":"Point","coordinates":[139.7226087,35.6901067]},"properties":{"id":"jinja_n13207647134","name":"津の守弁財天","prefecture":null,"family":"unknown","ai":false}},{"type":"Feature","geometry":{"type":"Point","coordinates":[139.79849,35.713607]},"properties":{"id":"jinja_n13255174741","name":"嬉乃森稲荷神社","prefecture":null,"family":"inari","ai":false}},{"type":"Feature","geometry":{"type":"Point","coordinates":[139.2895815,35.8041948]},"properties":{"id":"jinja_n13273244964","name":"蔵主神社","prefecture":"東京都","family":"unknown","ai":false}},{"type":"Feature","geometry":{"type":"Point","coordinates":[139.8071766,35.6910463]},"properties":{"id":"jinja_n13279397532","name":"榎稲荷神社","prefecture":null,"family":"inari","ai":false}},{"type":"Feature","geometry":{"type":"Point","coordinates":[139.332724,35.7342927]},"properties":{"id":"jinja_n13345280224","name":"延元之宮正一位稲荷大明神","prefecture":null,"family":"inari","ai":false}},{"type":"Feature","geometry":{"type":"Point","coordinates":[139.4276802,35.713895]},"properties":{"id":"jinja_n13347064986","name":"愛宕神社","prefecture":null,"family":"atago","ai":false}},{"type":"Feature","geometry":{"type":"Point","coordinates":[139.4291634,35.7189232]},"properties":{"id":"jinja_n13347174166","name":"榎戸弁財天","prefecture":null,"family":"unknown","ai":false}},{"type":"Feature","geometry":{"type":"Point","coordinates":[139.2532447,35.7977705]},"properties":{"id":"jinja_n13347297961","name":"八坂神社","prefecture":null,"family":"gion_yasaka","ai":false}},{"type":"Feature","geometry":{"type":"Point","coordinates":[139.3994618,35.7565058]},"properties":{"id":"jinja_n13347353075","name":"入リ天満宮","prefecture":null,"family":"tenjin","ai":false}},{"type":"Feature","geometry":{"type":"Point","coordinates":[139.3546134,35.7893218]},"properties":{"id":"jinja_n13347919034","name":"元狭山神社","prefecture":null,"family":"unknown","ai":false}},{"type":"Feature","geometry":{"type":"Point","coordinates":[139.3268178,35.7858441]},"properties":{"id":"jinja_n13347929000","name":"長岡愛宕神社","prefecture":null,"family":"atago","ai":false}},{"type":"Feature","geometry":{"type":"Point","coordinates":[139.3319568,35.7311954]},"properties":{"id":"jinja_n13347970318","name":"熊牛稲荷大明神","prefecture":null,"family":"inari","ai":false}},{"type":"Feature","geometry":{"type":"Point","coordinates":[139.3479311,35.772694]},"properties":{"id":"jinja_n13357516188","name":"杉山稲荷神社","prefecture":null,"family":"inari","ai":false}},{"type":"Feature","geometry":{"type":"Point","coordinates":[139.4374576,35.5826381]},"properties":{"id":"jinja_n13358588555","name":null,"prefecture":null,"family":"unknown","ai":false}},{"type":"Feature","geometry":{"type":"Point","coordinates":[139.3647019,35.7873339]},"properties":{"id":"jinja_n13359951780","name":"駒形水天宮","prefecture":null,"family":"unknown","ai":false}},{"type":"Feature","geometry":{"type":"Point","coordinates":[139.21562,35.8406734]},"properties":{"id":"jinja_n13359967681","name":"上成木神社","prefecture":null,"family":"unknown","ai":false}},{"type":"Feature","geometry":{"type":"Point","coordinates":[139.3861379,35.7609993]},"properties":{"id":"jinja_n13395477719","name":"横田七所神社","prefecture":null,"family":"unknown","ai":false}},{"type":"Feature","geometry":{"type":"Point","coordinates":[139.3705875,35.7714914]},"properties":{"id":"jinja_n13399552398","name":"須賀神社 奥宮","prefecture":null,"family":"unknown","ai":false}},{"type":"Feature","geometry":{"type":"Point","coordinates":[139.2856103,35.6394635]},"properties":{"id":"jinja_n13418349672","name":null,"prefecture":null,"family":"unknown","ai":false}},{"type":"Feature","geometry":{"type":"Point","coordinates":[139.3236488,35.7442142]},"properties":{"id":"jinja_n13469966835","name":"福生神明社","prefecture":null,"family":"shinmei_ise","ai":false}},{"type":"Feature","geometry":{"type":"Point","coordinates":[139.3235813,35.7437975]},"properties":{"id":"jinja_n13469966836","name":"長沢稲荷大明神","prefecture":null,"family":"inari","ai":false}},{"type":"Feature","geometry":{"type":"Point","coordinates":[139.4045932,35.7549832]},"properties":{"id":"jinja_n13469970450","name":"神明社","prefecture":null,"family":"shinmei_ise","ai":false}},{"type":"Feature","geometry":{"type":"Point","coordinates":[139.282319,35.8020975]},"properties":{"id":"jinja_n13500747171","name":"塩船神明社","prefecture":null,"family":"shinmei_ise","ai":false}},{"type":"Feature","geometry":{"type":"Point","coordinates":[139.4900477,35.7285251]},"properties":{"id":"jinja_n13521411994","name":"熊野宮","prefecture":null,"family":"kumano","ai":true}},{"type":"Feature","geometry":{"type":"Point","coordinates":[139.5050435,35.7315233]},"properties":{"id":"jinja_n13521411997","name":"武蔵野神社","prefecture":"東京都","family":"unknown","ai":true}},{"type":"Feature","geometry":{"type":"Point","coordinates":[139.4976393,35.7309953]},"properties":{"id":"jinja_n13521448380","name":"多摩野神社","prefecture":null,"family":"unknown","ai":false}},{"type":"Feature","geometry":{"type":"Point","coordinates":[139.4973002,35.7370098]},"properties":{"id":"jinja_n13521520880","name":"稲荷神社","prefecture":null,"family":"inari","ai":true}},{"type":"Feature","geometry":{"type":"Point","coordinates":[139.4254964,35.7299982]},"properties":{"id":"jinja_n13521560932","name":"一の宮神社","prefecture":null,"family":"unknown","ai":false}},{"type":"Feature","geometry":{"type":"Point","coordinates":[139.4875072,35.6351523]},"properties":{"id":"jinja_n13546459573","name":"竪神社","prefecture":null,"family":"unknown","ai":true}},{"type":"Feature","geometry":{"type":"Point","coordinates":[139.7971892,35.6950887]},"properties":{"id":"jinja_n13551330582","name":"榛稲荷神社","prefecture":null,"family":"inari","ai":false}},{"type":"Feature","geometry":{"type":"Point","coordinates":[139.114027,35.8014947]},"properties":{"id":"jinja_n13686153243","name":"海澤神社","prefecture":null,"family":"unknown","ai":false}},{"type":"Feature","geometry":{"type":"Point","coordinates":[139.3284136,35.7023405]},"properties":{"id":"jinja_n13724948548","name":"金毘羅社","prefecture":null,"family":"unknown","ai":false}},{"type":"Feature","geometry":{"type":"Point","coordinates":[139.3282908,35.7019753]},"properties":{"id":"jinja_n13724948557","name":"霞神社","prefecture":null,"family":"unknown","ai":false}},{"type":"Feature","geometry":{"type":"Point","coordinates":[139.4718678,35.7710768]},"properties":{"id":"jinja_n13749944048","name":"熊野神社","prefecture":null,"family":"kumano","ai":false}},{"type":"Feature","geometry":{"type":"Point","coordinates":[139.5565441,35.6483504]},"properties":{"id":"jinja_n13816583785","name":null,"prefecture":null,"family":"unknown","ai":false}},{"type":"Feature","geometry":{"type":"Point","coordinates":[139.7512803,35.5458915]},"properties":{"id":"jinja_n13937596319","name":"福守稲荷","prefecture":"東京都","family":"inari","ai":false}},{"type":"Feature","geometry":{"type":"Point","coordinates":[139.7748327,35.6873744]},"properties":{"id":"jinja_n14072959280","name":"薬祖神社","prefecture":null,"family":"unknown","ai":true}},{"type":"Feature","geometry":{"type":"Point","coordinates":[139.601769,35.6606162]},"properties":{"id":"jinja_n14090823668","name":"長太稲荷神社","prefecture":null,"family":"inari","ai":false}},{"type":"Feature","geometry":{"type":"Point","coordinates":[139.3192189,35.7402987]},"properties":{"id":"jinja_n14104488456","name":"堰上明神社","prefecture":null,"family":"unknown","ai":false}},{"type":"Feature","geometry":{"type":"Point","coordinates":[139.341623,35.6908537]},"properties":{"id":"jinja_n14118795134","name":"祠 (神ほこら) hokora (small farm field shrine)","prefecture":null,"family":"unknown","ai":false}},{"type":"Feature","geometry":{"type":"Point","coordinates":[139.4333574,35.7518994]},"properties":{"id":"jinja_n14130889531","name":"高木神社","prefecture":null,"family":"unknown","ai":false}},{"type":"Feature","geometry":{"type":"Point","coordinates":[139.4334857,35.7519975]},"properties":{"id":"jinja_n14130889571","name":"塩釜神社","prefecture":null,"family":"unknown","ai":false}},{"type":"Feature","geometry":{"type":"Point","coordinates":[139.4286801,35.6224267]},"properties":{"id":"jinja_w28846158","name":"落合白山神社","prefecture":null,"family":"hakusan","ai":false}},{"type":"Feature","geometry":{"type":"Point","coordinates":[139.8071667,35.7384185]},"properties":{"id":"jinja_w32843696","name":"胡禄神社","prefecture":null,"family":"unknown","ai":true}},{"type":"Feature","geometry":{"type":"Point","coordinates":[139.3915139,34.7303898]},"properties":{"id":"jinja_w37379807","name":"三原神社","prefecture":null,"family":"unknown","ai":false}},{"type":"Feature","geometry":{"type":"Point","coordinates":[139.5800416,35.7076267]},"properties":{"id":"jinja_w41293320","name":"武蔵野八幡宮","prefecture":null,"family":"hachiman","ai":true}},{"type":"Feature","geometry":{"type":"Point","coordinates":[139.6521916,35.6861411]},"properties":{"id":"jinja_w46707449","name":"熊野神社","prefecture":null,"family":"kumano","ai":true}},{"type":"Feature","geometry":{"type":"Point","coordinates":[139.6445543,35.6487317]},"properties":{"id":"jinja_w46954688","name":"世田谷八幡宮","prefecture":null,"family":"hachiman","ai":true}},{"type":"Feature","geometry":{"type":"Point","coordinates":[139.7734568,35.6967336]},"properties":{"id":"jinja_w46983897","name":"柳森神社","prefecture":null,"family":"inari","ai":true}},{"type":"Feature","geometry":{"type":"Point","coordinates":[139.6463875,35.6651536]},"properties":{"id":"jinja_w47195273","name":"菅原神社","prefecture":null,"family":"tenjin","ai":true}},{"type":"Feature","geometry":{"type":"Point","coordinates":[139.6697449,35.6562201]},"properties":{"id":"jinja_w49261637","name":"北澤八幡神社","prefecture":null,"family":"hachiman","ai":false}},{"type":"Feature","geometry":{"type":"Point","coordinates":[139.6829679,35.7023244]},"properties":{"id":"jinja_w52890106","name":"氷川神社","prefecture":null,"family":"gion_yasaka","ai":true}},{"type":"Feature","geometry":{"type":"Point","coordinates":[139.6664537,35.7151504]},"properties":{"id":"jinja_w55063235","name":"北野神社","prefecture":null,"family":"tenjin","ai":true}},{"type":"Feature","geometry":{"type":"Point","coordinates":[139.497259,35.7370688]},"properties":{"id":"jinja_w57786207","name":null,"prefecture":null,"family":"unknown","ai":false}},{"type":"Feature","geometry":{"type":"Point","coordinates":[139.5838088,35.6882024]},"properties":{"id":"jinja_w58683966","name":"神明社(牟礼神明社)","prefecture":null,"family":"shinmei_ise","ai":false}},{"type":"Feature","geometry":{"type":"Point","coordinates":[139.4900713,35.7286044]},"properties":{"id":"jinja_w60661204","name":"熊野宮","prefecture":null,"family":"kumano","ai":true}},{"type":"Feature","geometry":{"type":"Point","coordinates":[139.6404309,35.681262]},"properties":{"id":"jinja_w67171669","name":"社号碑","prefecture":null,"family":"unknown","ai":false}},{"type":"Feature","geometry":{"type":"Point","coordinates":[139.559521,35.6940845]},"properties":{"id":"jinja_w68519503","name":"八幡大神社","prefecture":null,"family":"hachiman","ai":true}},{"type":"Feature","geometry":{"type":"Point","coordinates":[139.7491985,35.6469908]},"properties":{"id":"jinja_w87510469","name":"御穂鹿嶋神社","prefecture":null,"family":"unknown","ai":true}},{"type":"Feature","geometry":{"type":"Point","coordinates":[139.7674318,35.7019922]},"properties":{"id":"jinja_w89431872","name":"魚河岸水神社","prefecture":null,"family":"unknown","ai":false}},{"type":"Feature","geometry":{"type":"Point","coordinates":[139.7676184,35.7022064]},"properties":{"id":"jinja_w89431873","name":"江戸神社","prefecture":null,"family":"unknown","ai":false}},{"type":"Feature","geometry":{"type":"Point","coordinates":[139.7677523,35.7019658]},"properties":{"id":"jinja_w89431876","name":"神田明神","prefecture":"東京都","family":"unknown","ai":true}},{"type":"Feature","geometry":{"type":"Point","coordinates":[139.7674696,35.7020815]},"properties":{"id":"jinja_w89431889","name":"小舟町八雲神社","prefecture":null,"family":"unknown","ai":false}},{"type":"Feature","geometry":{"type":"Point","coordinates":[139.7682253,35.7077889]},"properties":{"id":"jinja_w89800466","name":"本殿","prefecture":null,"family":"unknown","ai":false}},{"type":"Feature","geometry":{"type":"Point","coordinates":[139.7675577,35.7021248]},"properties":{"id":"jinja_w91234942","name":"大伝馬町八雲神社","prefecture":null,"family":"unknown","ai":false}},{"type":"Feature","geometry":{"type":"Point","coordinates":[139.797547,35.7149242]},"properties":{"id":"jinja_w92037459","name":"浅草神社","prefecture":null,"family":"unknown","ai":true}},{"type":"Feature","geometry":{"type":"Point","coordinates":[139.4059966,35.6948813]},"properties":{"id":"jinja_w93416022","name":"諏訪神社","prefecture":null,"family":"suwa","ai":true}},{"type":"Feature","geometry":{"type":"Point","coordinates":[139.6697047,35.6998287]},"properties":{"id":"jinja_w94043288","name":"天祖神社","prefecture":null,"family":"unknown","ai":false}},{"type":"Feature","geometry":{"type":"Point","coordinates":[139.67412,35.6991153]},"properties":{"id":"jinja_w94043293","name":"白玉稲荷神社","prefecture":null,"family":"inari","ai":false}},{"type":"Feature","geometry":{"type":"Point","coordinates":[139.6595019,35.657154]},"properties":{"id":"jinja_w94062555","name":"代田八幡神社","prefecture":null,"family":"hachiman","ai":true}},{"type":"Feature","geometry":{"type":"Point","coordinates":[139.688332,35.6902395]},"properties":{"id":"jinja_w95937718","name":"十二社熊野神社","prefecture":null,"family":"kumano","ai":true}},{"type":"Feature","geometry":{"type":"Point","coordinates":[139.7076764,35.7090344]},"properties":{"id":"jinja_w96217105","name":"諏訪神社","prefecture":null,"family":"suwa","ai":true}},{"type":"Feature","geometry":{"type":"Point","coordinates":[139.7494664,35.550272]},"properties":{"id":"jinja_w96350126","name":"穴守稲荷神社","prefecture":null,"family":"inari","ai":true}},{"type":"Feature","geometry":{"type":"Point","coordinates":[139.7437137,35.6113599]},"properties":{"id":"jinja_w97689105","name":"諏訪神社","prefecture":null,"family":"suwa","ai":true}},{"type":"Feature","geometry":{"type":"Point","coordinates":[139.7851858,35.6835267]},"properties":{"id":"jinja_w98402891","name":"水天宮","prefecture":null,"family":"unknown","ai":true}},{"type":"Feature","geometry":{"type":"Point","coordinates":[139.7918332,35.7047922]},"properties":{"id":"jinja_w98883462","name":"蔵前神社","prefecture":"東京都","family":"hachiman","ai":true}},{"type":"Feature","geometry":{"type":"Point","coordinates":[139.8209159,35.7027062]},"properties":{"id":"jinja_w100599675","name":"亀戸天神社","prefecture":"東京都","family":"tenjin","ai":true}},{"type":"Feature","geometry":{"type":"Point","coordinates":[139.7055868,35.6933401]},"properties":{"id":"jinja_w102792887","name":"花園神社","prefecture":null,"family":"inari","ai":true}},{"type":"Feature","geometry":{"type":"Point","coordinates":[139.6094067,35.6927346]},"properties":{"id":"jinja_w105463021","name":"春日神社","prefecture":null,"family":"kasuga","ai":true}},{"type":"Feature","geometry":{"type":"Point","coordinates":[139.6231042,35.7082312]},"properties":{"id":"jinja_w130989000","name":"天沼八幡神社","prefecture":null,"family":"hachiman","ai":false}},{"type":"Feature","geometry":{"type":"Point","coordinates":[139.4231916,35.681481]},"properties":{"id":"jinja_w135661399","name":"青柳稲荷神社","prefecture":null,"family":"inari","ai":false}},{"type":"Feature","geometry":{"type":"Point","coordinates":[139.6881488,35.6528688]},"properties":{"id":"jinja_w135726606","name":null,"prefecture":null,"family":"unknown","ai":false}},{"type":"Feature","geometry":{"type":"Point","coordinates":[139.6880549,35.6529475]},"properties":{"id":"jinja_w135726614","name":null,"prefecture":null,"family":"unknown","ai":false}},{"type":"Feature","geometry":{"type":"Point","coordinates":[139.6959116,35.6596482]},"properties":{"id":"jinja_w136667897","name":"千代田稲荷神社","prefecture":null,"family":"inari","ai":true}},{"type":"Feature","geometry":{"type":"Point","coordinates":[139.7035672,35.6604373]},"properties":{"id":"jinja_w138594047","name":"御嶽神社","prefecture":null,"family":"unknown","ai":true}},{"type":"Feature","geometry":{"type":"Point","coordinates":[139.7041488,35.6649841]},"properties":{"id":"jinja_w138921337","name":"穏田神社","prefecture":null,"family":"unknown","ai":true}},{"type":"Feature","geometry":{"type":"Point","coordinates":[139.4419497,35.6530699]},"properties":{"id":"jinja_w139718087","name":"小野神社","prefecture":null,"family":"unknown","ai":true}},{"type":"Feature","geometry":{"type":"Point","coordinates":[139.7062351,35.6575757]},"properties":{"id":"jinja_w141293484","name":"金王八幡宮","prefecture":null,"family":"hachiman","ai":true}},{"type":"Feature","geometry":{"type":"Point","coordinates":[139.7360988,35.704607]},"properties":{"id":"jinja_w143516722","name":"赤城神社","prefecture":"東京都","family":"unknown","ai":true}},{"type":"Feature","geometry":{"type":"Point","coordinates":[139.7468581,35.7000073]},"properties":{"id":"jinja_w144430257","name":"東京大神宮","prefecture":"東京都","family":"shinmei_ise","ai":true}},{"type":"Feature","geometry":{"type":"Point","coordinates":[139.7706324,35.7153982]},"properties":{"id":"jinja_w145344085","name":"上野東照宮","prefecture":null,"family":"unknown","ai":true}},{"type":"Feature","geometry":{"type":"Point","coordinates":[139.7480108,35.6695944]},"properties":{"id":"jinja_w145660758","name":"金刀比羅宮","prefecture":null,"family":"konpira","ai":true}},{"type":"Feature","geometry":{"type":"Point","coordinates":[139.5019284,35.7061928]},"properties":{"id":"jinja_w146352226","name":"山王稲穂神社","prefecture":null,"family":"hie_sanno","ai":false}},{"type":"Feature","geometry":{"type":"Point","coordinates":[139.7289663,35.6650628]},"properties":{"id":"jinja_w147253545","name":"天祖神社","prefecture":null,"family":"shinmei_ise","ai":true}},{"type":"Feature","geometry":{"type":"Point","coordinates":[139.7427542,35.661546]},"properties":{"id":"jinja_w148790550","name":"八幡神社","prefecture":null,"family":"hachiman","ai":true}},{"type":"Feature","geometry":{"type":"Point","coordinates":[139.7715493,35.663491]},"properties":{"id":"jinja_w149714788","name":"波除稲荷神社","prefecture":null,"family":"inari","ai":true}},{"type":"Feature","geometry":{"type":"Point","coordinates":[139.7692563,35.6964281]},"properties":{"id":"jinja_w150624644","name":"出世稲荷神社","prefecture":null,"family":"inari","ai":false}},{"type":"Feature","geometry":{"type":"Point","coordinates":[139.2670607,35.8026569]},"properties":{"id":"jinja_w152958705","name":null,"prefecture":null,"family":"unknown","ai":false}},{"type":"Feature","geometry":{"type":"Point","coordinates":[139.7036801,35.6603707]},"properties":{"id":"jinja_w155797255","name":"宮益御嶽神社","prefecture":null,"family":"unknown","ai":true}},{"type":"Feature","geometry":{"type":"Point","coordinates":[139.433867,35.65665]},"properties":{"id":"jinja_w155993835","name":null,"prefecture":null,"family":"unknown","ai":false}},{"type":"Feature","geometry":{"type":"Point","coordinates":[139.844308,35.6956268]},"properties":{"id":"jinja_w156575117","name":"浅間神社","prefecture":null,"family":"unknown","ai":true}},{"type":"Feature","geometry":{"type":"Point","coordinates":[139.814253,35.6858031]},"properties":{"id":"jinja_w156919949","name":"猿江神社","prefecture":"東京都","family":"unknown","ai":true}},{"type":"Feature","geometry":{"type":"Point","coordinates":[139.8017951,35.7027693]},"properties":{"id":"jinja_w156974973","name":"牛島神社","prefecture":null,"family":"unknown","ai":false}},{"type":"Feature","geometry":{"type":"Point","coordinates":[139.8129098,35.7329313]},"properties":{"id":"jinja_w157812973","name":"隅田川神社","prefecture":null,"family":"unknown","ai":true}},{"type":"Feature","geometry":{"type":"Point","coordinates":[139.6314001,35.7835411]},"properties":{"id":"jinja_w158319653","name":"菅原神社","prefecture":null,"family":"tenjin","ai":true}},{"type":"Feature","geometry":{"type":"Point","coordinates":[139.7108213,35.6550739]},"properties":{"id":"jinja_w158406782","name":"氷川神社","prefecture":null,"family":"gion_yasaka","ai":false}},{"type":"Feature","geometry":{"type":"Point","coordinates":[139.6160504,35.7054959]},"properties":{"id":"jinja_w159475012","name":"荻窪白山神社","prefecture":null,"family":"hakusan","ai":true}},{"type":"Feature","geometry":{"type":"Point","coordinates":[139.7223275,35.685222]},"properties":{"id":"jinja_w159499270","name":"天白稲荷神社","prefecture":null,"family":"inari","ai":false}},{"type":"Feature","geometry":{"type":"Point","coordinates":[139.3784087,35.7045563]},"properties":{"id":"jinja_w161951585","name":"十二神社","prefecture":null,"family":"unknown","ai":false}},{"type":"Feature","geometry":{"type":"Point","coordinates":[139.7618253,35.6744359]},"properties":{"id":"jinja_w162782733","name":"有楽稲荷神社","prefecture":null,"family":"inari","ai":false}},{"type":"Feature","geometry":{"type":"Point","coordinates":[139.7171057,35.7830641]},"properties":{"id":"jinja_w166908524","name":"赤羽八幡神社","prefecture":null,"family":"hachiman","ai":true}},{"type":"Feature","geometry":{"type":"Point","coordinates":[139.7168716,35.6974541]},"properties":{"id":"jinja_w169080236","name":"出世稲荷","prefecture":null,"family":"inari","ai":false}},{"type":"Feature","geometry":{"type":"Point","coordinates":[139.769697,35.6990481]},"properties":{"id":"jinja_w170401331","name":"講武稲荷神社","prefecture":null,"family":"inari","ai":true}},{"type":"Feature","geometry":{"type":"Point","coordinates":[139.4789703,35.6674953]},"properties":{"id":"jinja_w172007556","name":"大國魂神社","prefecture":null,"family":"unknown","ai":true}},{"type":"Feature","geometry":{"type":"Point","coordinates":[139.7314554,35.6075215]},"properties":{"id":"jinja_w174323712","name":"大井蔵王権現神社","prefecture":null,"family":"unknown","ai":true}},{"type":"Feature","geometry":{"type":"Point","coordinates":[139.7543391,35.7303153]},"properties":{"id":"jinja_w176607689","name":"天祖神社","prefecture":null,"family":"shinmei_ise","ai":true}},{"type":"Feature","geometry":{"type":"Point","coordinates":[139.7062357,35.6715348]},"properties":{"id":"jinja_w179091082","name":"東郷神社","prefecture":null,"family":"unknown","ai":true}},{"type":"Feature","geometry":{"type":"Point","coordinates":[139.3170768,35.7585899]},"properties":{"id":"jinja_w180102755","name":"五ノ神社","prefecture":null,"family":"unknown","ai":false}},{"type":"Feature","geometry":{"type":"Point","coordinates":[139.2587233,35.6288038]},"properties":{"id":"jinja_w180218118","name":null,"prefecture":null,"family":"unknown","ai":false}},{"type":"Feature","geometry":{"type":"Point","coordinates":[139.7995686,35.6719459]},"properties":{"id":"jinja_w180555529","name":"本殿","prefecture":null,"family":"unknown","ai":false}},{"type":"Feature","geometry":{"type":"Point","coordinates":[139.8376778,35.7373557]},"properties":{"id":"jinja_w184855228","name":"四つ木白髭神社","prefecture":null,"family":"unknown","ai":true}},{"type":"Feature","geometry":{"type":"Point","coordinates":[139.7967387,35.7472792]},"properties":{"id":"jinja_w185586336","name":"千住神社","prefecture":null,"family":"inari","ai":true}},{"type":"Feature","geometry":{"type":"Point","coordinates":[139.3684364,35.683558]},"properties":{"id":"jinja_w189024772","name":"石川天満宮","prefecture":null,"family":"tenjin","ai":false}},{"type":"Feature","geometry":{"type":"Point","coordinates":[139.7311859,35.64309]},"properties":{"id":"jinja_w193285998","name":"氷川神社","prefecture":null,"family":"gion_yasaka","ai":true}},{"type":"Feature","geometry":{"type":"Point","coordinates":[139.7403011,35.7220336]},"properties":{"id":"jinja_w195680376","name":"簸川神社","prefecture":null,"family":"unknown","ai":true}},{"type":"Feature","geometry":{"type":"Point","coordinates":[139.737934,35.7564094]},"properties":{"id":"jinja_w199769929","name":"装束稲荷神社","prefecture":null,"family":"inari","ai":false}},{"type":"Feature","geometry":{"type":"Point","coordinates":[139.3354019,35.6612837]},"properties":{"id":"jinja_w199784716","name":"八幡八雲神社","prefecture":null,"family":"hachiman","ai":true}},{"type":"Feature","geometry":{"type":"Point","coordinates":[139.3399821,35.660145]},"properties":{"id":"jinja_w199784720","name":"市守大鳥神社","prefecture":null,"family":"unknown","ai":true}},{"type":"Feature","geometry":{"type":"Point","coordinates":[139.3570284,34.7510653]},"properties":{"id":"jinja_w202049574","name":"吉谷神社","prefecture":null,"family":"unknown","ai":true}},{"type":"Feature","geometry":{"type":"Point","coordinates":[139.3834251,35.699148]},"properties":{"id":"jinja_w204196989","name":"福島神社","prefecture":null,"family":"unknown","ai":false}},{"type":"Feature","geometry":{"type":"Point","coordinates":[139.6992551,35.6000014]},"properties":{"id":"jinja_w204197778","name":"小池稲荷神社","prefecture":null,"family":"inari","ai":false}},{"type":"Feature","geometry":{"type":"Point","coordinates":[139.5802775,35.7078073]},"properties":{"id":"jinja_w205060485","name":null,"prefecture":null,"family":"unknown","ai":false}},{"type":"Feature","geometry":{"type":"Point","coordinates":[139.8415675,35.7126124]},"properties":{"id":"jinja_w209296887","name":"天祖神社","prefecture":null,"family":"shinmei_ise","ai":true}},{"type":"Feature","geometry":{"type":"Point","coordinates":[139.7112809,35.6557731]},"properties":{"id":"jinja_w211286442","name":"國學院大學神殿","prefecture":null,"family":"unknown","ai":true}},{"type":"Feature","geometry":{"type":"Point","coordinates":[139.7450568,35.7385678]},"properties":{"id":"jinja_w214097918","name":"妙義神社","prefecture":null,"family":"unknown","ai":true}},{"type":"Feature","geometry":{"type":"Point","coordinates":[139.6664335,35.6757501]},"properties":{"id":"jinja_w215261500","name":"福徳稲荷神社","prefecture":null,"family":"inari","ai":false}},{"type":"Feature","geometry":{"type":"Point","coordinates":[139.7420259,35.6457019]},"properties":{"id":"jinja_w216889523","name":"亀塚神社","prefecture":null,"family":"inari","ai":true}},{"type":"Feature","geometry":{"type":"Point","coordinates":[139.8784527,35.7713273]},"properties":{"id":"jinja_w217544141","name":"葛西神社","prefecture":"東京都","family":"kashima_katori","ai":true}},{"type":"Feature","geometry":{"type":"Point","coordinates":[139.7331312,35.5650262]},"properties":{"id":"jinja_w217744071","name":"堀ノ内三輪神社","prefecture":null,"family":"konpira","ai":true}},{"type":"Feature","geometry":{"type":"Point","coordinates":[139.7350897,35.6570211]},"properties":{"id":"jinja_w218873568","name":"十番稲荷神社","prefecture":"東京都","family":"inari","ai":true}},{"type":"Feature","geometry":{"type":"Point","coordinates":[139.2312855,35.7204371]},"properties":{"id":"jinja_w219685160","name":"八坂神社","prefecture":null,"family":"gion_yasaka","ai":false}},{"type":"Feature","geometry":{"type":"Point","coordinates":[139.736424,35.5669072]},"properties":{"id":"jinja_w219899637","name":"三輪厳嶋神社","prefecture":null,"family":"unknown","ai":false}},{"type":"Feature","geometry":{"type":"Point","coordinates":[139.7412508,35.5639874]},"properties":{"id":"jinja_w219899662","name":"稲荷神社","prefecture":null,"family":"inari","ai":false}},{"type":"Feature","geometry":{"type":"Point","coordinates":[139.7357576,35.5613678]},"properties":{"id":"jinja_w219922776","name":"子安八幡神社","prefecture":null,"family":"hachiman","ai":false}},{"type":"Feature","geometry":{"type":"Point","coordinates":[139.7382178,35.5546494]},"properties":{"id":"jinja_w219974523","name":"浜竹神社","prefecture":"東京都","family":"unknown","ai":false}},{"type":"Feature","geometry":{"type":"Point","coordinates":[139.7353479,35.5765968]},"properties":{"id":"jinja_w220439608","name":"森王稲荷神社","prefecture":null,"family":"inari","ai":false}},{"type":"Feature","geometry":{"type":"Point","coordinates":[139.7721801,35.7136986]},"properties":{"id":"jinja_w220491267","name":"五條天神社","prefecture":null,"family":"tenjin","ai":true}},{"type":"Feature","geometry":{"type":"Point","coordinates":[139.7723864,35.7138514]},"properties":{"id":"jinja_w220491278","name":"花園稲荷神社","prefecture":null,"family":"inari","ai":false}},{"type":"Feature","geometry":{"type":"Point","coordinates":[139.733113,35.5956233]},"properties":{"id":"jinja_w223257288","name":"水神社","prefecture":null,"family":"unknown","ai":false}},{"type":"Feature","geometry":{"type":"Point","coordinates":[139.7978384,35.745601]},"properties":{"id":"jinja_w224442145","name":"白幡八幡神社","prefecture":null,"family":"hachiman","ai":false}},{"type":"Feature","geometry":{"type":"Point","coordinates":[139.7106371,35.5630246]},"properties":{"id":"jinja_w224935646","name":"御園神社","prefecture":null,"family":"unknown","ai":false}},{"type":"Feature","geometry":{"type":"Point","coordinates":[139.7305994,35.5557646]},"properties":{"id":"jinja_w224935647","name":"西仲神社","prefecture":"東京都","family":"unknown","ai":false}},{"type":"Feature","geometry":{"type":"Point","coordinates":[139.7380753,35.5698503]},"properties":{"id":"jinja_w228028577","name":"貴舩神社","prefecture":null,"family":"unknown","ai":true}},{"type":"Feature","geometry":{"type":"Point","coordinates":[139.7324957,35.5558519]},"properties":{"id":"jinja_w228029301","name":"糀谷神社","prefecture":"東京都","family":"unknown","ai":false}},{"type":"Feature","geometry":{"type":"Point","coordinates":[139.7001911,35.6481149]},"properties":{"id":"jinja_w228038844","name":"猿楽神社(猿楽塚古墳)","prefecture":null,"family":"unknown","ai":false}},{"type":"Feature","geometry":{"type":"Point","coordinates":[139.7470814,35.54631]},"properties":{"id":"jinja_w228183373","name":"鴎稲荷神社","prefecture":null,"family":"inari","ai":false}},{"type":"Feature","geometry":{"type":"Point","coordinates":[139.2527529,35.6530815]},"properties":{"id":"jinja_w228462581","name":"八王子神社","prefecture":null,"family":"unknown","ai":true}},{"type":"Feature","geometry":{"type":"Point","coordinates":[139.7886727,35.6847732]},"properties":{"id":"jinja_w228940217","name":"浜町神社","prefecture":null,"family":"unknown","ai":false}},{"type":"Feature","geometry":{"type":"Point","coordinates":[139.6712289,35.6971822]},"properties":{"id":"jinja_w229027130","name":"五柱五成神社","prefecture":null,"family":"unknown","ai":false}},{"type":"Feature","geometry":{"type":"Point","coordinates":[139.7446866,35.5562811]},"properties":{"id":"jinja_w229031997","name":"村守稲荷神社","prefecture":"東京都","family":"inari","ai":false}},{"type":"Feature","geometry":{"type":"Point","coordinates":[139.7897864,35.7018499]},"properties":{"id":"jinja_w229548462","name":"揖取稲荷神社","prefecture":null,"family":"inari","ai":false}},{"type":"Feature","geometry":{"type":"Point","coordinates":[139.7846596,35.7012557]},"properties":{"id":"jinja_w229969591","name":"甚内神社","prefecture":null,"family":"unknown","ai":false}},{"type":"Feature","geometry":{"type":"Point","coordinates":[139.7505236,35.5458065]},"properties":{"id":"jinja_w231407236","name":"玉川弁財天","prefecture":null,"family":"unknown","ai":false}},{"type":"Feature","geometry":{"type":"Point","coordinates":[139.768058,35.696078]},"properties":{"id":"jinja_w231665106","name":"延壽稲荷神社","prefecture":null,"family":"inari","ai":false}},{"type":"Feature","geometry":{"type":"Point","coordinates":[139.7630784,35.6964298]},"properties":{"id":"jinja_w231665817","name":"太田姫稲荷神社","prefecture":"東京都","family":"inari","ai":true}},{"type":"Feature","geometry":{"type":"Point","coordinates":[139.7247041,35.5488524]},"properties":{"id":"jinja_w232769158","name":"妙法稲荷神社","prefecture":null,"family":"inari","ai":false}},{"type":"Feature","geometry":{"type":"Point","coordinates":[139.7356331,35.5851416]},"properties":{"id":"jinja_w233362923","name":"磐井神社","prefecture":null,"family":"hachiman","ai":true}},{"type":"Feature","geometry":{"type":"Point","coordinates":[139.7961243,35.7370764]},"properties":{"id":"jinja_w235078257","name":"素盞雄神社","prefecture":null,"family":"gion_yasaka","ai":true}},{"type":"Feature","geometry":{"type":"Point","coordinates":[139.3380342,35.6398731]},"properties":{"id":"jinja_w235401206","name":"住吉神社","prefecture":null,"family":"sumiyoshi","ai":false}},{"type":"Feature","geometry":{"type":"Point","coordinates":[139.709569,35.6779241]},"properties":{"id":"jinja_w235639469","name":"鳩森八幡神社","prefecture":null,"family":"hachiman","ai":true}},{"type":"Feature","geometry":{"type":"Point","coordinates":[139.7716619,35.7471284]},"properties":{"id":"jinja_w237177491","name":"伏見稲荷","prefecture":null,"family":"inari","ai":false}},{"type":"Feature","geometry":{"type":"Point","coordinates":[139.791721,35.7383583]},"properties":{"id":"jinja_w237177493","name":"若宮八幡宮","prefecture":null,"family":"hachiman","ai":false}},{"type":"Feature","geometry":{"type":"Point","coordinates":[139.7991166,35.7383285]},"properties":{"id":"jinja_w238156270","name":"日枝神社","prefecture":null,"family":"hie_sanno","ai":false}},{"type":"Feature","geometry":{"type":"Point","coordinates":[139.7848219,35.7259786]},"properties":{"id":"jinja_w238465922","name":"石稲荷神社","prefecture":null,"family":"inari","ai":false}},{"type":"Feature","geometry":{"type":"Point","coordinates":[139.4685654,35.7041627]},"properties":{"id":"jinja_w239953883","name":"熊野神社","prefecture":null,"family":"kumano","ai":true}},{"type":"Feature","geometry":{"type":"Point","coordinates":[139.1499411,35.7828215]},"properties":{"id":"jinja_w239972092","name":"拝殿","prefecture":null,"family":"unknown","ai":false}},{"type":"Feature","geometry":{"type":"Point","coordinates":[139.7593639,35.707698]},"properties":{"id":"jinja_w241193890","name":"桜木神社","prefecture":null,"family":"tenjin","ai":true}},{"type":"Feature","geometry":{"type":"Point","coordinates":[139.7508594,35.5473031]},"properties":{"id":"jinja_w242961686","name":"白魚稲荷神社","prefecture":"東京都","family":"inari","ai":false}},{"type":"Feature","geometry":{"type":"Point","coordinates":[139.2129421,34.3340098]},"properties":{"id":"jinja_w243027170","name":"泊神社御神楽殿","prefecture":null,"family":"unknown","ai":false}},{"type":"Feature","geometry":{"type":"Point","coordinates":[139.7133665,35.6975551]},"properties":{"id":"jinja_w243420620","name":"厳嶋神社","prefecture":null,"family":"munakata","ai":true}},{"type":"Feature","geometry":{"type":"Point","coordinates":[139.7779181,35.7224607]},"properties":{"id":"jinja_w243433345","name":"元三島神社","prefecture":null,"family":"unknown","ai":true}},{"type":"Feature","geometry":{"type":"Point","coordinates":[139.8130611,35.7250949]},"properties":{"id":"jinja_w243502638","name":"白鬚神社","prefecture":null,"family":"unknown","ai":true}},{"type":"Feature","geometry":{"type":"Point","coordinates":[139.7588103,35.7360632]},"properties":{"id":"jinja_w243504820","name":"田端八幡神社","prefecture":null,"family":"hachiman","ai":true}},{"type":"Feature","geometry":{"type":"Point","coordinates":[139.8209451,35.7065574]},"properties":{"id":"jinja_w243642221","name":"天祖神社","prefecture":null,"family":"shinmei_ise","ai":true}},{"type":"Feature","geometry":{"type":"Point","coordinates":[139.7383168,35.6675239]},"properties":{"id":"jinja_w243653475","name":"久国神社","prefecture":null,"family":"unknown","ai":false}},{"type":"Feature","geometry":{"type":"Point","coordinates":[139.8408362,35.6907739]},"properties":{"id":"jinja_w246752608","name":"東大島神社","prefecture":null,"family":"inari","ai":false}},{"type":"Feature","geometry":{"type":"Point","coordinates":[139.2740721,35.6440772]},"properties":{"id":"jinja_w247978975","name":"白山神社","prefecture":null,"family":"hakusan","ai":false}},{"type":"Feature","geometry":{"type":"Point","coordinates":[139.7249443,35.7860998]},"properties":{"id":"jinja_w249229824","name":"八雲神社","prefecture":null,"family":"gion_yasaka","ai":true}},{"type":"Feature","geometry":{"type":"Point","coordinates":[139.341415,35.6590725]},"properties":{"id":"jinja_w249492317","name":"子安神社","prefecture":null,"family":"unknown","ai":true}},{"type":"Feature","geometry":{"type":"Point","coordinates":[139.6431918,35.7746807]},"properties":{"id":"jinja_w251121894","name":"赤塚稲荷神社","prefecture":null,"family":"inari","ai":true}},{"type":"Feature","geometry":{"type":"Point","coordinates":[139.766973,35.7308832]},"properties":{"id":"jinja_w252709160","name":"諏方神社","prefecture":null,"family":"unknown","ai":true}},{"type":"Feature","geometry":{"type":"Point","coordinates":[139.6918492,35.5628477]},"properties":{"id":"jinja_w254606080","name":"十寄神社(十騎神社)","prefecture":null,"family":"unknown","ai":true}},{"type":"Feature","geometry":{"type":"Point","coordinates":[139.6948745,35.5580243]},"properties":{"id":"jinja_w254606094","name":"東八幡神社","prefecture":null,"family":"hachiman","ai":false}},{"type":"Feature","geometry":{"type":"Point","coordinates":[139.6926814,35.5678134]},"properties":{"id":"jinja_w254606096","name":"矢口中稲荷神社","prefecture":null,"family":"inari","ai":false}},{"type":"Feature","geometry":{"type":"Point","coordinates":[139.4516668,35.5383495]},"properties":{"id":"jinja_w257050342","name":"町田天満宮","prefecture":null,"family":"tenjin","ai":false}},{"type":"Feature","geometry":{"type":"Point","coordinates":[139.7404432,35.5468441]},"properties":{"id":"jinja_w261746147","name":"羽田神社","prefecture":"東京都","family":"gion_yasaka","ai":true}},{"type":"Feature","geometry":{"type":"Point","coordinates":[139.7367898,35.5466797]},"properties":{"id":"jinja_w261771962","name":"中村天祖神社","prefecture":null,"family":"unknown","ai":false}},{"type":"Feature","geometry":{"type":"Point","coordinates":[139.7799701,35.6930505]},"properties":{"id":"jinja_w264452017","name":"竹森神社","prefecture":null,"family":"unknown","ai":false}},{"type":"Feature","geometry":{"type":"Point","coordinates":[139.5542865,35.6773493]},"properties":{"id":"jinja_w265401645","name":"諏訪神社","prefecture":null,"family":"suwa","ai":false}},{"type":"Feature","geometry":{"type":"Point","coordinates":[139.7429513,35.6586078]},"properties":{"id":"jinja_w268990691","name":"熊野神社","prefecture":"東京都","family":"kumano","ai":false}},{"type":"Feature","geometry":{"type":"Point","coordinates":[139.7631267,35.6964697]},"properties":{"id":"jinja_w269233675","name":"太田姫稲荷神社","prefecture":null,"family":"inari","ai":true}},{"type":"Feature","geometry":{"type":"Point","coordinates":[139.7423128,35.6046674]},"properties":{"id":"jinja_w279067985","name":"八幡神社","prefecture":null,"family":"hachiman","ai":true}},{"type":"Feature","geometry":{"type":"Point","coordinates":[139.7162378,35.5513437]},"properties":{"id":"jinja_w279068003","name":"熊野神社","prefecture":null,"family":"kumano","ai":false}},{"type":"Feature","geometry":{"type":"Point","coordinates":[139.6900428,35.6857701]},"properties":{"id":"jinja_w285017459","name":"銀世界稲荷大明神","prefecture":null,"family":"inari","ai":false}},{"type":"Feature","geometry":{"type":"Point","coordinates":[139.6774312,35.5910725]},"properties":{"id":"jinja_w286841516","name":"稲荷神社","prefecture":null,"family":"inari","ai":false}},{"type":"Feature","geometry":{"type":"Point","coordinates":[139.2212078,35.7102046]},"properties":{"id":"jinja_w292610352","name":"今熊神社 (遥拝殿)","prefecture":null,"family":"unknown","ai":false}},{"type":"Feature","geometry":{"type":"Point","coordinates":[139.2473646,35.7213698]},"properties":{"id":"jinja_w293754841","name":"貴志嶋神社","prefecture":null,"family":"unknown","ai":false}},{"type":"Feature","geometry":{"type":"Point","coordinates":[139.7236573,35.6505366]},"properties":{"id":"jinja_w294300778","name":"広尾神社","prefecture":null,"family":"unknown","ai":false}},{"type":"Feature","geometry":{"type":"Point","coordinates":[139.2178981,35.7407501]},"properties":{"id":"jinja_w294561504","name":"穴澤天神社","prefecture":null,"family":"tenjin","ai":false}},{"type":"Feature","geometry":{"type":"Point","coordinates":[139.5349451,35.7985474]},"properties":{"id":"jinja_w299433746","name":"八幡神社","prefecture":null,"family":"hachiman","ai":false}},{"type":"Feature","geometry":{"type":"Point","coordinates":[139.5436802,35.7983229]},"properties":{"id":"jinja_w299618538","name":"松宮稲荷神社","prefecture":null,"family":"inari","ai":false}},{"type":"Feature","geometry":{"type":"Point","coordinates":[139.209438,35.7259511]},"properties":{"id":"jinja_w299798108","name":"子生神社","prefecture":null,"family":"unknown","ai":false}},{"type":"Feature","geometry":{"type":"Point","coordinates":[139.2367167,35.6999713]},"properties":{"id":"jinja_w300967564","name":"日枝神社","prefecture":null,"family":"hie_sanno","ai":false}},{"type":"Feature","geometry":{"type":"Point","coordinates":[139.1700881,35.759079]},"properties":{"id":"jinja_w301254685","name":"養沢神社","prefecture":null,"family":"unknown","ai":false}},{"type":"Feature","geometry":{"type":"Point","coordinates":[139.2680769,35.6801045]},"properties":{"id":"jinja_w302162670","name":"菅原神社","prefecture":null,"family":"unknown","ai":false}},{"type":"Feature","geometry":{"type":"Point","coordinates":[139.2896634,35.6777083]},"properties":{"id":"jinja_w302171207","name":"諏訪神社","prefecture":null,"family":"suwa","ai":false}},{"type":"Feature","geometry":{"type":"Point","coordinates":[139.2612204,35.701434]},"properties":{"id":"jinja_w302192710","name":"熊野神社・八雲神社","prefecture":null,"family":"kumano","ai":false}},{"type":"Feature","geometry":{"type":"Point","coordinates":[139.2159588,35.7107152]},"properties":{"id":"jinja_w303333280","name":"今熊神社 (本殿)","prefecture":null,"family":"unknown","ai":false}},{"type":"Feature","geometry":{"type":"Point","coordinates":[139.6369716,35.6277204]},"properties":{"id":"jinja_w303768856","name":"用賀神社","prefecture":null,"family":"shinmei_ise","ai":true}},{"type":"Feature","geometry":{"type":"Point","coordinates":[139.7177016,35.7071143]},"properties":{"id":"jinja_w303959206","name":"穴八幡宮","prefecture":"東京都","family":"hachiman","ai":true}},{"type":"Feature","geometry":{"type":"Point","coordinates":[139.6316155,35.697802]},"properties":{"id":"jinja_w305395576","name":"成宗須賀神社","prefecture":null,"family":"gion_yasaka","ai":true}},{"type":"Feature","geometry":{"type":"Point","coordinates":[139.5747501,35.6995599]},"properties":{"id":"jinja_w305689256","name":"井の頭弁財天神社","prefecture":null,"family":"tenjin","ai":false}},{"type":"Feature","geometry":{"type":"Point","coordinates":[139.2569382,35.7019382]},"properties":{"id":"jinja_w307306473","name":"馬頭観世音","prefecture":null,"family":"unknown","ai":false}},{"type":"Feature","geometry":{"type":"Point","coordinates":[139.2540891,35.7049598]},"properties":{"id":"jinja_w307313414","name":"田守神社","prefecture":null,"family":"unknown","ai":false}},{"type":"Feature","geometry":{"type":"Point","coordinates":[139.6510099,35.7047184]},"properties":{"id":"jinja_w308023767","name":"気象神社","prefecture":null,"family":"unknown","ai":false}},{"type":"Feature","geometry":{"type":"Point","coordinates":[139.7797308,35.6703821]},"properties":{"id":"jinja_w309524881","name":null,"prefecture":null,"family":"unknown","ai":false}},{"type":"Feature","geometry":{"type":"Point","coordinates":[139.72105,35.6497388]},"properties":{"id":"jinja_w310081655","name":"広尾紫天閣","prefecture":null,"family":"unknown","ai":false}},{"type":"Feature","geometry":{"type":"Point","coordinates":[139.7226912,35.6568203]},"properties":{"id":"jinja_w310085600","name":"神道大教院","prefecture":null,"family":"unknown","ai":false}},{"type":"Feature","geometry":{"type":"Point","coordinates":[139.4159568,35.670656]},"properties":{"id":"jinja_w320514895","name":"八幡大神社","prefecture":null,"family":"hachiman","ai":false}},{"type":"Feature","geometry":{"type":"Point","coordinates":[139.7024349,35.7643374]},"properties":{"id":"jinja_w324372820","name":"清水稲荷神社","prefecture":null,"family":"inari","ai":true}},{"type":"Feature","geometry":{"type":"Point","coordinates":[139.745707,35.6181361]},"properties":{"id":"jinja_w325664576","name":"寄木神社","prefecture":null,"family":"unknown","ai":true}},{"type":"Feature","geometry":{"type":"Point","coordinates":[139.7399916,35.6184327]},"properties":{"id":"jinja_w325692053","name":"品川神社","prefecture":null,"family":"inari","ai":true}},{"type":"Feature","geometry":{"type":"Point","coordinates":[139.7435786,35.6170488]},"properties":{"id":"jinja_w325692055","name":"荏原神社","prefecture":"東京都","family":"unknown","ai":true}},{"type":"Feature","geometry":{"type":"Point","coordinates":[139.321577,35.6970839]},"properties":{"id":"jinja_w326213738","name":"勝手神社","prefecture":null,"family":"unknown","ai":false}},{"type":"Feature","geometry":{"type":"Point","coordinates":[139.6120714,35.662759]},"properties":{"id":"jinja_w328326191","name":"八幡神社","prefecture":null,"family":"hachiman","ai":true}},{"type":"Feature","geometry":{"type":"Point","coordinates":[139.6122337,35.662781]},"properties":{"id":"jinja_w328326205","name":null,"prefecture":null,"family":"unknown","ai":false}},{"type":"Feature","geometry":{"type":"Point","coordinates":[139.6115261,35.625092]},"properties":{"id":"jinja_w330742466","name":"大蔵氷川神社","prefecture":null,"family":"unknown","ai":true}},{"type":"Feature","geometry":{"type":"Point","coordinates":[139.6112473,35.6251425]},"properties":{"id":"jinja_w330742467","name":"大蔵氷川神社社務所","prefecture":null,"family":"unknown","ai":false}},{"type":"Feature","geometry":{"type":"Point","coordinates":[139.7902846,35.6836062]},"properties":{"id":"jinja_w331612051","name":"金刀比羅宮","prefecture":null,"family":"konpira","ai":false}},{"type":"Feature","geometry":{"type":"Point","coordinates":[139.7922822,35.7144987]},"properties":{"id":"jinja_w332658109","name":"感應稲荷神社","prefecture":null,"family":"inari","ai":false}},{"type":"Feature","geometry":{"type":"Point","coordinates":[139.7666319,35.6722175]},"properties":{"id":"jinja_w333936877","name":"龍光不動尊","prefecture":null,"family":"unknown","ai":false}},{"type":"Feature","geometry":{"type":"Point","coordinates":[139.7359396,35.7531976]},"properties":{"id":"jinja_w334122643","name":"王子神社","prefecture":"東京都","family":"shinmei_ise","ai":true}},{"type":"Feature","geometry":{"type":"Point","coordinates":[139.7789857,35.6810455]},"properties":{"id":"jinja_w341362350","name":"日枝神社日本橋摂社","prefecture":null,"family":"hie_sanno","ai":true}},{"type":"Feature","geometry":{"type":"Point","coordinates":[139.7266222,35.5600519]},"properties":{"id":"jinja_w356238842","name":"北野神社","prefecture":null,"family":"unknown","ai":false}},{"type":"Feature","geometry":{"type":"Point","coordinates":[139.7858458,35.6980619]},"properties":{"id":"jinja_w363543409","name":"銀杏岡八幡神社","prefecture":null,"family":"hachiman","ai":true}},{"type":"Feature","geometry":{"type":"Point","coordinates":[139.7870937,35.6991993]},"properties":{"id":"jinja_w363543410","name":"須賀神社","prefecture":null,"family":"gion_yasaka","ai":true}},{"type":"Feature","geometry":{"type":"Point","coordinates":[139.7891832,35.7001528]},"properties":{"id":"jinja_w363543412","name":"榊神社","prefecture":null,"family":"unknown","ai":true}},{"type":"Feature","geometry":{"type":"Point","coordinates":[139.7796828,35.6883449]},"properties":{"id":"jinja_w363557709","name":"椙森神社","prefecture":null,"family":"inari","ai":true}},{"type":"Feature","geometry":{"type":"Point","coordinates":[139.7158276,35.5575202]},"properties":{"id":"jinja_w363836351","name":"新宿稲荷神社","prefecture":null,"family":"inari","ai":false}},{"type":"Feature","geometry":{"type":"Point","coordinates":[139.6369883,35.7072214]},"properties":{"id":"jinja_w364603042","name":"阿佐谷神明宮","prefecture":"東京都","family":"shinmei_ise","ai":true}},{"type":"Feature","geometry":{"type":"Point","coordinates":[139.64634,35.7703313]},"properties":{"id":"jinja_w364837294","name":"諏訪神社","prefecture":null,"family":"suwa","ai":false}},{"type":"Feature","geometry":{"type":"Point","coordinates":[139.7171345,35.6667822]},"properties":{"id":"jinja_w371604118","name":"船光稲荷神社","prefecture":null,"family":"inari","ai":false}},{"type":"Feature","geometry":{"type":"Point","coordinates":[139.7232952,35.7123413]},"properties":{"id":"jinja_w372572642","name":"水神社","prefecture":null,"family":"unknown","ai":false}},{"type":"Feature","geometry":{"type":"Point","coordinates":[139.7248791,35.7190451]},"properties":{"id":"jinja_w372572645","name":"稲荷神社","prefecture":null,"family":"inari","ai":true}},{"type":"Feature","geometry":{"type":"Point","coordinates":[139.7544889,35.7016464]},"properties":{"id":"jinja_w374396948","name":"三崎稲荷神社","prefecture":null,"family":"inari","ai":true}},{"type":"Feature","geometry":{"type":"Point","coordinates":[139.715619,35.711379]},"properties":{"id":"jinja_w375904664","name":"水稲荷神社","prefecture":"東京都","family":"inari","ai":true}},{"type":"Feature","geometry":{"type":"Point","coordinates":[139.8342442,35.6755693]},"properties":{"id":"jinja_w376993756","name":"金森稲荷神社","prefecture":null,"family":"inari","ai":false}},{"type":"Feature","geometry":{"type":"Point","coordinates":[139.6961398,35.752429]},"properties":{"id":"jinja_w380721049","name":"轡神社","prefecture":"東京都","family":"unknown","ai":true}},{"type":"Feature","geometry":{"type":"Point","coordinates":[139.149499,35.7829264]},"properties":{"id":"jinja_w383209781","name":"常磐堅磐社(旧本殿)","prefecture":null,"family":"unknown","ai":false}},{"type":"Feature","geometry":{"type":"Point","coordinates":[139.1496807,35.782739]},"properties":{"id":"jinja_w383209782","name":"八柱社","prefecture":null,"family":"unknown","ai":false}},{"type":"Feature","geometry":{"type":"Point","coordinates":[139.1497293,35.7828431]},"properties":{"id":"jinja_w383209783","name":"本殿","prefecture":null,"family":"unknown","ai":false}},{"type":"Feature","geometry":{"type":"Point","coordinates":[139.1495397,35.7828548]},"properties":{"id":"jinja_w383209784","name":"神明社","prefecture":null,"family":"shinmei_ise","ai":false}},{"type":"Feature","geometry":{"type":"Point","coordinates":[139.1493333,35.7828905]},"properties":{"id":"jinja_w383211969","name":"大口真神社","prefecture":null,"family":"unknown","ai":false}},{"type":"Feature","geometry":{"type":"Point","coordinates":[139.2659352,35.7919781]},"properties":{"id":"jinja_w383388676","name":"勝沼神社","prefecture":null,"family":"unknown","ai":false}},{"type":"Feature","geometry":{"type":"Point","coordinates":[139.2737682,35.7945971]},"properties":{"id":"jinja_w383562165","name":"師岡神社","prefecture":null,"family":"unknown","ai":false}},{"type":"Feature","geometry":{"type":"Point","coordinates":[139.284648,35.7961272]},"properties":{"id":"jinja_w383562173","name":"春日神社本殿","prefecture":null,"family":"kasuga","ai":false}},{"type":"Feature","geometry":{"type":"Point","coordinates":[139.2585002,35.7929375]},"properties":{"id":"jinja_w383606210","name":"金刀比羅神社","prefecture":null,"family":"konpira","ai":false}},{"type":"Feature","geometry":{"type":"Point","coordinates":[139.2759523,35.7864718]},"properties":{"id":"jinja_w383606211","name":"千ケ瀬神社","prefecture":null,"family":"unknown","ai":false}},{"type":"Feature","geometry":{"type":"Point","coordinates":[139.2719004,35.7920526]},"properties":{"id":"jinja_w383935938","name":"正一位稲荷神社","prefecture":null,"family":"inari","ai":false}},{"type":"Feature","geometry":{"type":"Point","coordinates":[139.6874429,35.758578]},"properties":{"id":"jinja_w389492580","name":"天祖神社","prefecture":"東京都","family":"shinmei_ise","ai":true}},{"type":"Feature","geometry":{"type":"Point","coordinates":[139.8023283,35.7269353]},"properties":{"id":"jinja_w390235125","name":"玉姫稲荷神社","prefecture":null,"family":"inari","ai":true}},{"type":"Feature","geometry":{"type":"Point","coordinates":[139.7208727,35.6854764]},"properties":{"id":"jinja_w390405283","name":"お岩稲荷田宮神社","prefecture":"東京都","family":"inari","ai":true}},{"type":"Feature","geometry":{"type":"Point","coordinates":[139.7225902,35.6853643]},"properties":{"id":"jinja_w390405317","name":"須賀神社","prefecture":"東京都","family":"inari","ai":true}},{"type":"Feature","geometry":{"type":"Point","coordinates":[139.8009682,35.7267912]},"properties":{"id":"jinja_w391030346","name":"寶珠稲荷神社","prefecture":null,"family":"inari","ai":false}},{"type":"Feature","geometry":{"type":"Point","coordinates":[139.6973025,35.6393042]},"properties":{"id":"jinja_w394889777","name":"天祖神社","prefecture":null,"family":"unknown","ai":false}},{"type":"Feature","geometry":{"type":"Point","coordinates":[139.699054,35.6432777]},"properties":{"id":"jinja_w394889789","name":"第六天社","prefecture":null,"family":"unknown","ai":false}},{"type":"Feature","geometry":{"type":"Point","coordinates":[139.7358282,35.553293]},"properties":{"id":"jinja_w395545096","name":"三徳稲荷神社","prefecture":"東京都","family":"inari","ai":false}},{"type":"Feature","geometry":{"type":"Point","coordinates":[139.7340832,35.5581618]},"properties":{"id":"jinja_w395545097","name":"仲江名 天祖神社","prefecture":null,"family":"unknown","ai":false}},{"type":"Feature","geometry":{"type":"Point","coordinates":[139.7325838,35.5579137]},"properties":{"id":"jinja_w395545098","name":"西一仲江名神社","prefecture":"東京都","family":"unknown","ai":false}},{"type":"Feature","geometry":{"type":"Point","coordinates":[139.7359321,35.5533589]},"properties":{"id":"jinja_w395551665","name":"天満宮","prefecture":null,"family":"tenjin","ai":false}},{"type":"Feature","geometry":{"type":"Point","coordinates":[139.7305167,35.555873]},"properties":{"id":"jinja_w395551668","name":null,"prefecture":null,"family":"unknown","ai":false}},{"type":"Feature","geometry":{"type":"Point","coordinates":[139.7305764,35.5558538]},"properties":{"id":"jinja_w395551698","name":"瘡守稲荷神社","prefecture":null,"family":"inari","ai":false}},{"type":"Feature","geometry":{"type":"Point","coordinates":[139.3412281,35.6589336]},"properties":{"id":"jinja_w400493880","name":"神楽館","prefecture":null,"family":"unknown","ai":false}},{"type":"Feature","geometry":{"type":"Point","coordinates":[139.341426,35.659411]},"properties":{"id":"jinja_w400493886","name":"大黒神","prefecture":null,"family":"unknown","ai":false}},{"type":"Feature","geometry":{"type":"Point","coordinates":[139.5381651,35.6577561]},"properties":{"id":"jinja_w417599593","name":"八幡神社","prefecture":null,"family":"hachiman","ai":false}},{"type":"Feature","geometry":{"type":"Point","coordinates":[139.7952942,35.6864387]},"properties":{"id":"jinja_w419990764","name":"八名川稲荷神社","prefecture":null,"family":"inari","ai":false}},{"type":"Feature","geometry":{"type":"Point","coordinates":[139.7000301,35.6761308]},"properties":{"id":"jinja_w439181099","name":"神楽殿","prefecture":null,"family":"unknown","ai":false}},{"type":"Feature","geometry":{"type":"Point","coordinates":[139.6512985,35.7046029]},"properties":{"id":"jinja_w440454862","name":"氷川神社","prefecture":null,"family":"gion_yasaka","ai":true}},{"type":"Feature","geometry":{"type":"Point","coordinates":[139.6425699,35.7029604]},"properties":{"id":"jinja_w440560885","name":"馬橋稲荷神社","prefecture":"東京都","family":"inari","ai":true}},{"type":"Feature","geometry":{"type":"Point","coordinates":[139.7744267,35.6761189]},"properties":{"id":"jinja_w442040184","name":"天祖神社","prefecture":null,"family":"unknown","ai":false}},{"type":"Feature","geometry":{"type":"Point","coordinates":[139.7462013,35.5469881]},"properties":{"id":"jinja_w442140635","name":"弥五エ門稲荷神社","prefecture":null,"family":"inari","ai":false}},{"type":"Feature","geometry":{"type":"Point","coordinates":[139.7263809,35.6969376]},"properties":{"id":"jinja_w443342031","name":"中守稲荷神社","prefecture":null,"family":"inari","ai":false}},{"type":"Feature","geometry":{"type":"Point","coordinates":[139.2129199,34.3337458]},"properties":{"id":"jinja_w444238057","name":"泊神社拝殿","prefecture":null,"family":"unknown","ai":true}},{"type":"Feature","geometry":{"type":"Point","coordinates":[139.666206,35.7152705]},"properties":{"id":"jinja_w446818890","name":"大鳥神社","prefecture":null,"family":"unknown","ai":false}},{"type":"Feature","geometry":{"type":"Point","coordinates":[139.6661799,35.7151668]},"properties":{"id":"jinja_w446818891","name":"寶樹稲荷社","prefecture":null,"family":"inari","ai":false}},{"type":"Feature","geometry":{"type":"Point","coordinates":[139.727995,35.668586]},"properties":{"id":"jinja_w449791216","name":"乃木神社","prefecture":"東京都","family":"unknown","ai":true}},{"type":"Feature","geometry":{"type":"Point","coordinates":[139.3282622,35.6974439]},"properties":{"id":"jinja_w450189281","name":"御嶽神社","prefecture":null,"family":"unknown","ai":false}},{"type":"Feature","geometry":{"type":"Point","coordinates":[139.3405276,35.6904208]},"properties":{"id":"jinja_w450189299","name":"八雲神社","prefecture":null,"family":"unknown","ai":false}},{"type":"Feature","geometry":{"type":"Point","coordinates":[139.7230751,35.7689131]},"properties":{"id":"jinja_w450426510","name":"若宮八幡神社","prefecture":null,"family":"hachiman","ai":false}},{"type":"Feature","geometry":{"type":"Point","coordinates":[139.4476426,35.5594664]},"properties":{"id":"jinja_w451573914","name":"菅原神社","prefecture":null,"family":"tenjin","ai":true}},{"type":"Feature","geometry":{"type":"Point","coordinates":[139.485075,34.0556768]},"properties":{"id":"jinja_w452682420","name":"富賀神社","prefecture":null,"family":"unknown","ai":true}},{"type":"Feature","geometry":{"type":"Point","coordinates":[139.7599202,35.7204038]},"properties":{"id":"jinja_w454902611","name":"駒込稲荷神社","prefecture":null,"family":"inari","ai":false}},{"type":"Feature","geometry":{"type":"Point","coordinates":[139.3128964,35.7563688]},"properties":{"id":"jinja_w455077807","name":null,"prefecture":null,"family":"unknown","ai":false}},{"type":"Feature","geometry":{"type":"Point","coordinates":[139.8148202,35.6821816]},"properties":{"id":"jinja_w464284025","name":"宇迦八幡宮","prefecture":null,"family":"hachiman","ai":false}},{"type":"Feature","geometry":{"type":"Point","coordinates":[139.7607627,35.7200041]},"properties":{"id":"jinja_w464629204","name":"根津神社","prefecture":"東京都","family":"hachiman","ai":true}},{"type":"Feature","geometry":{"type":"Point","coordinates":[139.7832307,35.6680583]},"properties":{"id":"jinja_w466017710","name":"住吉大社","prefecture":null,"family":"sumiyoshi","ai":true}},{"type":"Feature","geometry":{"type":"Point","coordinates":[139.7833364,35.6669037]},"properties":{"id":"jinja_w466071121","name":"波除於咲稲荷大明神 & 於咲稲荷神社","prefecture":null,"family":"inari","ai":false}},{"type":"Feature","geometry":{"type":"Point","coordinates":[139.6994785,35.6750484]},"properties":{"id":"jinja_w469908925","name":"明治神宮","prefecture":"東京都","family":"unknown","ai":true}},{"type":"Feature","geometry":{"type":"Point","coordinates":[139.7063008,35.7363979]},"properties":{"id":"jinja_w469963592","name":"御獄神社","prefecture":null,"family":"unknown","ai":false}},{"type":"Feature","geometry":{"type":"Point","coordinates":[139.6991777,35.7167937]},"properties":{"id":"jinja_w472434151","name":"氷川神社","prefecture":null,"family":"gion_yasaka","ai":true}},{"type":"Feature","geometry":{"type":"Point","coordinates":[139.6993877,35.7012111]},"properties":{"id":"jinja_w478408879","name":null,"prefecture":null,"family":"unknown","ai":false}},{"type":"Feature","geometry":{"type":"Point","coordinates":[139.7488172,35.6649257]},"properties":{"id":"jinja_w481152677","name":"愛宕神社","prefecture":null,"family":"atago","ai":true}},{"type":"Feature","geometry":{"type":"Point","coordinates":[139.6699599,35.5875471]},"properties":{"id":"jinja_w485034155","name":"誠成公倫 田園調布研修所","prefecture":null,"family":"unknown","ai":false}},{"type":"Feature","geometry":{"type":"Point","coordinates":[139.7886535,35.6967706]},"properties":{"id":"jinja_w486145932","name":"火伏神 石塚稲荷神社","prefecture":null,"family":"inari","ai":false}},{"type":"Feature","geometry":{"type":"Point","coordinates":[139.7150563,35.6244621]},"properties":{"id":"jinja_w499446728","name":"桐ヶ谷氷川神社","prefecture":null,"family":"gion_yasaka","ai":true}},{"type":"Feature","geometry":{"type":"Point","coordinates":[139.5504399,35.6614113]},"properties":{"id":"jinja_w500629094","name":"虎狛神社","prefecture":null,"family":"unknown","ai":true}},{"type":"Feature","geometry":{"type":"Point","coordinates":[139.7665096,35.6899518]},"properties":{"id":"jinja_w504552680","name":"御宿稲荷神社","prefecture":null,"family":"inari","ai":true}},{"type":"Feature","geometry":{"type":"Point","coordinates":[139.7694112,35.6911722]},"properties":{"id":"jinja_w504553390","name":"佐竹稲荷神社","prefecture":null,"family":"inari","ai":false}},{"type":"Feature","geometry":{"type":"Point","coordinates":[139.7685753,35.7043938]},"properties":{"id":"jinja_w505522720","name":"花姫稲荷","prefecture":null,"family":"inari","ai":false}},{"type":"Feature","geometry":{"type":"Point","coordinates":[139.7254007,35.7628621]},"properties":{"id":"jinja_w505810796","name":"十条富士神社","prefecture":null,"family":"unknown","ai":true}},{"type":"Feature","geometry":{"type":"Point","coordinates":[139.761907,35.7077041]},"properties":{"id":"jinja_w506389175","name":"富士浅間神社","prefecture":null,"family":"unknown","ai":false}},{"type":"Feature","geometry":{"type":"Point","coordinates":[139.7405725,35.7010379]},"properties":{"id":"jinja_w507282415","name":"伏見火防稲荷神社","prefecture":null,"family":"inari","ai":false}},{"type":"Feature","geometry":{"type":"Point","coordinates":[139.7857711,35.7019971]},"properties":{"id":"jinja_w507462590","name":"鳥越神社","prefecture":null,"family":"unknown","ai":true}},{"type":"Feature","geometry":{"type":"Point","coordinates":[139.739932,35.6746457]},"properties":{"id":"jinja_w509411458","name":"日枝神社","prefecture":"東京都","family":"hie_sanno","ai":true}},{"type":"Feature","geometry":{"type":"Point","coordinates":[139.7237755,35.7844675]},"properties":{"id":"jinja_w511183120","name":"辻稲荷大明神","prefecture":null,"family":"inari","ai":false}},{"type":"Feature","geometry":{"type":"Point","coordinates":[139.706452,35.6575499]},"properties":{"id":"jinja_w511276638","name":"金王八幡宮","prefecture":"東京都","family":"hachiman","ai":true}},{"type":"Feature","geometry":{"type":"Point","coordinates":[139.7062236,35.6571636]},"properties":{"id":"jinja_w511276646","name":"豐榮稲荷神社","prefecture":null,"family":"inari","ai":true}},{"type":"Feature","geometry":{"type":"Point","coordinates":[139.2782484,34.5303306]},"properties":{"id":"jinja_w512532524","name":"八幡神社","prefecture":null,"family":"hachiman","ai":false}},{"type":"Feature","geometry":{"type":"Point","coordinates":[139.2769171,34.5295798]},"properties":{"id":"jinja_w512532525","name":"阿豆佐和氣命神社","prefecture":null,"family":"unknown","ai":true}},{"type":"Feature","geometry":{"type":"Point","coordinates":[139.2775608,34.5286639]},"properties":{"id":"jinja_w512532526","name":"堂山神社","prefecture":null,"family":"unknown","ai":false}},{"type":"Feature","geometry":{"type":"Point","coordinates":[139.2165392,34.3243347]},"properties":{"id":"jinja_w512578902","name":null,"prefecture":null,"family":"unknown","ai":false}},{"type":"Feature","geometry":{"type":"Point","coordinates":[139.2199182,34.3230809]},"properties":{"id":"jinja_w512578906","name":"大王神社","prefecture":null,"family":"unknown","ai":false}},{"type":"Feature","geometry":{"type":"Point","coordinates":[139.2127258,34.333963]},"properties":{"id":"jinja_w512578912","name":"泊神社","prefecture":null,"family":"unknown","ai":true}},{"type":"Feature","geometry":{"type":"Point","coordinates":[139.7672287,35.7034401]},"properties":{"id":"jinja_w514073834","name":"妻恋神社","prefecture":null,"family":"unknown","ai":true}},{"type":"Feature","geometry":{"type":"Point","coordinates":[139.7813235,35.7108056]},"properties":{"id":"jinja_w515820340","name":"下谷神社","prefecture":null,"family":"unknown","ai":true}},{"type":"Feature","geometry":{"type":"Point","coordinates":[139.7685455,35.7081513]},"properties":{"id":"jinja_w516533492","name":"湯島天満宮 車祓所","prefecture":null,"family":"tenjin","ai":true}},{"type":"Feature","geometry":{"type":"Point","coordinates":[139.7678622,35.7076842]},"properties":{"id":"jinja_w516751953","name":"湯島天満宮","prefecture":null,"family":"tenjin","ai":true}},{"type":"Feature","geometry":{"type":"Point","coordinates":[139.7807237,35.7060852]},"properties":{"id":"jinja_w519468662","name":"秋葉神社","prefecture":null,"family":"akiba","ai":false}},{"type":"Feature","geometry":{"type":"Point","coordinates":[139.7731175,35.7049503]},"properties":{"id":"jinja_w525903597","name":"亀住稲荷神社","prefecture":"東京都","family":"inari","ai":false}},{"type":"Feature","geometry":{"type":"Point","coordinates":[139.6395728,35.6826394]},"properties":{"id":"jinja_w534170308","name":"大宮天満宮","prefecture":null,"family":"tenjin","ai":false}},{"type":"Feature","geometry":{"type":"Point","coordinates":[139.6395752,35.6822067]},"properties":{"id":"jinja_w534170311","name":"大宮稲荷神社 三宝荒神社 白山神社","prefecture":null,"family":"inari","ai":false}},{"type":"Feature","geometry":{"type":"Point","coordinates":[139.6395672,35.6820738]},"properties":{"id":"jinja_w534170312","name":"若宮八幡神社・白幡宮・御嶽榛名神社","prefecture":null,"family":"hachiman","ai":false}},{"type":"Feature","geometry":{"type":"Point","coordinates":[139.7739048,35.7268173]},"properties":{"id":"jinja_w535841004","name":null,"prefecture":null,"family":"unknown","ai":false}},{"type":"Feature","geometry":{"type":"Point","coordinates":[139.6870718,35.7757267]},"properties":{"id":"jinja_w539768799","name":"志村熊野神社","prefecture":"東京都","family":"kumano","ai":true}},{"type":"Feature","geometry":{"type":"Point","coordinates":[139.7627019,35.6872651]},"properties":{"id":"jinja_w542756163","name":"将門の首塚","prefecture":"東京都","family":"unknown","ai":false}},{"type":"Feature","geometry":{"type":"Point","coordinates":[139.8129435,35.712525]},"properties":{"id":"jinja_w544725994","name":null,"prefecture":null,"family":"unknown","ai":false}},{"type":"Feature","geometry":{"type":"Point","coordinates":[139.724397,35.7335485]},"properties":{"id":"jinja_w544857759","name":"出世稲荷神社","prefecture":null,"family":"inari","ai":false}},{"type":"Feature","geometry":{"type":"Point","coordinates":[139.3614716,35.6830644]},"properties":{"id":"jinja_w545427496","name":"御嶽神社","prefecture":null,"family":"unknown","ai":false}},{"type":"Feature","geometry":{"type":"Point","coordinates":[139.7409954,35.6113381]},"properties":{"id":"jinja_w545710966","name":"松下稲荷神社","prefecture":null,"family":"inari","ai":false}},{"type":"Feature","geometry":{"type":"Point","coordinates":[139.3993566,35.625543]},"properties":{"id":"jinja_w545784766","name":"南八幡宮","prefecture":null,"family":"hachiman","ai":false}},{"type":"Feature","geometry":{"type":"Point","coordinates":[139.7595234,35.7413638]},"properties":{"id":"jinja_w546138294","name":"鉄道神社","prefecture":null,"family":"unknown","ai":false}},{"type":"Feature","geometry":{"type":"Point","coordinates":[139.7678293,35.6933295]},"properties":{"id":"jinja_w546743134","name":"真徳稲荷神社","prefecture":null,"family":"inari","ai":false}},{"type":"Feature","geometry":{"type":"Point","coordinates":[139.426086,35.5841293]},"properties":{"id":"jinja_w547776020","name":"熊野神社","prefecture":null,"family":"kumano","ai":false}},{"type":"Feature","geometry":{"type":"Point","coordinates":[139.5458051,35.7603304]},"properties":{"id":"jinja_w548594557","name":"淺間神社(東久留米市浅間町)","prefecture":null,"family":"unknown","ai":false}},{"type":"Feature","geometry":{"type":"Point","coordinates":[139.5456472,35.7601794]},"properties":{"id":"jinja_w548594559","name":"淺間神社(東久留米市浅間町)","prefecture":null,"family":"unknown","ai":false}},{"type":"Feature","geometry":{"type":"Point","coordinates":[139.398164,35.6175777]},"properties":{"id":"jinja_w548842531","name":"日枝神社","prefecture":null,"family":"hie_sanno","ai":false}},{"type":"Feature","geometry":{"type":"Point","coordinates":[139.7396218,35.618622]},"properties":{"id":"jinja_w550880156","name":"阿那稲荷神社","prefecture":null,"family":"inari","ai":false}},{"type":"Feature","geometry":{"type":"Point","coordinates":[139.7399299,35.6185636]},"properties":{"id":"jinja_w550880158","name":null,"prefecture":null,"family":"unknown","ai":false}},{"type":"Feature","geometry":{"type":"Point","coordinates":[139.7396167,35.6186897]},"properties":{"id":"jinja_w552747995","name":"一粒萬倍 阿那稲荷神社","prefecture":null,"family":"inari","ai":false}},{"type":"Feature","geometry":{"type":"Point","coordinates":[139.7651524,35.7044385]},"properties":{"id":"jinja_w553172392","name":"御霊社","prefecture":null,"family":"unknown","ai":true}},{"type":"Feature","geometry":{"type":"Point","coordinates":[139.3830979,35.6154169]},"properties":{"id":"jinja_w554459708","name":"奥山半増坊大権現","prefecture":null,"family":"unknown","ai":false}},{"type":"Feature","geometry":{"type":"Point","coordinates":[139.4498518,35.7580193]},"properties":{"id":"jinja_w560881802","name":"金山神社","prefecture":null,"family":"unknown","ai":false}},{"type":"Feature","geometry":{"type":"Point","coordinates":[139.8028829,33.1209973]},"properties":{"id":"jinja_w561260153","name":"天照皇大神宮","prefecture":null,"family":"shinmei_ise","ai":false}},{"type":"Feature","geometry":{"type":"Point","coordinates":[139.7915213,33.1106967]},"properties":{"id":"jinja_w561260154","name":"天照皇大神宮","prefecture":null,"family":"shinmei_ise","ai":false}},{"type":"Feature","geometry":{"type":"Point","coordinates":[139.7807446,33.0996854]},"properties":{"id":"jinja_w561263948","name":"優婆夷宝明神社","prefecture":null,"family":"unknown","ai":true}},{"type":"Feature","geometry":{"type":"Point","coordinates":[139.7648751,35.7936211]},"properties":{"id":"jinja_w563014770","name":"皿沼稲荷神社","prefecture":null,"family":"inari","ai":false}},{"type":"Feature","geometry":{"type":"Point","coordinates":[139.7703347,35.7066305]},"properties":{"id":"jinja_w564865331","name":"箭弓稲荷神社","prefecture":"東京都","family":"inari","ai":true}},{"type":"Feature","geometry":{"type":"Point","coordinates":[139.7251295,35.6199296]},"properties":{"id":"jinja_w566239851","name":null,"prefecture":null,"family":"unknown","ai":false}},{"type":"Feature","geometry":{"type":"Point","coordinates":[139.7202894,35.6135426]},"properties":{"id":"jinja_w566265936","name":"戸越八幡神社","prefecture":"東京都","family":"hachiman","ai":true}},{"type":"Feature","geometry":{"type":"Point","coordinates":[139.4552558,35.6439676]},"properties":{"id":"jinja_w567086651","name":"春日神社","prefecture":null,"family":"kasuga","ai":false}},{"type":"Feature","geometry":{"type":"Point","coordinates":[139.478046,35.7032048]},"properties":{"id":"jinja_w571510971","name":null,"prefecture":null,"family":"unknown","ai":false}},{"type":"Feature","geometry":{"type":"Point","coordinates":[139.276705,35.6565342]},"properties":{"id":"jinja_w572515963","name":"八幡神社","prefecture":null,"family":"hachiman","ai":true}},{"type":"Feature","geometry":{"type":"Point","coordinates":[139.7590844,35.7047562]},"properties":{"id":"jinja_w576806820","name":"三河稲荷神社","prefecture":null,"family":"inari","ai":true}},{"type":"Feature","geometry":{"type":"Point","coordinates":[139.7678176,35.7125344]},"properties":{"id":"jinja_w577426015","name":"総鎮守境稲荷社","prefecture":null,"family":"inari","ai":false}},{"type":"Feature","geometry":{"type":"Point","coordinates":[139.7846316,35.7012607]},"properties":{"id":"jinja_w577895977","name":"甚内神社","prefecture":null,"family":"unknown","ai":false}},{"type":"Feature","geometry":{"type":"Point","coordinates":[139.7785426,35.7033388]},"properties":{"id":"jinja_w578923055","name":"金刀比羅神社","prefecture":null,"family":"konpira","ai":true}},{"type":"Feature","geometry":{"type":"Point","coordinates":[139.7163216,35.6194899]},"properties":{"id":"jinja_w579626254","name":"荏原金刀比羅神社","prefecture":null,"family":"konpira","ai":true}},{"type":"Feature","geometry":{"type":"Point","coordinates":[139.69221,35.6957685]},"properties":{"id":"jinja_w584075992","name":"成子天神社","prefecture":null,"family":"tenjin","ai":true}},{"type":"Feature","geometry":{"type":"Point","coordinates":[139.6901558,35.602741]},"properties":{"id":"jinja_w585389148","name":"洗足池弁財天","prefecture":null,"family":"unknown","ai":false}},{"type":"Feature","geometry":{"type":"Point","coordinates":[139.7262651,35.6154986]},"properties":{"id":"jinja_w586631862","name":"貴船神社","prefecture":null,"family":"unknown","ai":true}},{"type":"Feature","geometry":{"type":"Point","coordinates":[139.3161631,35.6257691]},"properties":{"id":"jinja_w587119288","name":"春日神社","prefecture":null,"family":"kasuga","ai":false}},{"type":"Feature","geometry":{"type":"Point","coordinates":[139.545471,35.7641095]},"properties":{"id":"jinja_w591071548","name":"氷川神社","prefecture":null,"family":"unknown","ai":false}},{"type":"Feature","geometry":{"type":"Point","coordinates":[139.5452725,35.7643459]},"properties":{"id":"jinja_w591071549","name":null,"prefecture":null,"family":"unknown","ai":false}},{"type":"Feature","geometry":{"type":"Point","coordinates":[139.830128,35.7267593]},"properties":{"id":"jinja_w591133603","name":"日枝神社","prefecture":null,"family":"hie_sanno","ai":true}},{"type":"Feature","geometry":{"type":"Point","coordinates":[139.77958,35.6987926]},"properties":{"id":"jinja_w591832724","name":"金綱稲荷神社","prefecture":null,"family":"inari","ai":false}},{"type":"Feature","geometry":{"type":"Point","coordinates":[139.7616175,32.4597638]},"properties":{"id":"jinja_w592199332","name":"東台所神社","prefecture":null,"family":"unknown","ai":false}},{"type":"Feature","geometry":{"type":"Point","coordinates":[139.7607155,32.4646384]},"properties":{"id":"jinja_w592199333","name":"渡海神社","prefecture":null,"family":"unknown","ai":false}},{"type":"Feature","geometry":{"type":"Point","coordinates":[139.7592942,32.4689488]},"properties":{"id":"jinja_w592199334","name":"金刀比羅神社","prefecture":null,"family":"konpira","ai":false}},{"type":"Feature","geometry":{"type":"Point","coordinates":[139.7680114,32.4625773]},"properties":{"id":"jinja_w592199336","name":"大里神社","prefecture":null,"family":"unknown","ai":false}},{"type":"Feature","geometry":{"type":"Point","coordinates":[139.8375717,35.6691443]},"properties":{"id":"jinja_w593967300","name":null,"prefecture":null,"family":"unknown","ai":false}},{"type":"Feature","geometry":{"type":"Point","coordinates":[139.7511526,35.6491288]},"properties":{"id":"jinja_w595742908","name":"御穂神社","prefecture":null,"family":"unknown","ai":false}},{"type":"Feature","geometry":{"type":"Point","coordinates":[139.7140534,35.6723917]},"properties":{"id":"jinja_w597638443","name":"熊野神社","prefecture":null,"family":"kumano","ai":true}},{"type":"Feature","geometry":{"type":"Point","coordinates":[139.7333424,35.7560784]},"properties":{"id":"jinja_w598060366","name":"王子稲荷神社","prefecture":null,"family":"inari","ai":false}},{"type":"Feature","geometry":{"type":"Point","coordinates":[139.5329441,35.7619385]},"properties":{"id":"jinja_w599325178","name":"武蔵野稲荷神社","prefecture":null,"family":"inari","ai":false}},{"type":"Feature","geometry":{"type":"Point","coordinates":[139.5353705,35.7617277]},"properties":{"id":"jinja_w599325216","name":"厳島神社","prefecture":null,"family":"munakata","ai":false}},{"type":"Feature","geometry":{"type":"Point","coordinates":[139.7742897,35.6709781]},"properties":{"id":"jinja_w601329360","name":"新富稲荷神社","prefecture":null,"family":"inari","ai":false}},{"type":"Feature","geometry":{"type":"Point","coordinates":[142.1941532,27.0965518]},"properties":{"id":"jinja_w602821147","name":"大神山神社","prefecture":"東京都","family":"unknown","ai":true}},{"type":"Feature","geometry":{"type":"Point","coordinates":[139.7828761,35.6777961]},"properties":{"id":"jinja_w604041505","name":"新川大神宮","prefecture":null,"family":"shinmei_ise","ai":true}},{"type":"Feature","geometry":{"type":"Point","coordinates":[139.7831225,35.6747399]},"properties":{"id":"jinja_w604041509","name":"於岩稲荷田宮神社","prefecture":null,"family":"inari","ai":true}},{"type":"Feature","geometry":{"type":"Point","coordinates":[139.7834124,35.6750657]},"properties":{"id":"jinja_w604041512","name":"金刀比羅神社","prefecture":null,"family":"konpira","ai":false}},{"type":"Feature","geometry":{"type":"Point","coordinates":[139.7817326,35.6731756]},"properties":{"id":"jinja_w604041520","name":"徳船稲荷神社","prefecture":null,"family":"inari","ai":false}},{"type":"Feature","geometry":{"type":"Point","coordinates":[139.8655112,35.6703317]},"properties":{"id":"jinja_w604233708","name":"宇喜田稲荷神社","prefecture":null,"family":"inari","ai":true}},{"type":"Feature","geometry":{"type":"Point","coordinates":[139.7259587,35.6064583]},"properties":{"id":"jinja_w605782027","name":null,"prefecture":null,"family":"unknown","ai":false}},{"type":"Feature","geometry":{"type":"Point","coordinates":[139.7263753,35.606756]},"properties":{"id":"jinja_w605782028","name":"下神明天祖神社","prefecture":null,"family":"shinmei_ise","ai":true}},{"type":"Feature","geometry":{"type":"Point","coordinates":[139.6647555,35.7521877]},"properties":{"id":"jinja_w607906713","name":null,"prefecture":null,"family":"unknown","ai":false}},{"type":"Feature","geometry":{"type":"Point","coordinates":[139.777621,35.7026889]},"properties":{"id":"jinja_w608229276","name":"櫻稲荷神社","prefecture":null,"family":"inari","ai":false}},{"type":"Feature","geometry":{"type":"Point","coordinates":[139.7499302,35.6577821]},"properties":{"id":"jinja_w609670486","name":"熊野神社","prefecture":null,"family":"kumano","ai":false}},{"type":"Feature","geometry":{"type":"Point","coordinates":[139.7153777,35.6025704]},"properties":{"id":"jinja_w614070645","name":"蛇窪神社","prefecture":null,"family":"hachiman","ai":true}},{"type":"Feature","geometry":{"type":"Point","coordinates":[139.8153516,35.6980438]},"properties":{"id":"jinja_w615477910","name":"千種稲荷神社","prefecture":"東京都","family":"inari","ai":true}},{"type":"Feature","geometry":{"type":"Point","coordinates":[139.708052,35.6046604]},"properties":{"id":"jinja_w616231132","name":"旗岡八幡神社","prefecture":null,"family":"hachiman","ai":true}},{"type":"Feature","geometry":{"type":"Point","coordinates":[139.799754,35.6715882]},"properties":{"id":"jinja_w616241895","name":"富岡八幡宮","prefecture":null,"family":"hachiman","ai":true}},{"type":"Feature","geometry":{"type":"Point","coordinates":[139.8314992,35.7010875]},"properties":{"id":"jinja_w617161236","name":"亀戸水神宮","prefecture":"東京都","family":"unknown","ai":true}},{"type":"Feature","geometry":{"type":"Point","coordinates":[139.6961185,35.6284574]},"properties":{"id":"jinja_w618466417","name":"清水稲荷神社","prefecture":null,"family":"inari","ai":false}},{"type":"Feature","geometry":{"type":"Point","coordinates":[139.2969086,35.6590778]},"properties":{"id":"jinja_w620084548","name":"琴平神社 山王神社","prefecture":null,"family":"hie_sanno","ai":false}},{"type":"Feature","geometry":{"type":"Point","coordinates":[139.6915901,35.7044992]},"properties":{"id":"jinja_w627559033","name":"鎧神社","prefecture":"東京都","family":"unknown","ai":true}},{"type":"Feature","geometry":{"type":"Point","coordinates":[139.621925,35.7597389]},"properties":{"id":"jinja_w627594244","name":"八雲神社","prefecture":"東京都","family":"unknown","ai":false}},{"type":"Feature","geometry":{"type":"Point","coordinates":[139.7283071,35.6043555]},"properties":{"id":"jinja_w628930633","name":"東關森稲荷神社","prefecture":null,"family":"inari","ai":false}},{"type":"Feature","geometry":{"type":"Point","coordinates":[139.6650352,35.6475565]},"properties":{"id":"jinja_w631591126","name":"太子堂八幡神社","prefecture":null,"family":"hachiman","ai":true}},{"type":"Feature","geometry":{"type":"Point","coordinates":[139.7332267,35.6015559]},"properties":{"id":"jinja_w632583114","name":null,"prefecture":null,"family":"unknown","ai":false}},{"type":"Feature","geometry":{"type":"Point","coordinates":[139.5128706,35.7823523]},"properties":{"id":"jinja_w633644552","name":"氷川神社","prefecture":null,"family":"unknown","ai":false}},{"type":"Feature","geometry":{"type":"Point","coordinates":[139.7903457,35.7269338]},"properties":{"id":"jinja_w636823250","name":"千束稲荷神社","prefecture":null,"family":"inari","ai":true}},{"type":"Feature","geometry":{"type":"Point","coordinates":[139.4185945,35.6583944]},"properties":{"id":"jinja_w637391284","name":"三澤八幡神社","prefecture":null,"family":"hachiman","ai":false}},{"type":"Feature","geometry":{"type":"Point","coordinates":[139.4269204,35.6533449]},"properties":{"id":"jinja_w637675600","name":"百草八幡宮","prefecture":null,"family":"hachiman","ai":false}},{"type":"Feature","geometry":{"type":"Point","coordinates":[139.7390016,35.5973781]},"properties":{"id":"jinja_w639207330","name":"天祖諏訪神社","prefecture":null,"family":"shinmei_ise","ai":true}},{"type":"Feature","geometry":{"type":"Point","coordinates":[139.619838,35.7603732]},"properties":{"id":"jinja_w639233043","name":"御嶽神社","prefecture":null,"family":"unknown","ai":false}},{"type":"Feature","geometry":{"type":"Point","coordinates":[139.6242086,35.6467536]},"properties":{"id":"jinja_w639500556","name":"稲荷神社","prefecture":null,"family":"inari","ai":true}},{"type":"Feature","geometry":{"type":"Point","coordinates":[139.2845565,35.6444519]},"properties":{"id":"jinja_w641485791","name":"熊野神社","prefecture":null,"family":"kumano","ai":false}},{"type":"Feature","geometry":{"type":"Point","coordinates":[139.6745433,35.6204593]},"properties":{"id":"jinja_w642133021","name":"柿の木坂北野神社","prefecture":"東京都","family":"unknown","ai":false}},{"type":"Feature","geometry":{"type":"Point","coordinates":[139.5058031,35.7762401]},"properties":{"id":"jinja_w642593779","name":"野塩八幡神社","prefecture":"東京都","family":"hachiman","ai":false}},{"type":"Feature","geometry":{"type":"Point","coordinates":[139.5128667,35.7826822]},"properties":{"id":"jinja_w642593788","name":null,"prefecture":null,"family":"unknown","ai":false}},{"type":"Feature","geometry":{"type":"Point","coordinates":[139.0972771,35.8041963]},"properties":{"id":"jinja_w645542577","name":"愛宕神社","prefecture":null,"family":"atago","ai":false}},{"type":"Feature","geometry":{"type":"Point","coordinates":[139.0970992,35.8043934]},"properties":{"id":"jinja_w645542578","name":null,"prefecture":null,"family":"unknown","ai":false}},{"type":"Feature","geometry":{"type":"Point","coordinates":[139.6996,35.6118782]},"properties":{"id":"jinja_w648645291","name":"小山八幡神社","prefecture":null,"family":"hachiman","ai":true}},{"type":"Feature","geometry":{"type":"Point","coordinates":[139.6666516,35.7273781]},"properties":{"id":"jinja_w649115399","name":"江古田氷川神社","prefecture":null,"family":"gion_yasaka","ai":true}},{"type":"Feature","geometry":{"type":"Point","coordinates":[139.6412661,35.7297633]},"properties":{"id":"jinja_w651520979","name":"中村八幡神社","prefecture":null,"family":"hachiman","ai":true}},{"type":"Feature","geometry":{"type":"Point","coordinates":[139.6399755,35.7310717]},"properties":{"id":"jinja_w651646389","name":"御嶽神社","prefecture":null,"family":"unknown","ai":false}},{"type":"Feature","geometry":{"type":"Point","coordinates":[139.6563536,35.7287563]},"properties":{"id":"jinja_w653556563","name":"氷川神社","prefecture":null,"family":"gion_yasaka","ai":true}},{"type":"Feature","geometry":{"type":"Point","coordinates":[139.6412795,35.729827]},"properties":{"id":"jinja_w653663281","name":null,"prefecture":null,"family":"unknown","ai":false}},{"type":"Feature","geometry":{"type":"Point","coordinates":[139.6400245,35.7311375]},"properties":{"id":"jinja_w653663667","name":null,"prefecture":null,"family":"unknown","ai":false}},{"type":"Feature","geometry":{"type":"Point","coordinates":[139.7127807,35.5439479]},"properties":{"id":"jinja_w653707864","name":"六郷神社","prefecture":null,"family":"hachiman","ai":true}},{"type":"Feature","geometry":{"type":"Point","coordinates":[139.7630149,35.7066143]},"properties":{"id":"jinja_w653722475","name":"地付五社稲荷","prefecture":null,"family":"inari","ai":false}},{"type":"Feature","geometry":{"type":"Point","coordinates":[139.7379683,35.635325]},"properties":{"id":"jinja_w653744410","name":"高輪神社","prefecture":null,"family":"inari","ai":true}},{"type":"Feature","geometry":{"type":"Point","coordinates":[139.7416202,35.643125]},"properties":{"id":"jinja_w653744413","name":"御田八幡神社","prefecture":null,"family":"hachiman","ai":true}},{"type":"Feature","geometry":{"type":"Point","coordinates":[139.7530699,35.657597]},"properties":{"id":"jinja_w653744415","name":"芝大神宮","prefecture":null,"family":"shinmei_ise","ai":true}},{"type":"Feature","geometry":{"type":"Point","coordinates":[139.6430085,35.7280875]},"properties":{"id":"jinja_w653931953","name":null,"prefecture":null,"family":"unknown","ai":false}},{"type":"Feature","geometry":{"type":"Point","coordinates":[139.4490309,35.7325713]},"properties":{"id":"jinja_w654774347","name":null,"prefecture":null,"family":"unknown","ai":false}},{"type":"Feature","geometry":{"type":"Point","coordinates":[139.652449,35.7285204]},"properties":{"id":"jinja_w655109102","name":"富士稲荷神社","prefecture":null,"family":"inari","ai":false}},{"type":"Feature","geometry":{"type":"Point","coordinates":[139.6382678,35.7216492]},"properties":{"id":"jinja_w655282927","name":null,"prefecture":null,"family":"unknown","ai":false}},{"type":"Feature","geometry":{"type":"Point","coordinates":[139.6383761,35.7213947]},"properties":{"id":"jinja_w655282928","name":null,"prefecture":null,"family":"unknown","ai":false}},{"type":"Feature","geometry":{"type":"Point","coordinates":[139.6380165,35.7213722]},"properties":{"id":"jinja_w655282929","name":null,"prefecture":null,"family":"unknown","ai":false}},{"type":"Feature","geometry":{"type":"Point","coordinates":[139.3032209,35.6391072]},"properties":{"id":"jinja_w656410003","name":"十二神社","prefecture":null,"family":"unknown","ai":false}},{"type":"Feature","geometry":{"type":"Point","coordinates":[139.783596,35.683928]},"properties":{"id":"jinja_w657580356","name":"茶ノ木神社","prefecture":null,"family":"inari","ai":true}},{"type":"Feature","geometry":{"type":"Point","coordinates":[139.2736531,35.6700904]},"properties":{"id":"jinja_w660091136","name":"琴平神社","prefecture":null,"family":"konpira","ai":false}},{"type":"Feature","geometry":{"type":"Point","coordinates":[139.6331067,35.7304269]},"properties":{"id":"jinja_w660632523","name":"北原神社","prefecture":null,"family":"unknown","ai":false}},{"type":"Feature","geometry":{"type":"Point","coordinates":[139.2616048,35.6355709]},"properties":{"id":"jinja_w663554185","name":"金毘羅社","prefecture":null,"family":"unknown","ai":false}},{"type":"Feature","geometry":{"type":"Point","coordinates":[139.7274178,35.7624712]},"properties":{"id":"jinja_w663787408","name":null,"prefecture":null,"family":"unknown","ai":false}},{"type":"Feature","geometry":{"type":"Point","coordinates":[139.7053765,35.6977583]},"properties":{"id":"jinja_w669243894","name":"稲荷鬼王神社","prefecture":null,"family":"inari","ai":true}},{"type":"Feature","geometry":{"type":"Point","coordinates":[139.7052551,35.6977693]},"properties":{"id":"jinja_w669243897","name":"稲荷鬼王神社","prefecture":null,"family":"inari","ai":true}},{"type":"Feature","geometry":{"type":"Point","coordinates":[139.451726,35.5384643]},"properties":{"id":"jinja_w669317390","name":"町田天満宮","prefecture":null,"family":"tenjin","ai":false}},{"type":"Feature","geometry":{"type":"Point","coordinates":[139.4515356,35.5381112]},"properties":{"id":"jinja_w669317392","name":"町田天満宮 社務所","prefecture":null,"family":"tenjin","ai":false}},{"type":"Feature","geometry":{"type":"Point","coordinates":[139.451496,35.5383037]},"properties":{"id":"jinja_w669317393","name":null,"prefecture":null,"family":"unknown","ai":false}},{"type":"Feature","geometry":{"type":"Point","coordinates":[139.4513371,35.5385219]},"properties":{"id":"jinja_w669317394","name":"出世稲荷社","prefecture":null,"family":"inari","ai":false}},{"type":"Feature","geometry":{"type":"Point","coordinates":[139.7785395,35.6835341]},"properties":{"id":"jinja_w669612438","name":"兜神社","prefecture":null,"family":"inari","ai":true}},{"type":"Feature","geometry":{"type":"Point","coordinates":[139.686146,35.6174467]},"properties":{"id":"jinja_w669621505","name":"碑文谷八幡宮","prefecture":"東京都","family":"hachiman","ai":true}},{"type":"Feature","geometry":{"type":"Point","coordinates":[139.7300854,35.5956194]},"properties":{"id":"jinja_w670883660","name":"鹿嶋神社","prefecture":null,"family":"kashima_katori","ai":true}},{"type":"Feature","geometry":{"type":"Point","coordinates":[139.7043465,35.5774718]},"properties":{"id":"jinja_w670887005","name":"本町稲荷神社","prefecture":null,"family":"inari","ai":false}},{"type":"Feature","geometry":{"type":"Point","coordinates":[139.6688219,35.5874794]},"properties":{"id":"jinja_w670892103","name":"多摩川浅間神社","prefecture":null,"family":"unknown","ai":true}},{"type":"Feature","geometry":{"type":"Point","coordinates":[139.7257988,35.7006105]},"properties":{"id":"jinja_w677360951","name":"天祖神社","prefecture":null,"family":"unknown","ai":false}},{"type":"Feature","geometry":{"type":"Point","coordinates":[139.4495619,35.6701908]},"properties":{"id":"jinja_w678593009","name":"日新稲荷神社","prefecture":"東京都","family":"inari","ai":false}},{"type":"Feature","geometry":{"type":"Point","coordinates":[139.4504882,35.6638635]},"properties":{"id":"jinja_w678874103","name":"間嶋神社","prefecture":null,"family":"unknown","ai":false}},{"type":"Feature","geometry":{"type":"Point","coordinates":[139.6858409,35.7028806]},"properties":{"id":"jinja_w679752545","name":"第六天神社","prefecture":null,"family":"unknown","ai":false}},{"type":"Feature","geometry":{"type":"Point","coordinates":[139.749964,35.6818271]},"properties":{"id":"jinja_w680884178","name":"宮中三殿","prefecture":null,"family":"unknown","ai":true}},{"type":"Feature","geometry":{"type":"Point","coordinates":[139.6411499,35.682388]},"properties":{"id":"jinja_w680908887","name":"大宮八幡宮","prefecture":"東京都","family":"hachiman","ai":false}},{"type":"Feature","geometry":{"type":"Point","coordinates":[139.3671141,35.6841427]},"properties":{"id":"jinja_w682920906","name":null,"prefecture":null,"family":"unknown","ai":false}},{"type":"Feature","geometry":{"type":"Point","coordinates":[139.5907605,35.651333]},"properties":{"id":"jinja_w683564608","name":"稲荷大明神","prefecture":null,"family":"inari","ai":false}},{"type":"Feature","geometry":{"type":"Point","coordinates":[139.5902903,35.6512912]},"properties":{"id":"jinja_w683564611","name":null,"prefecture":null,"family":"unknown","ai":false}},{"type":"Feature","geometry":{"type":"Point","coordinates":[139.5837801,35.6524486]},"properties":{"id":"jinja_w684815625","name":null,"prefecture":null,"family":"unknown","ai":false}},{"type":"Feature","geometry":{"type":"Point","coordinates":[139.3939365,35.7504462]},"properties":{"id":"jinja_w685763349","name":"お伊勢の森神明社","prefecture":null,"family":"shinmei_ise","ai":false}},{"type":"Feature","geometry":{"type":"Point","coordinates":[139.2699903,35.6575981]},"properties":{"id":"jinja_w686657233","name":null,"prefecture":null,"family":"unknown","ai":false}},{"type":"Feature","geometry":{"type":"Point","coordinates":[139.6826752,35.6982444]},"properties":{"id":"jinja_w687716383","name":"白玉稲荷神社","prefecture":null,"family":"inari","ai":true}},{"type":"Feature","geometry":{"type":"Point","coordinates":[139.3611211,35.7311781]},"properties":{"id":"jinja_w688091675","name":"阿豆佐味天神社","prefecture":null,"family":"tenjin","ai":false}},{"type":"Feature","geometry":{"type":"Point","coordinates":[139.2765134,35.6782621]},"properties":{"id":"jinja_w688131223","name":"神明神社","prefecture":null,"family":"shinmei_ise","ai":false}},{"type":"Feature","geometry":{"type":"Point","coordinates":[139.2799412,35.6757]},"properties":{"id":"jinja_w688132079","name":"八坂神社","prefecture":null,"family":"gion_yasaka","ai":false}},{"type":"Feature","geometry":{"type":"Point","coordinates":[139.7081699,35.6322287]},"properties":{"id":"jinja_w689280730","name":"大鳥神社","prefecture":"東京都","family":"unknown","ai":true}},{"type":"Feature","geometry":{"type":"Point","coordinates":[139.4474829,35.5590219]},"properties":{"id":"jinja_w692593423","name":null,"prefecture":null,"family":"unknown","ai":false}},{"type":"Feature","geometry":{"type":"Point","coordinates":[139.4472842,35.5591257]},"properties":{"id":"jinja_w692593424","name":null,"prefecture":null,"family":"unknown","ai":false}},{"type":"Feature","geometry":{"type":"Point","coordinates":[139.447708,35.5592878]},"properties":{"id":"jinja_w692593425","name":null,"prefecture":null,"family":"unknown","ai":false}},{"type":"Feature","geometry":{"type":"Point","coordinates":[139.8799565,35.6759806]},"properties":{"id":"jinja_w693992374","name":"二之江神社","prefecture":null,"family":"kashima_katori","ai":true}},{"type":"Feature","geometry":{"type":"Point","coordinates":[139.8874943,35.6889715]},"properties":{"id":"jinja_w693992376","name":"福弁財天","prefecture":null,"family":"unknown","ai":false}},{"type":"Feature","geometry":{"type":"Point","coordinates":[139.4226171,35.757054]},"properties":{"id":"jinja_w694196610","name":null,"prefecture":null,"family":"unknown","ai":false}},{"type":"Feature","geometry":{"type":"Point","coordinates":[139.6173761,35.7446933]},"properties":{"id":"jinja_w694846488","name":null,"prefecture":null,"family":"unknown","ai":false}},{"type":"Feature","geometry":{"type":"Point","coordinates":[139.7559725,35.703756]},"properties":{"id":"jinja_w696391916","name":"金比羅宮東京分社","prefecture":null,"family":"konpira","ai":true}},{"type":"Feature","geometry":{"type":"Point","coordinates":[139.6596459,35.7006337]},"properties":{"id":"jinja_w696901291","name":null,"prefecture":null,"family":"unknown","ai":false}},{"type":"Feature","geometry":{"type":"Point","coordinates":[139.6596912,35.7006194]},"properties":{"id":"jinja_w696901292","name":"田中稲荷神社","prefecture":null,"family":"inari","ai":false}},{"type":"Feature","geometry":{"type":"Point","coordinates":[139.7359316,35.6681231]},"properties":{"id":"jinja_w697201703","name":"赤坂氷川神社","prefecture":"東京都","family":"gion_yasaka","ai":true}},{"type":"Feature","geometry":{"type":"Point","coordinates":[139.4030234,35.7241651]},"properties":{"id":"jinja_w698424888","name":null,"prefecture":null,"family":"unknown","ai":false}},{"type":"Feature","geometry":{"type":"Point","coordinates":[139.7672293,35.730582]},"properties":{"id":"jinja_w698623646","name":"諏訪神社","prefecture":null,"family":"suwa","ai":true}},{"type":"Feature","geometry":{"type":"Point","coordinates":[139.3552214,35.7699679]},"properties":{"id":"jinja_w699405968","name":"御嶽神社","prefecture":null,"family":"unknown","ai":false}},{"type":"Feature","geometry":{"type":"Point","coordinates":[139.7156641,35.7219499]},"properties":{"id":"jinja_w702195134","name":"大鳥神社","prefecture":null,"family":"unknown","ai":true}},{"type":"Feature","geometry":{"type":"Point","coordinates":[139.6121402,35.6789059]},"properties":{"id":"jinja_w702667948","name":"第六天神社","prefecture":null,"family":"unknown","ai":true}},{"type":"Feature","geometry":{"type":"Point","coordinates":[139.545429,35.6567297]},"properties":{"id":"jinja_w702671103","name":"布多天神社","prefecture":"東京都","family":"tenjin","ai":true}},{"type":"Feature","geometry":{"type":"Point","coordinates":[139.5492206,35.6823948]},"properties":{"id":"jinja_w703043621","name":"野崎八幡社","prefecture":null,"family":"hachiman","ai":false}},{"type":"Feature","geometry":{"type":"Point","coordinates":[139.5467465,35.6765433]},"properties":{"id":"jinja_w703043624","name":"浅間神社","prefecture":null,"family":"unknown","ai":false}},{"type":"Feature","geometry":{"type":"Point","coordinates":[139.7768402,35.6807586]},"properties":{"id":"jinja_w703260430","name":"大原稲荷神社","prefecture":null,"family":"inari","ai":false}},{"type":"Feature","geometry":{"type":"Point","coordinates":[139.5769894,35.7081334]},"properties":{"id":"jinja_w703508577","name":"八枝神社","prefecture":null,"family":"unknown","ai":false}},{"type":"Feature","geometry":{"type":"Point","coordinates":[139.3439214,35.6820766]},"properties":{"id":"jinja_w703686431","name":null,"prefecture":null,"family":"unknown","ai":false}},{"type":"Feature","geometry":{"type":"Point","coordinates":[139.5958946,35.7367878]},"properties":{"id":"jinja_w704473951","name":null,"prefecture":null,"family":"unknown","ai":false}},{"type":"Feature","geometry":{"type":"Point","coordinates":[139.6000701,35.7382589]},"properties":{"id":"jinja_w705965362","name":"稲荷諏訪合神社","prefecture":null,"family":"inari","ai":false}},{"type":"Feature","geometry":{"type":"Point","coordinates":[139.1388457,34.228159]},"properties":{"id":"jinja_w709073210","name":"阿波命神社","prefecture":null,"family":"unknown","ai":true}},{"type":"Feature","geometry":{"type":"Point","coordinates":[139.1396704,34.2284526]},"properties":{"id":"jinja_w709073211","name":"阿波命神社","prefecture":null,"family":"unknown","ai":true}},{"type":"Feature","geometry":{"type":"Point","coordinates":[139.1344454,34.2084234]},"properties":{"id":"jinja_w709073215","name":"物忌奈命神社","prefecture":null,"family":"unknown","ai":true}},{"type":"Feature","geometry":{"type":"Point","coordinates":[139.1348508,34.2053897]},"properties":{"id":"jinja_w709137330","name":"琴平宮","prefecture":null,"family":"konpira","ai":false}},{"type":"Feature","geometry":{"type":"Point","coordinates":[139.6193783,35.7488593]},"properties":{"id":"jinja_w709491108","name":"愛宕社","prefecture":null,"family":"atago","ai":false}},{"type":"Feature","geometry":{"type":"Point","coordinates":[139.7310569,35.6529021]},"properties":{"id":"jinja_w715062821","name":"氷川神社","prefecture":"東京都","family":"gion_yasaka","ai":true}},{"type":"Feature","geometry":{"type":"Point","coordinates":[139.8047641,35.7128654]},"properties":{"id":"jinja_w716178336","name":"牛嶋神社","prefecture":null,"family":"gion_yasaka","ai":true}},{"type":"Feature","geometry":{"type":"Point","coordinates":[139.6717335,35.5934296]},"properties":{"id":"jinja_w720835559","name":"出世稲荷神社","prefecture":null,"family":"inari","ai":false}},{"type":"Feature","geometry":{"type":"Point","coordinates":[139.59697,35.7477816]},"properties":{"id":"jinja_w722461957","name":null,"prefecture":null,"family":"unknown","ai":false}},{"type":"Feature","geometry":{"type":"Point","coordinates":[139.8853149,35.6693857]},"properties":{"id":"jinja_w727454986","name":"妙見神社","prefecture":null,"family":"unknown","ai":false}},{"type":"Feature","geometry":{"type":"Point","coordinates":[139.4937277,35.6984787]},"properties":{"id":"jinja_w727465328","name":"貫井神社","prefecture":null,"family":"munakata","ai":true}},{"type":"Feature","geometry":{"type":"Point","coordinates":[139.8683026,35.6992276]},"properties":{"id":"jinja_w731232356","name":null,"prefecture":null,"family":"unknown","ai":false}},{"type":"Feature","geometry":{"type":"Point","coordinates":[139.7913778,35.675919]},"properties":{"id":"jinja_w733912658","name":"紀文稲荷神社","prefecture":null,"family":"inari","ai":false}},{"type":"Feature","geometry":{"type":"Point","coordinates":[139.8883006,35.7155435]},"properties":{"id":"jinja_w734036129","name":"鹿骨鹿島神社","prefecture":null,"family":"kashima_katori","ai":true}},{"type":"Feature","geometry":{"type":"Point","coordinates":[139.8793121,35.7193005]},"properties":{"id":"jinja_w734084246","name":"松本天祖神社","prefecture":null,"family":"unknown","ai":false}},{"type":"Feature","geometry":{"type":"Point","coordinates":[139.3043277,35.8037601]},"properties":{"id":"jinja_w737077733","name":"杣保葛神社","prefecture":"東京都","family":"unknown","ai":false}},{"type":"Feature","geometry":{"type":"Point","coordinates":[139.2953837,35.8000902]},"properties":{"id":"jinja_w737408875","name":"常盤樹神社","prefecture":"東京都","family":"unknown","ai":false}},{"type":"Feature","geometry":{"type":"Point","coordinates":[139.2921851,35.7983154]},"properties":{"id":"jinja_w737655839","name":"大門稲荷神社","prefecture":null,"family":"inari","ai":false}},{"type":"Feature","geometry":{"type":"Point","coordinates":[139.507992,35.7057161]},"properties":{"id":"jinja_w739035298","name":null,"prefecture":null,"family":"unknown","ai":false}},{"type":"Feature","geometry":{"type":"Point","coordinates":[139.4195026,35.5702504]},"properties":{"id":"jinja_w739682384","name":"秋葉神社","prefecture":"東京都","family":"akiba","ai":false}},{"type":"Feature","geometry":{"type":"Point","coordinates":[139.7419404,35.7573165]},"properties":{"id":"jinja_w740887956","name":"稲荷大明神","prefecture":null,"family":"inari","ai":false}},{"type":"Feature","geometry":{"type":"Point","coordinates":[139.7859105,35.7165017]},"properties":{"id":"jinja_w740941451","name":"秋葉神社","prefecture":null,"family":"akiba","ai":true}},{"type":"Feature","geometry":{"type":"Point","coordinates":[139.3412181,35.6590659]},"properties":{"id":"jinja_w745195296","name":null,"prefecture":null,"family":"unknown","ai":false}},{"type":"Feature","geometry":{"type":"Point","coordinates":[139.2993351,35.790304]},"properties":{"id":"jinja_w745394100","name":null,"prefecture":null,"family":"unknown","ai":false}},{"type":"Feature","geometry":{"type":"Point","coordinates":[139.2990367,35.7904082]},"properties":{"id":"jinja_w745394112","name":null,"prefecture":null,"family":"unknown","ai":false}},{"type":"Feature","geometry":{"type":"Point","coordinates":[139.2991684,35.7898131]},"properties":{"id":"jinja_w745394114","name":null,"prefecture":null,"family":"unknown","ai":false}},{"type":"Feature","geometry":{"type":"Point","coordinates":[139.2991619,35.7907449]},"properties":{"id":"jinja_w745394116","name":null,"prefecture":null,"family":"unknown","ai":false}},{"type":"Feature","geometry":{"type":"Point","coordinates":[139.2992346,35.7907686]},"properties":{"id":"jinja_w745394117","name":null,"prefecture":null,"family":"unknown","ai":false}},{"type":"Feature","geometry":{"type":"Point","coordinates":[139.2993277,35.7907767]},"properties":{"id":"jinja_w745394118","name":null,"prefecture":null,"family":"unknown","ai":false}},{"type":"Feature","geometry":{"type":"Point","coordinates":[139.2992772,35.7906307]},"properties":{"id":"jinja_w745394119","name":null,"prefecture":null,"family":"unknown","ai":false}},{"type":"Feature","geometry":{"type":"Point","coordinates":[139.8847052,35.6919508]},"properties":{"id":"jinja_w746823831","name":"第六天宮","prefecture":null,"family":"unknown","ai":false}},{"type":"Feature","geometry":{"type":"Point","coordinates":[139.26893,35.6093433]},"properties":{"id":"jinja_w749358761","name":null,"prefecture":null,"family":"unknown","ai":false}},{"type":"Feature","geometry":{"type":"Point","coordinates":[139.4723043,35.501882]},"properties":{"id":"jinja_w753074821","name":"第六天神社","prefecture":null,"family":"unknown","ai":false}},{"type":"Feature","geometry":{"type":"Point","coordinates":[139.4723333,35.5019096]},"properties":{"id":"jinja_w753074822","name":"古峯神社","prefecture":null,"family":"unknown","ai":false}},{"type":"Feature","geometry":{"type":"Point","coordinates":[139.6248495,35.7126042]},"properties":{"id":"jinja_w755844023","name":null,"prefecture":null,"family":"unknown","ai":false}},{"type":"Feature","geometry":{"type":"Point","coordinates":[139.626784,35.7089112]},"properties":{"id":"jinja_w756868229","name":null,"prefecture":null,"family":"unknown","ai":false}},{"type":"Feature","geometry":{"type":"Point","coordinates":[139.3735717,35.5968935]},"properties":{"id":"jinja_w757524267","name":"御嶽神社","prefecture":null,"family":"unknown","ai":false}},{"type":"Feature","geometry":{"type":"Point","coordinates":[139.4621625,35.5738237]},"properties":{"id":"jinja_w758486728","name":"七面社","prefecture":null,"family":"unknown","ai":false}},{"type":"Feature","geometry":{"type":"Point","coordinates":[139.8542917,35.7764168]},"properties":{"id":"jinja_w764486215","name":"飯塚冨士神社","prefecture":null,"family":"unknown","ai":true}},{"type":"Feature","geometry":{"type":"Point","coordinates":[139.6075201,35.7420182]},"properties":{"id":"jinja_w767796422","name":"和田稲荷神社","prefecture":null,"family":"inari","ai":true}},{"type":"Feature","geometry":{"type":"Point","coordinates":[139.7499766,35.6960609]},"properties":{"id":"jinja_w769043842","name":"築土神社","prefecture":null,"family":"unknown","ai":true}},{"type":"Feature","geometry":{"type":"Point","coordinates":[139.8678273,35.7899911]},"properties":{"id":"jinja_w771095940","name":"日枝神社","prefecture":null,"family":"hie_sanno","ai":true}},{"type":"Feature","geometry":{"type":"Point","coordinates":[139.5775863,35.6806963]},"properties":{"id":"jinja_w771581535","name":null,"prefecture":null,"family":"unknown","ai":false}},{"type":"Feature","geometry":{"type":"Point","coordinates":[139.3006761,35.6530444]},"properties":{"id":"jinja_w775683131","name":"稲荷森神社","prefecture":null,"family":"inari","ai":false}},{"type":"Feature","geometry":{"type":"Point","coordinates":[139.8517797,35.6658488]},"properties":{"id":"jinja_w777601032","name":"小島八幡神社","prefecture":null,"family":"hachiman","ai":false}},{"type":"Feature","geometry":{"type":"Point","coordinates":[139.6204591,35.7413149]},"properties":{"id":"jinja_w788196382","name":null,"prefecture":null,"family":"unknown","ai":false}},{"type":"Feature","geometry":{"type":"Point","coordinates":[139.2966617,35.8083778]},"properties":{"id":"jinja_w791366981","name":"木野下神社","prefecture":"東京都","family":"unknown","ai":false}},{"type":"Feature","geometry":{"type":"Point","coordinates":[139.2967055,35.8084452]},"properties":{"id":"jinja_w791366982","name":null,"prefecture":null,"family":"unknown","ai":false}},{"type":"Feature","geometry":{"type":"Point","coordinates":[139.5827978,35.6679946]},"properties":{"id":"jinja_w792555206","name":null,"prefecture":null,"family":"unknown","ai":false}},{"type":"Feature","geometry":{"type":"Point","coordinates":[139.2775456,35.6816143]},"properties":{"id":"jinja_w794626506","name":"金比羅社","prefecture":null,"family":"konpira","ai":false}},{"type":"Feature","geometry":{"type":"Point","coordinates":[139.2775087,35.6816245]},"properties":{"id":"jinja_w794626507","name":null,"prefecture":null,"family":"unknown","ai":false}},{"type":"Feature","geometry":{"type":"Point","coordinates":[139.2801755,35.6743671]},"properties":{"id":"jinja_w798240685","name":"熊野神社","prefecture":null,"family":"kumano","ai":false}},{"type":"Feature","geometry":{"type":"Point","coordinates":[139.570531,35.72645]},"properties":{"id":"jinja_w799018775","name":null,"prefecture":null,"family":"unknown","ai":false}},{"type":"Feature","geometry":{"type":"Point","coordinates":[139.6203706,35.7412175]},"properties":{"id":"jinja_w799397949","name":"一山社","prefecture":null,"family":"unknown","ai":false}},{"type":"Feature","geometry":{"type":"Point","coordinates":[139.349715,35.6438064]},"properties":{"id":"jinja_w803657564","name":"打越八幡社","prefecture":null,"family":"hachiman","ai":false}},{"type":"Feature","geometry":{"type":"Point","coordinates":[139.3531078,35.646823]},"properties":{"id":"jinja_w804289184","name":"北野天満社","prefecture":null,"family":"tenjin","ai":true}},{"type":"Feature","geometry":{"type":"Point","coordinates":[139.7648367,35.8109792]},"properties":{"id":"jinja_w806660730","name":"入谷氷川神社","prefecture":null,"family":"hachiman","ai":true}},{"type":"Feature","geometry":{"type":"Point","coordinates":[139.2694379,35.6328657]},"properties":{"id":"jinja_w806842145","name":"氷川神社","prefecture":null,"family":"gion_yasaka","ai":true}},{"type":"Feature","geometry":{"type":"Point","coordinates":[139.4055087,35.57932]},"properties":{"id":"jinja_w807124750","name":null,"prefecture":null,"family":"unknown","ai":false}},{"type":"Feature","geometry":{"type":"Point","coordinates":[139.4052609,35.5790621]},"properties":{"id":"jinja_w807124754","name":"山門","prefecture":null,"family":"unknown","ai":false}},{"type":"Feature","geometry":{"type":"Point","coordinates":[139.4547669,35.5342845]},"properties":{"id":"jinja_w813352437","name":"杉山神社","prefecture":null,"family":"unknown","ai":false}},{"type":"Feature","geometry":{"type":"Point","coordinates":[139.6380798,35.6412816]},"properties":{"id":"jinja_w814550783","name":"荼枳尼天","prefecture":null,"family":"unknown","ai":false}},{"type":"Feature","geometry":{"type":"Point","coordinates":[139.2603486,35.6681903]},"properties":{"id":"jinja_w818750841","name":"秋葉神社","prefecture":null,"family":"akiba","ai":false}},{"type":"Feature","geometry":{"type":"Point","coordinates":[139.7840524,35.6868556]},"properties":{"id":"jinja_w819543472","name":"末廣神社","prefecture":null,"family":"unknown","ai":true}},{"type":"Feature","geometry":{"type":"Point","coordinates":[139.7229271,35.6180812]},"properties":{"id":"jinja_w819823279","name":"稲荷大明神","prefecture":null,"family":"inari","ai":false}},{"type":"Feature","geometry":{"type":"Point","coordinates":[139.8067823,35.7150149]},"properties":{"id":"jinja_w819890245","name":"三囲神社","prefecture":null,"family":"inari","ai":true}},{"type":"Feature","geometry":{"type":"Point","coordinates":[139.2536596,35.6731467]},"properties":{"id":"jinja_w820799960","name":"御嶽神社","prefecture":null,"family":"unknown","ai":false}},{"type":"Feature","geometry":{"type":"Point","coordinates":[139.8308756,35.7551499]},"properties":{"id":"jinja_w823480569","name":null,"prefecture":null,"family":"unknown","ai":false}},{"type":"Feature","geometry":{"type":"Point","coordinates":[139.2907057,35.6678611]},"properties":{"id":"jinja_w824165964","name":"七面大明神","prefecture":null,"family":"unknown","ai":false}},{"type":"Feature","geometry":{"type":"Point","coordinates":[139.2853136,35.6638013]},"properties":{"id":"jinja_w824172102","name":"日枝山王社","prefecture":null,"family":"hie_sanno","ai":false}},{"type":"Feature","geometry":{"type":"Point","coordinates":[139.2984611,35.642994]},"properties":{"id":"jinja_w825857211","name":"十二社","prefecture":null,"family":"unknown","ai":false}},{"type":"Feature","geometry":{"type":"Point","coordinates":[139.4272204,35.5596801]},"properties":{"id":"jinja_w826383325","name":"木曽八坂神社","prefecture":null,"family":"gion_yasaka","ai":true}},{"type":"Feature","geometry":{"type":"Point","coordinates":[139.7931916,35.7217709]},"properties":{"id":"jinja_w830286353","name":"吉原弁財天","prefecture":null,"family":"unknown","ai":false}},{"type":"Feature","geometry":{"type":"Point","coordinates":[139.7933546,35.7228449]},"properties":{"id":"jinja_w831174925","name":"吉原神社","prefecture":null,"family":"inari","ai":true}},{"type":"Feature","geometry":{"type":"Point","coordinates":[139.7919815,35.7225128]},"properties":{"id":"jinja_w831174933","name":"鷲神社","prefecture":null,"family":"unknown","ai":true}},{"type":"Feature","geometry":{"type":"Point","coordinates":[139.7916938,35.722531]},"properties":{"id":"jinja_w831174934","name":"鷲神社","prefecture":"東京都","family":"unknown","ai":true}},{"type":"Feature","geometry":{"type":"Point","coordinates":[139.3280216,35.6424988]},"properties":{"id":"jinja_w832826621","name":null,"prefecture":null,"family":"unknown","ai":false}},{"type":"Feature","geometry":{"type":"Point","coordinates":[139.2737123,35.6455902]},"properties":{"id":"jinja_w832861706","name":"白山宮","prefecture":null,"family":"hakusan","ai":false}},{"type":"Feature","geometry":{"type":"Point","coordinates":[139.6712156,35.6971812]},"properties":{"id":"jinja_w846591876","name":"五中五成神社","prefecture":null,"family":"unknown","ai":false}},{"type":"Feature","geometry":{"type":"Point","coordinates":[139.7958117,35.7149108]},"properties":{"id":"jinja_w846857509","name":"三峰神社","prefecture":null,"family":"unknown","ai":false}},{"type":"Feature","geometry":{"type":"Point","coordinates":[139.6638082,35.7675612]},"properties":{"id":"jinja_w854362981","name":"北町浅間神社","prefecture":null,"family":"unknown","ai":false}},{"type":"Feature","geometry":{"type":"Point","coordinates":[139.6639186,35.7676747]},"properties":{"id":"jinja_w854362982","name":"白狐稲荷社","prefecture":null,"family":"inari","ai":false}},{"type":"Feature","geometry":{"type":"Point","coordinates":[139.6653044,35.7603192]},"properties":{"id":"jinja_w854382488","name":null,"prefecture":null,"family":"unknown","ai":false}},{"type":"Feature","geometry":{"type":"Point","coordinates":[139.6654038,35.7603162]},"properties":{"id":"jinja_w854382489","name":"須賀神社","prefecture":null,"family":"unknown","ai":false}},{"type":"Feature","geometry":{"type":"Point","coordinates":[139.6701931,35.7559475]},"properties":{"id":"jinja_w854387175","name":null,"prefecture":null,"family":"unknown","ai":false}},{"type":"Feature","geometry":{"type":"Point","coordinates":[139.6582862,35.7489868]},"properties":{"id":"jinja_w855627810","name":"高稲荷神社","prefecture":null,"family":"inari","ai":false}},{"type":"Feature","geometry":{"type":"Point","coordinates":[139.6650666,35.7341118]},"properties":{"id":"jinja_w856392409","name":"市杵島神社","prefecture":null,"family":"unknown","ai":false}},{"type":"Feature","geometry":{"type":"Point","coordinates":[139.6684598,35.7322533]},"properties":{"id":"jinja_w856392412","name":null,"prefecture":null,"family":"unknown","ai":false}},{"type":"Feature","geometry":{"type":"Point","coordinates":[139.6303592,35.7427512]},"properties":{"id":"jinja_w856426039","name":null,"prefecture":null,"family":"unknown","ai":false}},{"type":"Feature","geometry":{"type":"Point","coordinates":[139.2928558,35.6515482]},"properties":{"id":"jinja_w858728128","name":null,"prefecture":null,"family":"unknown","ai":false}},{"type":"Feature","geometry":{"type":"Point","coordinates":[139.5530212,35.7326774]},"properties":{"id":"jinja_w859690326","name":null,"prefecture":null,"family":"unknown","ai":false}},{"type":"Feature","geometry":{"type":"Point","coordinates":[139.7545257,35.6631541]},"properties":{"id":"jinja_w865500039","name":"鹽竈神社","prefecture":null,"family":"kashima_katori","ai":true}},{"type":"Feature","geometry":{"type":"Point","coordinates":[139.5183497,35.7840981]},"properties":{"id":"jinja_w867580825","name":"中里の富士塚","prefecture":null,"family":"unknown","ai":false}},{"type":"Feature","geometry":{"type":"Point","coordinates":[139.5264247,35.7800824]},"properties":{"id":"jinja_w867580837","name":"日枝神社","prefecture":"東京都","family":"hie_sanno","ai":true}},{"type":"Feature","geometry":{"type":"Point","coordinates":[139.2631737,35.6795368]},"properties":{"id":"jinja_w871812639","name":"稲荷神社","prefecture":null,"family":"inari","ai":false}},{"type":"Feature","geometry":{"type":"Point","coordinates":[139.6756843,35.7527237]},"properties":{"id":"jinja_w874731130","name":"小茂根稲荷神社","prefecture":null,"family":"inari","ai":false}},{"type":"Feature","geometry":{"type":"Point","coordinates":[139.7151113,35.6429283]},"properties":{"id":"jinja_w879298895","name":"Ebisu shrine","prefecture":null,"family":"unknown","ai":false}},{"type":"Feature","geometry":{"type":"Point","coordinates":[139.7583123,35.6633967]},"properties":{"id":"jinja_w887445125","name":null,"prefecture":null,"family":"unknown","ai":false}},{"type":"Feature","geometry":{"type":"Point","coordinates":[139.7449836,35.6645837]},"properties":{"id":"jinja_w889453726","name":null,"prefecture":null,"family":"unknown","ai":false}},{"type":"Feature","geometry":{"type":"Point","coordinates":[139.0764649,35.7964236]},"properties":{"id":"jinja_w897564678","name":"白髭神社","prefecture":null,"family":"unknown","ai":false}},{"type":"Feature","geometry":{"type":"Point","coordinates":[139.3835414,35.6991664]},"properties":{"id":"jinja_w900757011","name":"福島神社","prefecture":null,"family":"unknown","ai":false}},{"type":"Feature","geometry":{"type":"Point","coordinates":[139.2800936,35.7836988]},"properties":{"id":"jinja_w902731086","name":"石神社","prefecture":null,"family":"unknown","ai":false}},{"type":"Feature","geometry":{"type":"Point","coordinates":[139.3052452,35.6867344]},"properties":{"id":"jinja_w904369715","name":"日枝神社","prefecture":null,"family":"hie_sanno","ai":false}},{"type":"Feature","geometry":{"type":"Point","coordinates":[139.1494962,35.7827842]},"properties":{"id":"jinja_w906264740","name":"北野社","prefecture":null,"family":"unknown","ai":false}},{"type":"Feature","geometry":{"type":"Point","coordinates":[139.1494833,35.7828387]},"properties":{"id":"jinja_w906264741","name":"巨福社","prefecture":null,"family":"unknown","ai":false}},{"type":"Feature","geometry":{"type":"Point","coordinates":[139.1497807,35.7829498]},"properties":{"id":"jinja_w906264742","name":"東照社","prefecture":null,"family":"unknown","ai":false}},{"type":"Feature","geometry":{"type":"Point","coordinates":[139.6439706,35.770626]},"properties":{"id":"jinja_w909196229","name":"赤塚胸形稲荷","prefecture":"東京都","family":"inari","ai":false}},{"type":"Feature","geometry":{"type":"Point","coordinates":[139.2706516,35.7657687]},"properties":{"id":"jinja_w915920350","name":null,"prefecture":null,"family":"unknown","ai":false}},{"type":"Feature","geometry":{"type":"Point","coordinates":[139.6462265,35.770347]},"properties":{"id":"jinja_w916896841","name":null,"prefecture":null,"family":"unknown","ai":false}},{"type":"Feature","geometry":{"type":"Point","coordinates":[139.2640935,35.8139293]},"properties":{"id":"jinja_w918502741","name":"檜原神社","prefecture":null,"family":"unknown","ai":false}},{"type":"Feature","geometry":{"type":"Point","coordinates":[139.0876814,35.79914]},"properties":{"id":"jinja_w920124797","name":"山祇神社","prefecture":null,"family":"unknown","ai":false}},{"type":"Feature","geometry":{"type":"Point","coordinates":[139.26929,35.7430252]},"properties":{"id":"jinja_w921566583","name":"春日神社","prefecture":null,"family":"kasuga","ai":false}},{"type":"Feature","geometry":{"type":"Point","coordinates":[139.2516642,35.7351125]},"properties":{"id":"jinja_w923854315","name":"北郷神社","prefecture":null,"family":"unknown","ai":false}},{"type":"Feature","geometry":{"type":"Point","coordinates":[139.2627479,35.7256191]},"properties":{"id":"jinja_w924792558","name":"山田天神社","prefecture":null,"family":"tenjin","ai":false}},{"type":"Feature","geometry":{"type":"Point","coordinates":[139.6509438,35.7663508]},"properties":{"id":"jinja_w929437745","name":"大松氷川神社","prefecture":null,"family":"unknown","ai":false}},{"type":"Feature","geometry":{"type":"Point","coordinates":[139.6508052,35.766413]},"properties":{"id":"jinja_w929437746","name":null,"prefecture":null,"family":"unknown","ai":false}},{"type":"Feature","geometry":{"type":"Point","coordinates":[139.6418843,35.7643051]},"properties":{"id":"jinja_w931640686","name":"田柄天祖神社","prefecture":null,"family":"shinmei_ise","ai":true}},{"type":"Feature","geometry":{"type":"Point","coordinates":[139.3245931,35.6631745]},"properties":{"id":"jinja_w938087063","name":null,"prefecture":null,"family":"unknown","ai":false}},{"type":"Feature","geometry":{"type":"Point","coordinates":[139.2747014,35.6411199]},"properties":{"id":"jinja_w939127174","name":"神明神社","prefecture":null,"family":"shinmei_ise","ai":false}},{"type":"Feature","geometry":{"type":"Point","coordinates":[139.6351412,35.7431846]},"properties":{"id":"jinja_w945685511","name":null,"prefecture":null,"family":"unknown","ai":false}},{"type":"Feature","geometry":{"type":"Point","coordinates":[139.460894,35.5718076]},"properties":{"id":"jinja_w945905666","name":"金井八幡神社","prefecture":null,"family":"hachiman","ai":false}},{"type":"Feature","geometry":{"type":"Point","coordinates":[139.7876524,35.7135263]},"properties":{"id":"jinja_w953738420","name":"矢先稲荷神社","prefecture":null,"family":"inari","ai":true}},{"type":"Feature","geometry":{"type":"Point","coordinates":[139.8233399,35.6910217]},"properties":{"id":"jinja_w961273462","name":"愛宕神社","prefecture":null,"family":"atago","ai":false}},{"type":"Feature","geometry":{"type":"Point","coordinates":[139.7409533,35.6824215]},"properties":{"id":"jinja_w981883042","name":"平河天満宮","prefecture":"東京都","family":"tenjin","ai":true}},{"type":"Feature","geometry":{"type":"Point","coordinates":[139.4485151,35.57885]},"properties":{"id":"jinja_w983550596","name":null,"prefecture":null,"family":"unknown","ai":false}},{"type":"Feature","geometry":{"type":"Point","coordinates":[139.6578693,35.670766]},"properties":{"id":"jinja_w984711629","name":"大原稲荷神社","prefecture":null,"family":"inari","ai":true}},{"type":"Feature","geometry":{"type":"Point","coordinates":[139.8752675,35.724386]},"properties":{"id":"jinja_w986919406","name":"興之宮神社","prefecture":null,"family":"unknown","ai":false}},{"type":"Feature","geometry":{"type":"Point","coordinates":[139.4635763,35.6575446]},"properties":{"id":"jinja_w990421464","name":"下河原八幡神社","prefecture":null,"family":"hachiman","ai":false}},{"type":"Feature","geometry":{"type":"Point","coordinates":[139.8128776,35.7478379]},"properties":{"id":"jinja_w997808483","name":"柳原稲荷神社","prefecture":null,"family":"inari","ai":true}},{"type":"Feature","geometry":{"type":"Point","coordinates":[139.8701023,35.7585858]},"properties":{"id":"jinja_w1002162931","name":"古録天神社","prefecture":null,"family":"tenjin","ai":false}},{"type":"Feature","geometry":{"type":"Point","coordinates":[139.3665489,35.6007494]},"properties":{"id":"jinja_w1006880584","name":"札次神社","prefecture":null,"family":"unknown","ai":false}},{"type":"Feature","geometry":{"type":"Point","coordinates":[139.8826308,35.7017173]},"properties":{"id":"jinja_w1006959567","name":"一之江日枝神社","prefecture":null,"family":"hie_sanno","ai":false}},{"type":"Feature","geometry":{"type":"Point","coordinates":[139.8831609,35.7021003]},"properties":{"id":"jinja_w1006961991","name":"一之江天祖神社","prefecture":null,"family":"unknown","ai":false}},{"type":"Feature","geometry":{"type":"Point","coordinates":[139.8058487,35.7540268]},"properties":{"id":"jinja_w1009063892","name":"千住氷川神社","prefecture":null,"family":"inari","ai":false}},{"type":"Feature","geometry":{"type":"Point","coordinates":[139.8021342,35.744077]},"properties":{"id":"jinja_w1009190918","name":"仲町氷川神社","prefecture":null,"family":"unknown","ai":false}},{"type":"Feature","geometry":{"type":"Point","coordinates":[139.7994121,35.7571205]},"properties":{"id":"jinja_w1009211553","name":"大川町氷川神社","prefecture":null,"family":"unknown","ai":true}},{"type":"Feature","geometry":{"type":"Point","coordinates":[139.7918231,35.7559464]},"properties":{"id":"jinja_w1009217419","name":"元宿神社","prefecture":null,"family":"unknown","ai":false}},{"type":"Feature","geometry":{"type":"Point","coordinates":[139.7910803,35.7544239]},"properties":{"id":"jinja_w1009219931","name":"元宿堰稲荷神社","prefecture":null,"family":"inari","ai":true}},{"type":"Feature","geometry":{"type":"Point","coordinates":[139.4516597,35.538192]},"properties":{"id":"jinja_w1010839013","name":null,"prefecture":null,"family":"unknown","ai":false}},{"type":"Feature","geometry":{"type":"Point","coordinates":[139.4516165,35.5382374]},"properties":{"id":"jinja_w1010839014","name":null,"prefecture":null,"family":"unknown","ai":false}},{"type":"Feature","geometry":{"type":"Point","coordinates":[139.7085535,35.7839196]},"properties":{"id":"jinja_w1011006318","name":"諏訪神社","prefecture":null,"family":"suwa","ai":true}},{"type":"Feature","geometry":{"type":"Point","coordinates":[139.8775367,35.7757003]},"properties":{"id":"jinja_w1011212590","name":"半田稲荷神社","prefecture":null,"family":"inari","ai":true}},{"type":"Feature","geometry":{"type":"Point","coordinates":[139.4805799,35.7157723]},"properties":{"id":"jinja_w1015869246","name":null,"prefecture":null,"family":"unknown","ai":false}},{"type":"Feature","geometry":{"type":"Point","coordinates":[139.4900501,35.7284905]},"properties":{"id":"jinja_w1017346215","name":null,"prefecture":null,"family":"unknown","ai":false}},{"type":"Feature","geometry":{"type":"Point","coordinates":[139.8398847,35.7653078]},"properties":{"id":"jinja_w1019370734","name":"高木神社","prefecture":null,"family":"inari","ai":true}},{"type":"Feature","geometry":{"type":"Point","coordinates":[139.2928288,35.6910507]},"properties":{"id":"jinja_w1019755051","name":"天神社","prefecture":null,"family":"tenjin","ai":false}},{"type":"Feature","geometry":{"type":"Point","coordinates":[139.2612151,35.6167758]},"properties":{"id":"jinja_w1020274419","name":"吉高菊一稲荷神社","prefecture":null,"family":"inari","ai":false}},{"type":"Feature","geometry":{"type":"Point","coordinates":[139.2609021,35.7882173]},"properties":{"id":"jinja_w1021579972","name":"呑竜堂","prefecture":null,"family":"unknown","ai":false}},{"type":"Feature","geometry":{"type":"Point","coordinates":[139.41064,35.7684173]},"properties":{"id":"jinja_w1023484393","name":"玉湖神社","prefecture":null,"family":"unknown","ai":false}},{"type":"Feature","geometry":{"type":"Point","coordinates":[139.3443633,35.6045933]},"properties":{"id":"jinja_w1026080433","name":null,"prefecture":null,"family":"unknown","ai":false}},{"type":"Feature","geometry":{"type":"Point","coordinates":[139.2528141,35.6772066]},"properties":{"id":"jinja_w1027228262","name":"金山神社","prefecture":null,"family":"unknown","ai":false}},{"type":"Feature","geometry":{"type":"Point","coordinates":[139.5440916,35.729923]},"properties":{"id":"jinja_w1027414130","name":null,"prefecture":null,"family":"unknown","ai":false}},{"type":"Feature","geometry":{"type":"Point","coordinates":[139.544185,35.7297784]},"properties":{"id":"jinja_w1027414132","name":null,"prefecture":null,"family":"unknown","ai":false}},{"type":"Feature","geometry":{"type":"Point","coordinates":[139.4930806,35.717871]},"properties":{"id":"jinja_w1029338391","name":null,"prefecture":null,"family":"unknown","ai":false}},{"type":"Feature","geometry":{"type":"Point","coordinates":[139.3415443,35.6620613]},"properties":{"id":"jinja_w1032946874","name":"永福稲荷神社","prefecture":null,"family":"inari","ai":false}},{"type":"Feature","geometry":{"type":"Point","coordinates":[139.4997843,35.633522]},"properties":{"id":"jinja_w1036258407","name":"妙見尊","prefecture":null,"family":"unknown","ai":false}},{"type":"Feature","geometry":{"type":"Point","coordinates":[139.2245355,35.7277374]},"properties":{"id":"jinja_w1036873453","name":"粟島神社","prefecture":null,"family":"unknown","ai":false}},{"type":"Feature","geometry":{"type":"Point","coordinates":[139.2227717,35.725325]},"properties":{"id":"jinja_w1036873456","name":"阿伎留神社","prefecture":null,"family":"konpira","ai":true}},{"type":"Feature","geometry":{"type":"Point","coordinates":[139.5073671,35.7621325]},"properties":{"id":"jinja_w1037433931","name":"竹丘淺間神社","prefecture":null,"family":"unknown","ai":false}},{"type":"Feature","geometry":{"type":"Point","coordinates":[139.3422761,35.7220223]},"properties":{"id":"jinja_w1038002403","name":"共光稲荷神社","prefecture":null,"family":"inari","ai":false}},{"type":"Feature","geometry":{"type":"Point","coordinates":[139.6678192,35.7660342]},"properties":{"id":"jinja_w1040737455","name":"弁天宮","prefecture":"東京都","family":"unknown","ai":false}},{"type":"Feature","geometry":{"type":"Point","coordinates":[139.465868,35.7654126]},"properties":{"id":"jinja_w1050204817","name":null,"prefecture":null,"family":"unknown","ai":false}},{"type":"Feature","geometry":{"type":"Point","coordinates":[139.3494438,35.6661023]},"properties":{"id":"jinja_w1056174200","name":"八幡神社","prefecture":null,"family":"hachiman","ai":false}},{"type":"Feature","geometry":{"type":"Point","coordinates":[139.3494735,35.6661695]},"properties":{"id":"jinja_w1056174201","name":"八幡神社","prefecture":null,"family":"hachiman","ai":false}},{"type":"Feature","geometry":{"type":"Point","coordinates":[139.8024186,35.726945]},"properties":{"id":"jinja_w1056547170","name":null,"prefecture":null,"family":"unknown","ai":false}},{"type":"Feature","geometry":{"type":"Point","coordinates":[139.8024137,35.721361]},"properties":{"id":"jinja_w1056599536","name":"熱田神社","prefecture":null,"family":"unknown","ai":true}},{"type":"Feature","geometry":{"type":"Point","coordinates":[139.2983076,35.6687711]},"properties":{"id":"jinja_w1057607883","name":null,"prefecture":null,"family":"unknown","ai":false}},{"type":"Feature","geometry":{"type":"Point","coordinates":[139.7858486,35.6980244]},"properties":{"id":"jinja_w1065566330","name":"此葉稲荷神社","prefecture":null,"family":"inari","ai":false}},{"type":"Feature","geometry":{"type":"Point","coordinates":[139.3293721,35.6645408]},"properties":{"id":"jinja_w1066115529","name":"聲阿彌稲荷社","prefecture":null,"family":"inari","ai":false}},{"type":"Feature","geometry":{"type":"Point","coordinates":[139.328499,35.6648617]},"properties":{"id":"jinja_w1066115530","name":"水天宮","prefecture":null,"family":"unknown","ai":false}},{"type":"Feature","geometry":{"type":"Point","coordinates":[139.3489495,35.7726486]},"properties":{"id":"jinja_w1070483855","name":"太田姫稲荷大明神","prefecture":null,"family":"inari","ai":false}},{"type":"Feature","geometry":{"type":"Point","coordinates":[139.3103708,35.6804374]},"properties":{"id":"jinja_w1072706662","name":null,"prefecture":null,"family":"unknown","ai":false}},{"type":"Feature","geometry":{"type":"Point","coordinates":[139.309303,35.675088]},"properties":{"id":"jinja_w1073319782","name":null,"prefecture":null,"family":"unknown","ai":false}},{"type":"Feature","geometry":{"type":"Point","coordinates":[139.6058309,35.6679223]},"properties":{"id":"jinja_w1080703535","name":"烏山神社","prefecture":null,"family":"unknown","ai":true}},{"type":"Feature","geometry":{"type":"Point","coordinates":[139.6054855,35.732543]},"properties":{"id":"jinja_w1081318401","name":"天祖神社","prefecture":null,"family":"unknown","ai":false}},{"type":"Feature","geometry":{"type":"Point","coordinates":[139.7816198,35.6877792]},"properties":{"id":"jinja_w1082661559","name":"三光稲荷神社","prefecture":null,"family":"inari","ai":false}},{"type":"Feature","geometry":{"type":"Point","coordinates":[139.5691858,35.6349923]},"properties":{"id":"jinja_w1085019152","name":"伊豆美神社","prefecture":null,"family":"unknown","ai":true}},{"type":"Feature","geometry":{"type":"Point","coordinates":[139.315973,35.8103874]},"properties":{"id":"jinja_w1085511008","name":"三柱神社","prefecture":null,"family":"unknown","ai":false}},{"type":"Feature","geometry":{"type":"Point","coordinates":[139.4662725,35.514834]},"properties":{"id":"jinja_w1087801882","name":"熊野神社","prefecture":null,"family":"kumano","ai":false}},{"type":"Feature","geometry":{"type":"Point","coordinates":[139.2655714,35.8304614]},"properties":{"id":"jinja_w1088995077","name":"成木熊野神社","prefecture":null,"family":"kumano","ai":false}},{"type":"Feature","geometry":{"type":"Point","coordinates":[139.3677495,35.6681715]},"properties":{"id":"jinja_w1095664525","name":"高倉稲荷神社","prefecture":null,"family":"inari","ai":false}},{"type":"Feature","geometry":{"type":"Point","coordinates":[139.3578263,35.6584058]},"properties":{"id":"jinja_w1095664528","name":"関根神社","prefecture":null,"family":"unknown","ai":false}},{"type":"Feature","geometry":{"type":"Point","coordinates":[139.574386,35.6470784]},"properties":{"id":"jinja_w1106030479","name":"八幡神社","prefecture":null,"family":"hachiman","ai":false}},{"type":"Feature","geometry":{"type":"Point","coordinates":[139.7341796,35.5796922]},"properties":{"id":"jinja_w1106209044","name":null,"prefecture":null,"family":"unknown","ai":false}},{"type":"Feature","geometry":{"type":"Point","coordinates":[139.4594439,35.7638392]},"properties":{"id":"jinja_w1108818902","name":"八坂神社","prefecture":null,"family":"gion_yasaka","ai":false}},{"type":"Feature","geometry":{"type":"Point","coordinates":[139.4925637,35.7787186]},"properties":{"id":"jinja_w1108866806","name":"秋津神社","prefecture":null,"family":"unknown","ai":true}},{"type":"Feature","geometry":{"type":"Point","coordinates":[139.4571448,35.5408515]},"properties":{"id":"jinja_w1110209416","name":"熊野神社","prefecture":null,"family":"kumano","ai":false}},{"type":"Feature","geometry":{"type":"Point","coordinates":[139.4502607,35.5471687]},"properties":{"id":"jinja_w1111103334","name":"母智丘神社","prefecture":"東京都","family":"unknown","ai":false}},{"type":"Feature","geometry":{"type":"Point","coordinates":[139.4271126,35.5596869]},"properties":{"id":"jinja_w1112684932","name":"八坂神社","prefecture":null,"family":"gion_yasaka","ai":true}},{"type":"Feature","geometry":{"type":"Point","coordinates":[139.4798588,35.6249708]},"properties":{"id":"jinja_w1116414294","name":"於部屋八幡社","prefecture":null,"family":"hachiman","ai":false}},{"type":"Feature","geometry":{"type":"Point","coordinates":[139.5358452,35.7951579]},"properties":{"id":"jinja_w1119506054","name":"上宮稲荷神社","prefecture":null,"family":"inari","ai":false}},{"type":"Feature","geometry":{"type":"Point","coordinates":[139.6802583,35.6383223]},"properties":{"id":"jinja_w1121909294","name":"駒繁神社","prefecture":null,"family":"unknown","ai":true}},{"type":"Feature","geometry":{"type":"Point","coordinates":[139.8799424,35.6874562]},"properties":{"id":"jinja_w1123278946","name":"白鬚神社","prefecture":null,"family":"unknown","ai":false}},{"type":"Feature","geometry":{"type":"Point","coordinates":[139.5462048,35.6997333]},"properties":{"id":"jinja_w1124062011","name":null,"prefecture":null,"family":"unknown","ai":false}},{"type":"Feature","geometry":{"type":"Point","coordinates":[139.5202448,35.6796271]},"properties":{"id":"jinja_w1128009870","name":null,"prefecture":null,"family":"unknown","ai":false}},{"type":"Feature","geometry":{"type":"Point","coordinates":[139.2947181,35.664167]},"properties":{"id":"jinja_w1128136329","name":"日吉神社","prefecture":null,"family":"hie_sanno","ai":false}},{"type":"Feature","geometry":{"type":"Point","coordinates":[139.3213154,35.6612012]},"properties":{"id":"jinja_w1128178606","name":null,"prefecture":null,"family":"unknown","ai":false}},{"type":"Feature","geometry":{"type":"Point","coordinates":[139.3282704,35.6563857]},"properties":{"id":"jinja_w1128183108","name":null,"prefecture":null,"family":"unknown","ai":false}},{"type":"Feature","geometry":{"type":"Point","coordinates":[139.3283917,35.6563658]},"properties":{"id":"jinja_w1128183211","name":null,"prefecture":null,"family":"unknown","ai":false}},{"type":"Feature","geometry":{"type":"Point","coordinates":[139.5464687,35.6999986]},"properties":{"id":"jinja_w1133064261","name":null,"prefecture":null,"family":"unknown","ai":false}},{"type":"Feature","geometry":{"type":"Point","coordinates":[139.5462546,35.6998584]},"properties":{"id":"jinja_w1133064262","name":null,"prefecture":null,"family":"unknown","ai":false}},{"type":"Feature","geometry":{"type":"Point","coordinates":[139.7005229,35.6758624]},"properties":{"id":"jinja_w1133797261","name":"車祓所","prefecture":null,"family":"unknown","ai":false}},{"type":"Feature","geometry":{"type":"Point","coordinates":[139.6359126,35.6106507]},"properties":{"id":"jinja_w1135408001","name":"上野毛稲荷神社","prefecture":null,"family":"inari","ai":true}},{"type":"Feature","geometry":{"type":"Point","coordinates":[139.5739665,35.7267775]},"properties":{"id":"jinja_w1138007368","name":"井口稲荷","prefecture":"東京都","family":"inari","ai":false}},{"type":"Feature","geometry":{"type":"Point","coordinates":[139.7966209,35.7732772]},"properties":{"id":"jinja_w1140700824","name":"梅島天満宮","prefecture":null,"family":"tenjin","ai":false}},{"type":"Feature","geometry":{"type":"Point","coordinates":[139.6724537,35.6417814]},"properties":{"id":"jinja_w1154914744","name":"栄心稲荷神社","prefecture":null,"family":"inari","ai":false}},{"type":"Feature","geometry":{"type":"Point","coordinates":[139.3257444,35.6598489]},"properties":{"id":"jinja_w1156056220","name":"三峯神社","prefecture":null,"family":"unknown","ai":false}},{"type":"Feature","geometry":{"type":"Point","coordinates":[139.6867802,35.6112509]},"properties":{"id":"jinja_w1159770351","name":"妙徳稲荷大善神","prefecture":null,"family":"inari","ai":false}},{"type":"Feature","geometry":{"type":"Point","coordinates":[139.6868985,35.6114804]},"properties":{"id":"jinja_w1159770357","name":"清水窪弁財天","prefecture":null,"family":"unknown","ai":false}},{"type":"Feature","geometry":{"type":"Point","coordinates":[139.6934909,35.5857583]},"properties":{"id":"jinja_w1160810806","name":"道々橋八幡神社","prefecture":null,"family":"hachiman","ai":false}},{"type":"Feature","geometry":{"type":"Point","coordinates":[139.6890284,35.6020891]},"properties":{"id":"jinja_w1160810808","name":"千束八幡神社","prefecture":null,"family":"hachiman","ai":false}},{"type":"Feature","geometry":{"type":"Point","coordinates":[139.2291771,35.6395818]},"properties":{"id":"jinja_w1167915109","name":"浅川神社","prefecture":null,"family":"unknown","ai":false}},{"type":"Feature","geometry":{"type":"Point","coordinates":[139.7720403,35.7013312]},"properties":{"id":"jinja_w1178554981","name":"花房稲荷神社","prefecture":"東京都","family":"inari","ai":true}},{"type":"Feature","geometry":{"type":"Point","coordinates":[139.4795425,35.5261829]},"properties":{"id":"jinja_w1183930992","name":"杉山神社","prefecture":null,"family":"unknown","ai":false}},{"type":"Feature","geometry":{"type":"Point","coordinates":[139.4069112,35.6140926]},"properties":{"id":"jinja_w1188015836","name":"唐木田稲荷神社","prefecture":null,"family":"inari","ai":false}},{"type":"Feature","geometry":{"type":"Point","coordinates":[139.5056754,35.670978]},"properties":{"id":"jinja_w1188707614","name":"上染屋八幡神社","prefecture":"東京都","family":"hachiman","ai":true}},{"type":"Feature","geometry":{"type":"Point","coordinates":[139.5057329,35.6707236]},"properties":{"id":"jinja_w1188707619","name":"稲荷神社","prefecture":null,"family":"inari","ai":false}},{"type":"Feature","geometry":{"type":"Point","coordinates":[139.7082612,35.5401702]},"properties":{"id":"jinja_w1197544487","name":"北野神社","prefecture":null,"family":"tenjin","ai":false}},{"type":"Feature","geometry":{"type":"Point","coordinates":[139.4566034,35.5235638]},"properties":{"id":"jinja_w1197747009","name":"西田金山神社","prefecture":null,"family":"unknown","ai":false}},{"type":"Feature","geometry":{"type":"Point","coordinates":[139.6799932,35.7162798]},"properties":{"id":"jinja_w1198307730","name":"御霊神社","prefecture":"東京都","family":"unknown","ai":true}},{"type":"Feature","geometry":{"type":"Point","coordinates":[139.7465673,35.6528134]},"properties":{"id":"jinja_w1214278316","name":"蔵稲荷大明神","prefecture":null,"family":"inari","ai":false}},{"type":"Feature","geometry":{"type":"Point","coordinates":[139.7460112,35.6528033]},"properties":{"id":"jinja_w1214278319","name":"柳神社","prefecture":null,"family":"unknown","ai":false}},{"type":"Feature","geometry":{"type":"Point","coordinates":[139.4056541,35.5791781]},"properties":{"id":"jinja_w1216605695","name":null,"prefecture":null,"family":"unknown","ai":false}},{"type":"Feature","geometry":{"type":"Point","coordinates":[139.7023519,35.6944338]},"properties":{"id":"jinja_w1219380155","name":"歌舞伎町弁天堂","prefecture":null,"family":"unknown","ai":false}},{"type":"Feature","geometry":{"type":"Point","coordinates":[139.3274242,35.6069701]},"properties":{"id":"jinja_w1221599297","name":"諏訪神社","prefecture":null,"family":"suwa","ai":false}},{"type":"Feature","geometry":{"type":"Point","coordinates":[139.4874989,35.6351551]},"properties":{"id":"jinja_w1226349739","name":null,"prefecture":null,"family":"unknown","ai":false}},{"type":"Feature","geometry":{"type":"Point","coordinates":[139.2379973,35.8179681]},"properties":{"id":"jinja_w1227429042","name":"愛宕神社","prefecture":"東京都","family":"atago","ai":false}},{"type":"Feature","geometry":{"type":"Point","coordinates":[139.2368171,35.8183925]},"properties":{"id":"jinja_w1227429079","name":"境内社","prefecture":null,"family":"unknown","ai":false}},{"type":"Feature","geometry":{"type":"Point","coordinates":[139.5573522,35.7265834]},"properties":{"id":"jinja_w1229854962","name":"本殿","prefecture":null,"family":"unknown","ai":false}},{"type":"Feature","geometry":{"type":"Point","coordinates":[139.4135522,35.6595454]},"properties":{"id":"jinja_w1233854900","name":"高幡下田稲荷神社","prefecture":null,"family":"inari","ai":false}},{"type":"Feature","geometry":{"type":"Point","coordinates":[139.8069496,35.7662422]},"properties":{"id":"jinja_w1237200360","name":"氷川神社","prefecture":null,"family":"unknown","ai":false}},{"type":"Feature","geometry":{"type":"Point","coordinates":[139.7953362,35.7668297]},"properties":{"id":"jinja_w1237208823","name":"梅田神明宮","prefecture":null,"family":"shinmei_ise","ai":true}},{"type":"Feature","geometry":{"type":"Point","coordinates":[139.2629292,35.6728134]},"properties":{"id":"jinja_w1237983607","name":"八幡神社","prefecture":null,"family":"hachiman","ai":false}},{"type":"Feature","geometry":{"type":"Point","coordinates":[139.2970428,35.7547037]},"properties":{"id":"jinja_w1249079441","name":"羽村神社","prefecture":null,"family":"unknown","ai":false}},{"type":"Feature","geometry":{"type":"Point","coordinates":[139.3172054,35.7211239]},"properties":{"id":"jinja_w1249079458","name":"熊野神社","prefecture":null,"family":"kumano","ai":false}},{"type":"Feature","geometry":{"type":"Point","coordinates":[139.7180896,35.7391967]},"properties":{"id":"jinja_w1249718318","name":"最上稲荷","prefecture":"東京都","family":"inari","ai":false}},{"type":"Feature","geometry":{"type":"Point","coordinates":[139.7467515,35.7077915]},"properties":{"id":"jinja_w1252967400","name":"北野神社","prefecture":"東京都","family":"inari","ai":true}},{"type":"Feature","geometry":{"type":"Point","coordinates":[139.2979752,35.7628936]},"properties":{"id":"jinja_w1254491543","name":"阿蘇神社","prefecture":null,"family":"unknown","ai":true}},{"type":"Feature","geometry":{"type":"Point","coordinates":[139.4827825,35.5884172]},"properties":{"id":"jinja_w1267678435","name":null,"prefecture":null,"family":"unknown","ai":false}},{"type":"Feature","geometry":{"type":"Point","coordinates":[139.4453654,35.6447341]},"properties":{"id":"jinja_w1272155377","name":"金比羅宮","prefecture":null,"family":"konpira","ai":false}},{"type":"Feature","geometry":{"type":"Point","coordinates":[139.6486843,35.6293001]},"properties":{"id":"jinja_w1274569541","name":"久富稲荷神社","prefecture":null,"family":"inari","ai":false}},{"type":"Feature","geometry":{"type":"Point","coordinates":[139.6483137,35.7847038]},"properties":{"id":"jinja_w1280666064","name":"赤塚諏訪神社","prefecture":null,"family":"suwa","ai":true}},{"type":"Feature","geometry":{"type":"Point","coordinates":[139.5050454,35.7315333]},"properties":{"id":"jinja_w1281811613","name":null,"prefecture":null,"family":"unknown","ai":false}},{"type":"Feature","geometry":{"type":"Point","coordinates":[139.7927665,35.6913493]},"properties":{"id":"jinja_w1288814486","name":"江島杉山神社","prefecture":null,"family":"munakata","ai":true}},{"type":"Feature","geometry":{"type":"Point","coordinates":[139.6504183,35.7407061]},"properties":{"id":"jinja_w1289569116","name":"三社稲荷神社","prefecture":"東京都","family":"hakusan","ai":true}},{"type":"Feature","geometry":{"type":"Point","coordinates":[139.6507172,35.7403158]},"properties":{"id":"jinja_w1289569567","name":"成田山不動尊","prefecture":"東京都","family":"unknown","ai":false}},{"type":"Feature","geometry":{"type":"Point","coordinates":[139.4165832,35.6607889]},"properties":{"id":"jinja_w1293447358","name":"伏見稲荷","prefecture":null,"family":"inari","ai":false}},{"type":"Feature","geometry":{"type":"Point","coordinates":[139.8035554,35.7191691]},"properties":{"id":"jinja_w1297460706","name":"今戸神社","prefecture":null,"family":"hachiman","ai":true}},{"type":"Feature","geometry":{"type":"Point","coordinates":[139.4248739,35.6811915]},"properties":{"id":"jinja_w1303532159","name":"青柳2号墳跡 神社","prefecture":"東京都","family":"unknown","ai":false}},{"type":"Feature","geometry":{"type":"Point","coordinates":[139.7227438,35.5645732]},"properties":{"id":"jinja_w1303851070","name":"薭田神社","prefecture":"東京都","family":"hachiman","ai":true}},{"type":"Feature","geometry":{"type":"Point","coordinates":[139.7792573,35.6753486]},"properties":{"id":"jinja_w1306986145","name":"日比谷稲荷神社","prefecture":"東京都","family":"inari","ai":false}},{"type":"Feature","geometry":{"type":"Point","coordinates":[139.7969228,35.785087]},"properties":{"id":"jinja_w1324225686","name":"島根鷲神社","prefecture":null,"family":"hachiman","ai":true}},{"type":"Feature","geometry":{"type":"Point","coordinates":[139.7331127,35.6272833]},"properties":{"id":"jinja_w1337713345","name":"高山稲荷神社","prefecture":null,"family":"inari","ai":false}},{"type":"Feature","geometry":{"type":"Point","coordinates":[139.7060819,35.7212153]},"properties":{"id":"jinja_w1341470366","name":"市来嶋神社","prefecture":null,"family":"unknown","ai":false}},{"type":"Feature","geometry":{"type":"Point","coordinates":[139.7059768,35.7212121]},"properties":{"id":"jinja_w1341470367","name":"目白豊坂稲荷神社","prefecture":null,"family":"inari","ai":false}},{"type":"Feature","geometry":{"type":"Point","coordinates":[139.3118048,35.8067676]},"properties":{"id":"jinja_w1346208142","name":"今井稲荷神社","prefecture":null,"family":"inari","ai":false}},{"type":"Feature","geometry":{"type":"Point","coordinates":[139.7421035,35.7388635]},"properties":{"id":"jinja_w1347108106","name":"染井稲荷神社","prefecture":null,"family":"inari","ai":false}},{"type":"Feature","geometry":{"type":"Point","coordinates":[139.7463497,35.736454]},"properties":{"id":"jinja_w1347108119","name":"大國神社","prefecture":null,"family":"unknown","ai":true}},{"type":"Feature","geometry":{"type":"Point","coordinates":[139.7488909,35.7365622]},"properties":{"id":"jinja_w1352871353","name":"日枝神社","prefecture":null,"family":"hie_sanno","ai":true}},{"type":"Feature","geometry":{"type":"Point","coordinates":[139.7505194,35.5520602]},"properties":{"id":"jinja_w1354292406","name":"白浜稲荷大明神","prefecture":null,"family":"inari","ai":false}},{"type":"Feature","geometry":{"type":"Point","coordinates":[139.7682052,35.702353]},"properties":{"id":"jinja_w1362264676","name":"合祀殿","prefecture":null,"family":"unknown","ai":false}},{"type":"Feature","geometry":{"type":"Point","coordinates":[139.7680383,35.7024362]},"properties":{"id":"jinja_w1362264679","name":"末廣稲荷社","prefecture":null,"family":"inari","ai":false}},{"type":"Feature","geometry":{"type":"Point","coordinates":[139.7679516,35.7024317]},"properties":{"id":"jinja_w1362264681","name":"三宿稲荷神社 金刀比羅大神","prefecture":null,"family":"inari","ai":false}},{"type":"Feature","geometry":{"type":"Point","coordinates":[139.7676374,35.7024459]},"properties":{"id":"jinja_w1362264683","name":"浦安稲荷","prefecture":null,"family":"inari","ai":false}},{"type":"Feature","geometry":{"type":"Point","coordinates":[139.8776355,35.6587694]},"properties":{"id":"jinja_w1362299296","name":null,"prefecture":null,"family":"unknown","ai":false}},{"type":"Feature","geometry":{"type":"Point","coordinates":[139.5963728,35.7159432]},"properties":{"id":"jinja_w1366077206","name":"井草八幡宮","prefecture":"東京都","family":"hachiman","ai":true}},{"type":"Feature","geometry":{"type":"Point","coordinates":[139.3361375,35.6877482]},"properties":{"id":"jinja_w1367248839","name":"梅坪町天神神社","prefecture":null,"family":"tenjin","ai":false}},{"type":"Feature","geometry":{"type":"Point","coordinates":[139.2885331,35.6913662]},"properties":{"id":"jinja_w1370236716","name":null,"prefecture":null,"family":"unknown","ai":false}},{"type":"Feature","geometry":{"type":"Point","coordinates":[139.5971535,35.6567514]},"properties":{"id":"jinja_w1375150723","name":"神明社","prefecture":null,"family":"shinmei_ise","ai":true}},{"type":"Feature","geometry":{"type":"Point","coordinates":[139.5700027,35.6775837]},"properties":{"id":"jinja_w1377069776","name":"勝淵神社","prefecture":null,"family":"unknown","ai":false}},{"type":"Feature","geometry":{"type":"Point","coordinates":[139.5921262,35.6625222]},"properties":{"id":"jinja_w1377094668","name":"六所神社","prefecture":null,"family":"shinmei_ise","ai":true}},{"type":"Feature","geometry":{"type":"Point","coordinates":[139.4650197,35.6305414]},"properties":{"id":"jinja_w1379883326","name":"八坂神社","prefecture":null,"family":"gion_yasaka","ai":false}},{"type":"Feature","geometry":{"type":"Point","coordinates":[139.7246302,35.7122015]},"properties":{"id":"jinja_w1386129490","name":"白玉稲荷神社","prefecture":null,"family":"inari","ai":false}},{"type":"Feature","geometry":{"type":"Point","coordinates":[139.1417231,35.7796162]},"properties":{"id":"jinja_w1388664781","name":"奥の院","prefecture":null,"family":"unknown","ai":false}},{"type":"Feature","geometry":{"type":"Point","coordinates":[139.1324482,35.7654673]},"properties":{"id":"jinja_w1388666635","name":"大岳神社","prefecture":null,"family":"unknown","ai":false}},{"type":"Feature","geometry":{"type":"Point","coordinates":[139.1323909,35.7655824]},"properties":{"id":"jinja_w1388666636","name":null,"prefecture":null,"family":"unknown","ai":false}},{"type":"Feature","geometry":{"type":"Point","coordinates":[139.1496042,35.7829655]},"properties":{"id":"jinja_w1388713412","name":"皇御孫命社","prefecture":null,"family":"unknown","ai":false}},{"type":"Feature","geometry":{"type":"Point","coordinates":[139.1500386,35.7830104]},"properties":{"id":"jinja_w1388713416","name":"武蔵御嶽神社","prefecture":"東京都","family":"unknown","ai":true}},{"type":"Feature","geometry":{"type":"Point","coordinates":[139.1497585,35.7827347]},"properties":{"id":"jinja_w1388713417","name":"二柱社","prefecture":null,"family":"unknown","ai":false}},{"type":"Feature","geometry":{"type":"Point","coordinates":[139.6959953,35.6114643]},"properties":{"id":"jinja_w1392649026","name":"厳島神社","prefecture":null,"family":"munakata","ai":false}},{"type":"Feature","geometry":{"type":"Point","coordinates":[139.7450579,35.7363054]},"properties":{"id":"jinja_w1395664857","name":null,"prefecture":null,"family":"unknown","ai":false}},{"type":"Feature","geometry":{"type":"Point","coordinates":[139.3837411,35.7575572]},"properties":{"id":"jinja_w1409469209","name":null,"prefecture":null,"family":"unknown","ai":false}},{"type":"Feature","geometry":{"type":"Point","coordinates":[139.6828016,35.6032988]},"properties":{"id":"jinja_w1410330603","name":null,"prefecture":null,"family":"unknown","ai":false}},{"type":"Feature","geometry":{"type":"Point","coordinates":[139.2770835,35.640082]},"properties":{"id":"jinja_w1410548205","name":"浅川金刀比羅宮","prefecture":null,"family":"konpira","ai":false}},{"type":"Feature","geometry":{"type":"Point","coordinates":[139.4976382,35.7309905]},"properties":{"id":"jinja_w1417960521","name":null,"prefecture":null,"family":"unknown","ai":false}},{"type":"Feature","geometry":{"type":"Point","coordinates":[139.8093173,35.6977718]},"properties":{"id":"jinja_w1431443888","name":"津軽稲荷神社","prefecture":"東京都","family":"inari","ai":true}},{"type":"Feature","geometry":{"type":"Point","coordinates":[139.7163645,35.619468]},"properties":{"id":"jinja_w1431633787","name":null,"prefecture":null,"family":"unknown","ai":false}},{"type":"Feature","geometry":{"type":"Point","coordinates":[139.5634319,35.727873]},"properties":{"id":"jinja_w1443989455","name":"氷川神社","prefecture":null,"family":"unknown","ai":false}},{"type":"Feature","geometry":{"type":"Point","coordinates":[139.7765914,33.1014058]},"properties":{"id":"jinja_w1449640498","name":null,"prefecture":null,"family":"unknown","ai":false}},{"type":"Feature","geometry":{"type":"Point","coordinates":[139.4940601,35.6356348]},"properties":{"id":"jinja_w1477592607","name":null,"prefecture":null,"family":"unknown","ai":false}},{"type":"Feature","geometry":{"type":"Point","coordinates":[139.797188,35.6950946]},"properties":{"id":"jinja_w1478724588","name":null,"prefecture":null,"family":"unknown","ai":false}},{"type":"Feature","geometry":{"type":"Point","coordinates":[139.5193979,35.7840825]},"properties":{"id":"jinja_w1478749485","name":null,"prefecture":null,"family":"unknown","ai":false}},{"type":"Feature","geometry":{"type":"Point","coordinates":[139.3247421,35.6586384]},"properties":{"id":"jinja_w1478809624","name":null,"prefecture":null,"family":"unknown","ai":false}},{"type":"Feature","geometry":{"type":"Point","coordinates":[139.5011796,35.642736]},"properties":{"id":"jinja_w1481547181","name":null,"prefecture":null,"family":"unknown","ai":false}},{"type":"Feature","geometry":{"type":"Point","coordinates":[139.431782,35.5801125]},"properties":{"id":"jinja_w1487133877","name":"八幡神社","prefecture":null,"family":"hachiman","ai":false}},{"type":"Feature","geometry":{"type":"Point","coordinates":[139.4141434,35.6197003]},"properties":{"id":"jinja_w1499802829","name":"秋葉神社","prefecture":null,"family":"akiba","ai":false}},{"type":"Feature","geometry":{"type":"Point","coordinates":[139.701903,35.7178007]},"properties":{"id":"jinja_w1521355872","name":"東山藤稲荷神社","prefecture":null,"family":"inari","ai":true}},{"type":"Feature","geometry":{"type":"Point","coordinates":[139.8671071,35.7225524]},"properties":{"id":"jinja_w1528033530","name":"天祖神社","prefecture":null,"family":"shinmei_ise","ai":true}},{"type":"Feature","geometry":{"type":"Point","coordinates":[139.524313,35.7372589]},"properties":{"id":"jinja_w1530254991","name":"神明社","prefecture":null,"family":"shinmei_ise","ai":true}},{"type":"Feature","geometry":{"type":"Point","coordinates":[139.8122373,35.708142]},"properties":{"id":"jinja_w1544839765","name":"天祖神社","prefecture":null,"family":"shinmei_ise","ai":true}},{"type":"Feature","geometry":{"type":"Point","coordinates":[139.8242987,35.7316306]},"properties":{"id":"jinja_w1545616417","name":"隅田稲荷神社","prefecture":null,"family":"inari","ai":true}},{"type":"Feature","geometry":{"type":"Point","coordinates":[139.601771,35.660615]},"properties":{"id":"jinja_w1549213986","name":null,"prefecture":null,"family":"unknown","ai":false}},{"type":"Feature","geometry":{"type":"Point","coordinates":[139.4121184,35.5973606]},"properties":{"id":"jinja_w1549520343","name":null,"prefecture":null,"family":"unknown","ai":false}},{"type":"Feature","geometry":{"type":"Point","coordinates":[139.3989898,35.5937589]},"properties":{"id":"jinja_w1549528559","name":null,"prefecture":null,"family":"unknown","ai":false}},{"type":"Feature","geometry":{"type":"Point","coordinates":[139.4196746,35.598239]},"properties":{"id":"jinja_w1549795070","name":"白山神社","prefecture":null,"family":"hakusan","ai":false}},{"type":"Feature","geometry":{"type":"Point","coordinates":[139.4013078,35.634448]},"properties":{"id":"jinja_w1550450132","name":null,"prefecture":null,"family":"unknown","ai":false}},{"type":"Feature","geometry":{"type":"Point","coordinates":[139.4120097,35.5976945]},"properties":{"id":"jinja_w1550952701","name":"秋葉神社 観音堂","prefecture":null,"family":"akiba","ai":false}},{"type":"Feature","geometry":{"type":"Point","coordinates":[139.4122626,35.5975739]},"properties":{"id":"jinja_w1550952702","name":"秋葉神社","prefecture":null,"family":"akiba","ai":false}},{"type":"Feature","geometry":{"type":"Point","coordinates":[139.7444412,35.6495964]},"properties":{"id":"jinja_w1551778690","name":"春日神社","prefecture":null,"family":"kasuga","ai":true}},{"type":"Feature","geometry":{"type":"Point","coordinates":[139.8445285,35.7862339]},"properties":{"id":"jinja_w1551950383","name":"柳野稲荷神社","prefecture":null,"family":"inari","ai":true}},{"type":"Feature","geometry":{"type":"Point","coordinates":[139.741504,35.6396721]},"properties":{"id":"jinja_w1552004022","name":"門神社","prefecture":null,"family":"unknown","ai":false}},{"type":"Feature","geometry":{"type":"Point","coordinates":[139.6992556,35.6757864]},"properties":{"id":"jinja_w1553659416","name":"夫婦楠","prefecture":null,"family":"unknown","ai":false}},{"type":"Feature","geometry":{"type":"Point","coordinates":[139.5051724,35.7314295]},"properties":{"id":"jinja_r899204","name":"武蔵野神社","prefecture":null,"family":"unknown","ai":true}},{"type":"Feature","geometry":{"type":"Point","coordinates":[139.699397,35.6759993]},"properties":{"id":"jinja_r3603909","name":"本殿","prefecture":null,"family":"unknown","ai":false}},{"type":"Feature","geometry":{"type":"Point","coordinates":[139.7683986,35.6675242]},"properties":{"id":"jinja_r7892350","name":null,"prefecture":null,"family":"unknown","ai":false}},{"type":"Feature","geometry":{"type":"Point","coordinates":[139.313896,35.7268099]},"properties":{"id":"jinja_r17191054","name":"二宮神社","prefecture":null,"family":"unknown","ai":true}},{"type":"Feature","geometry":{"type":"Point","coordinates":[139.3241668,35.7951553]},"properties":{"id":"jinja_r18878712","name":null,"prefecture":null,"family":"unknown","ai":false}},{"type":"Feature","geometry":{"type":"Point","coordinates":[138.5006788,35.5000143]},"properties":{"id":"jinja_n1078806959","name":null,"prefecture":null,"family":"unknown","ai":false}},{"type":"Feature","geometry":{"type":"Point","coordinates":[138.7460046,35.5105434]},"properties":{"id":"jinja_n1139099874","name":"富士御室浅間神社","prefecture":null,"family":"unknown","ai":false}},{"type":"Feature","geometry":{"type":"Point","coordinates":[138.7661291,35.5128456]},"properties":{"id":"jinja_n1215752577","name":"産屋ヶ崎神社","prefecture":null,"family":"unknown","ai":false}},{"type":"Feature","geometry":{"type":"Point","coordinates":[139.0095117,35.6325085]},"properties":{"id":"jinja_n1738268917","name":"山の神","prefecture":null,"family":"unknown","ai":false}},{"type":"Feature","geometry":{"type":"Point","coordinates":[139.0396432,35.6325126]},"properties":{"id":"jinja_n1738280227","name":"金比羅神社","prefecture":null,"family":"konpira","ai":false}},{"type":"Feature","geometry":{"type":"Point","coordinates":[138.9047367,35.4306061]},"properties":{"id":"jinja_n1799565999","name":"不動明王","prefecture":null,"family":"unknown","ai":false}},{"type":"Feature","geometry":{"type":"Point","coordinates":[138.902119,35.4486984]},"properties":{"id":"jinja_n1863871114","name":"石割神社","prefecture":null,"family":"unknown","ai":false}},{"type":"Feature","geometry":{"type":"Point","coordinates":[138.755524,35.4002783]},"properties":{"id":"jinja_n1964134696","name":"冨士御室浅間神社","prefecture":null,"family":"unknown","ai":true}},{"type":"Feature","geometry":{"type":"Point","coordinates":[138.9177457,35.4112491]},"properties":{"id":"jinja_n2007885626","name":"山中諏訪神社奥宮","prefecture":null,"family":"suwa","ai":false}},{"type":"Feature","geometry":{"type":"Point","coordinates":[139.0927236,35.6460542]},"properties":{"id":"jinja_n2076336219","name":null,"prefecture":null,"family":"unknown","ai":false}},{"type":"Feature","geometry":{"type":"Point","coordinates":[138.5543647,35.7489149]},"properties":{"id":"jinja_n2331069888","name":null,"prefecture":null,"family":"unknown","ai":false}},{"type":"Feature","geometry":{"type":"Point","coordinates":[138.4977799,35.6372294]},"properties":{"id":"jinja_n2360269935","name":"十三所社 春宮社","prefecture":null,"family":"unknown","ai":false}},{"type":"Feature","geometry":{"type":"Point","coordinates":[139.1212823,35.6702448]},"properties":{"id":"jinja_n2418286930","name":null,"prefecture":null,"family":"unknown","ai":false}},{"type":"Feature","geometry":{"type":"Point","coordinates":[138.9286996,35.5189776]},"properties":{"id":"jinja_n2441142862","name":"三輪神社","prefecture":null,"family":"unknown","ai":false}},{"type":"Feature","geometry":{"type":"Point","coordinates":[138.6974562,35.647769]},"properties":{"id":"jinja_n2461655369","name":"浅間神社","prefecture":null,"family":"unknown","ai":true}},{"type":"Feature","geometry":{"type":"Point","coordinates":[138.4200301,35.7044309]},"properties":{"id":"jinja_n2484958609","name":"武田八幡神社","prefecture":null,"family":"hachiman","ai":false}},{"type":"Feature","geometry":{"type":"Point","coordinates":[138.8499931,35.4309431]},"properties":{"id":"jinja_n2577812276","name":"丸尾組天皇","prefecture":null,"family":"unknown","ai":false}},{"type":"Feature","geometry":{"type":"Point","coordinates":[138.8500357,35.4310012]},"properties":{"id":"jinja_n2577812277","name":"道祖神","prefecture":null,"family":"unknown","ai":false}},{"type":"Feature","geometry":{"type":"Point","coordinates":[138.848195,35.434939]},"properties":{"id":"jinja_n2577817845","name":null,"prefecture":null,"family":"unknown","ai":false}},{"type":"Feature","geometry":{"type":"Point","coordinates":[138.842494,35.432513]},"properties":{"id":"jinja_n2577835848","name":"稲荷神社","prefecture":null,"family":"inari","ai":false}},{"type":"Feature","geometry":{"type":"Point","coordinates":[138.8479487,35.4266431]},"properties":{"id":"jinja_n2577852724","name":null,"prefecture":null,"family":"unknown","ai":false}},{"type":"Feature","geometry":{"type":"Point","coordinates":[138.8486366,35.427953]},"properties":{"id":"jinja_n2577856161","name":"山中諏訪神社本殿","prefecture":null,"family":"suwa","ai":true}},{"type":"Feature","geometry":{"type":"Point","coordinates":[138.7568697,35.64817]},"properties":{"id":"jinja_n2753903560","name":"山菅神社","prefecture":null,"family":"unknown","ai":false}},{"type":"Feature","geometry":{"type":"Point","coordinates":[138.5939703,35.4467545]},"properties":{"id":"jinja_n2803025268","name":null,"prefecture":null,"family":"unknown","ai":false}},{"type":"Feature","geometry":{"type":"Point","coordinates":[139.1155738,35.6253011]},"properties":{"id":"jinja_n2841759167","name":"牛倉神社","prefecture":null,"family":"unknown","ai":false}},{"type":"Feature","geometry":{"type":"Point","coordinates":[138.3018609,35.5770223]},"properties":{"id":"jinja_n2855280703","name":"奈良法王神社","prefecture":null,"family":"unknown","ai":false}},{"type":"Feature","geometry":{"type":"Point","coordinates":[139.0649597,35.6316872]},"properties":{"id":"jinja_n2927573892","name":"諏訪神社","prefecture":null,"family":"suwa","ai":false}},{"type":"Feature","geometry":{"type":"Point","coordinates":[138.7269061,35.650518]},"properties":{"id":"jinja_n2962329898","name":"氷川神社","prefecture":null,"family":"unknown","ai":false}},{"type":"Feature","geometry":{"type":"Point","coordinates":[138.7176114,35.6482842]},"properties":{"id":"jinja_n2966430112","name":"大神宮","prefecture":null,"family":"shinmei_ise","ai":false}},{"type":"Feature","geometry":{"type":"Point","coordinates":[138.7121181,35.654286]},"properties":{"id":"jinja_n2966443028","name":"大宮神社","prefecture":null,"family":"unknown","ai":false}},{"type":"Feature","geometry":{"type":"Point","coordinates":[138.3139264,35.5245523]},"properties":{"id":"jinja_n3009394899","name":"山王神社","prefecture":null,"family":"hie_sanno","ai":false}},{"type":"Feature","geometry":{"type":"Point","coordinates":[138.7195444,35.6363117]},"properties":{"id":"jinja_n3054938786","name":"蜂城天神社","prefecture":null,"family":"tenjin","ai":false}},{"type":"Feature","geometry":{"type":"Point","coordinates":[138.6845063,35.696913]},"properties":{"id":"jinja_n3079313940","name":"差出磯大嶽山神社","prefecture":null,"family":"unknown","ai":true}},{"type":"Feature","geometry":{"type":"Point","coordinates":[138.6849288,35.6974101]},"properties":{"id":"jinja_n3079313941","name":"亀甲神社","prefecture":null,"family":"unknown","ai":false}},{"type":"Feature","geometry":{"type":"Point","coordinates":[138.6900153,35.7047379]},"properties":{"id":"jinja_n3079805899","name":"大井俣窪八幡神社","prefecture":null,"family":"hachiman","ai":true}},{"type":"Feature","geometry":{"type":"Point","coordinates":[138.9657012,35.6860183]},"properties":{"id":"jinja_n3730357647","name":"松姫神社","prefecture":null,"family":"unknown","ai":false}},{"type":"Feature","geometry":{"type":"Point","coordinates":[138.6472601,35.7459888]},"properties":{"id":"jinja_n3916605992","name":"神明神社","prefecture":null,"family":"shinmei_ise","ai":false}},{"type":"Feature","geometry":{"type":"Point","coordinates":[138.797335,35.466838]},"properties":{"id":"jinja_n4125177905","name":"新屋山神社","prefecture":null,"family":"unknown","ai":true}},{"type":"Feature","geometry":{"type":"Point","coordinates":[138.4151139,35.7722845]},"properties":{"id":"jinja_n4149617362","name":"諏訪神社","prefecture":null,"family":"suwa","ai":false}},{"type":"Feature","geometry":{"type":"Point","coordinates":[138.5674863,35.7458956]},"properties":{"id":"jinja_n4159240797","name":"昇仙峡","prefecture":null,"family":"unknown","ai":false}},{"type":"Feature","geometry":{"type":"Point","coordinates":[138.3073458,35.7879339]},"properties":{"id":"jinja_n4178234313","name":"駒ケ岳神社","prefecture":null,"family":"unknown","ai":false}},{"type":"Feature","geometry":{"type":"Point","coordinates":[138.4488813,35.7468382]},"properties":{"id":"jinja_n4188856790","name":"三之蔵神社","prefecture":null,"family":"unknown","ai":false}},{"type":"Feature","geometry":{"type":"Point","coordinates":[138.6246618,35.8709957]},"properties":{"id":"jinja_n4226958906","name":"金櫻神社本宮","prefecture":null,"family":"unknown","ai":false}},{"type":"Feature","geometry":{"type":"Point","coordinates":[138.8908107,35.8358181]},"properties":{"id":"jinja_n4318204849","name":"飛龍権現神社","prefecture":null,"family":"unknown","ai":false}},{"type":"Feature","geometry":{"type":"Point","coordinates":[138.6902394,35.7388884]},"properties":{"id":"jinja_n4320468814","name":"立石神社","prefecture":null,"family":"unknown","ai":false}},{"type":"Feature","geometry":{"type":"Point","coordinates":[138.7755556,35.5083179]},"properties":{"id":"jinja_n4437688606","name":"白山神社","prefecture":null,"family":"hakusan","ai":false}},{"type":"Feature","geometry":{"type":"Point","coordinates":[138.3365381,35.862162]},"properties":{"id":"jinja_n4459798089","name":"身曾岐神社","prefecture":"山梨県","family":"unknown","ai":true}},{"type":"Feature","geometry":{"type":"Point","coordinates":[138.74398,35.5143048]},"properties":{"id":"jinja_n4459980040","name":"うの島神社","prefecture":null,"family":"unknown","ai":false}},{"type":"Feature","geometry":{"type":"Point","coordinates":[138.8001336,35.5003121]},"properties":{"id":"jinja_n4539620102","name":"新倉富士浅間神社","prefecture":"山梨県","family":"unknown","ai":true}},{"type":"Feature","geometry":{"type":"Point","coordinates":[138.5831117,35.6254218]},"properties":{"id":"jinja_n4820807594","name":"天津司神社","prefecture":null,"family":"unknown","ai":false}},{"type":"Feature","geometry":{"type":"Point","coordinates":[138.5848791,35.6212435]},"properties":{"id":"jinja_n4820807743","name":"鈴宮諏訪神社","prefecture":null,"family":"suwa","ai":false}},{"type":"Feature","geometry":{"type":"Point","coordinates":[138.4027023,35.5757586]},"properties":{"id":"jinja_n5368868790","name":"諏訪神社","prefecture":null,"family":"suwa","ai":false}},{"type":"Feature","geometry":{"type":"Point","coordinates":[138.5829176,35.8828514]},"properties":{"id":"jinja_n5808550151","name":"里宮神社","prefecture":null,"family":"unknown","ai":false}},{"type":"Feature","geometry":{"type":"Point","coordinates":[138.8365879,35.4534045]},"properties":{"id":"jinja_n5879546791","name":"出口稲荷大明神","prefecture":null,"family":"inari","ai":false}},{"type":"Feature","geometry":{"type":"Point","coordinates":[138.8330285,35.4622537]},"properties":{"id":"jinja_n5879583711","name":"淺間神社","prefecture":null,"family":"unknown","ai":false}},{"type":"Feature","geometry":{"type":"Point","coordinates":[138.5140586,35.5277034]},"properties":{"id":"jinja_n6031794782","name":null,"prefecture":null,"family":"unknown","ai":false}},{"type":"Feature","geometry":{"type":"Point","coordinates":[138.6319872,35.6607975]},"properties":{"id":"jinja_n6372789263","name":null,"prefecture":null,"family":"unknown","ai":false}},{"type":"Feature","geometry":{"type":"Point","coordinates":[138.4900806,35.5542225]},"properties":{"id":"jinja_n6484004551","name":"一宮浅間神社","prefecture":null,"family":"unknown","ai":true}},{"type":"Feature","geometry":{"type":"Point","coordinates":[138.5205213,35.567511]},"properties":{"id":"jinja_n6484004554","name":"蹴裂神社","prefecture":null,"family":"unknown","ai":false}},{"type":"Feature","geometry":{"type":"Point","coordinates":[138.5064049,35.5581356]},"properties":{"id":"jinja_n6484004563","name":"熊野神社","prefecture":null,"family":"kumano","ai":false}},{"type":"Feature","geometry":{"type":"Point","coordinates":[138.5397434,35.4385665]},"properties":{"id":"jinja_n6919867949","name":"山神社","prefecture":null,"family":"unknown","ai":false}},{"type":"Feature","geometry":{"type":"Point","coordinates":[138.5337889,35.4483561]},"properties":{"id":"jinja_n6919867950","name":null,"prefecture":null,"family":"unknown","ai":false}},{"type":"Feature","geometry":{"type":"Point","coordinates":[138.5345077,35.4463546]},"properties":{"id":"jinja_n6919867951","name":null,"prefecture":null,"family":"unknown","ai":false}},{"type":"Feature","geometry":{"type":"Point","coordinates":[138.2944929,35.3505734]},"properties":{"id":"jinja_n7126099412","name":null,"prefecture":null,"family":"unknown","ai":false}},{"type":"Feature","geometry":{"type":"Point","coordinates":[138.3111982,35.8625197]},"properties":{"id":"jinja_n7168275530","name":"大宮神社","prefecture":null,"family":"unknown","ai":false}},{"type":"Feature","geometry":{"type":"Point","coordinates":[138.9730472,35.5630967]},"properties":{"id":"jinja_n7209712186","name":"石船神社","prefecture":null,"family":"unknown","ai":true}},{"type":"Feature","geometry":{"type":"Point","coordinates":[138.4050313,35.6220705]},"properties":{"id":"jinja_n7461799708","name":"穂見神社","prefecture":null,"family":"unknown","ai":true}},{"type":"Feature","geometry":{"type":"Point","coordinates":[138.9922049,35.5056826]},"properties":{"id":"jinja_n7816647979","name":"子之神社","prefecture":null,"family":"unknown","ai":false}},{"type":"Feature","geometry":{"type":"Point","coordinates":[138.617051,35.5760033]},"properties":{"id":"jinja_n7855964751","name":"金刀比羅神社","prefecture":null,"family":"konpira","ai":false}},{"type":"Feature","geometry":{"type":"Point","coordinates":[138.9312532,35.5866664]},"properties":{"id":"jinja_n7922093111","name":"白川稲荷神社","prefecture":null,"family":"inari","ai":false}},{"type":"Feature","geometry":{"type":"Point","coordinates":[138.6632191,35.601163]},"properties":{"id":"jinja_n7924758229","name":"唐士神社","prefecture":null,"family":"unknown","ai":false}},{"type":"Feature","geometry":{"type":"Point","coordinates":[138.6265144,35.600394]},"properties":{"id":"jinja_n7924763111","name":"若宮神社","prefecture":null,"family":"unknown","ai":false}},{"type":"Feature","geometry":{"type":"Point","coordinates":[138.627676,35.5997476]},"properties":{"id":"jinja_n7924763112","name":"王子稲荷大明社","prefecture":null,"family":"inari","ai":false}},{"type":"Feature","geometry":{"type":"Point","coordinates":[138.6223476,35.6025981]},"properties":{"id":"jinja_n7924766348","name":"八幡神社","prefecture":null,"family":"hachiman","ai":false}},{"type":"Feature","geometry":{"type":"Point","coordinates":[138.3794646,35.8555724]},"properties":{"id":"jinja_n8268677457","name":"逸見神社","prefecture":null,"family":"unknown","ai":false}},{"type":"Feature","geometry":{"type":"Point","coordinates":[138.3721034,35.8383965]},"properties":{"id":"jinja_n8268993632","name":"建岡神社","prefecture":null,"family":"unknown","ai":false}},{"type":"Feature","geometry":{"type":"Point","coordinates":[138.5248304,35.6607951]},"properties":{"id":"jinja_n8299183379","name":"神明神社","prefecture":null,"family":"shinmei_ise","ai":false}},{"type":"Feature","geometry":{"type":"Point","coordinates":[138.5135125,35.6502375]},"properties":{"id":"jinja_n8299648888","name":"成道院","prefecture":null,"family":"unknown","ai":false}},{"type":"Feature","geometry":{"type":"Point","coordinates":[138.5157602,35.6583125]},"properties":{"id":"jinja_n8299739247","name":"篠原八幡神社","prefecture":null,"family":"hachiman","ai":false}},{"type":"Feature","geometry":{"type":"Point","coordinates":[138.490179,35.8468613]},"properties":{"id":"jinja_n8519210219","name":"比志神社","prefecture":null,"family":"unknown","ai":true}},{"type":"Feature","geometry":{"type":"Point","coordinates":[138.5007633,35.8564652]},"properties":{"id":"jinja_n8519210220","name":"塩川神社","prefecture":null,"family":"unknown","ai":false}},{"type":"Feature","geometry":{"type":"Point","coordinates":[138.2898768,35.3753261]},"properties":{"id":"jinja_n8666362336","name":null,"prefecture":null,"family":"unknown","ai":false}},{"type":"Feature","geometry":{"type":"Point","coordinates":[138.7214596,35.4870763]},"properties":{"id":"jinja_n9002893825","name":null,"prefecture":null,"family":"unknown","ai":false}},{"type":"Feature","geometry":{"type":"Point","coordinates":[138.9726983,35.7958965]},"properties":{"id":"jinja_n9317027212","name":"羽黒神社","prefecture":null,"family":"unknown","ai":false}},{"type":"Feature","geometry":{"type":"Point","coordinates":[138.5561097,35.7694402]},"properties":{"id":"jinja_n9522304212","name":"金櫻神社","prefecture":null,"family":"unknown","ai":true}},{"type":"Feature","geometry":{"type":"Point","coordinates":[138.5974725,35.6622546]},"properties":{"id":"jinja_n9593287111","name":"梅天神","prefecture":null,"family":"tenjin","ai":false}},{"type":"Feature","geometry":{"type":"Point","coordinates":[138.3288687,35.8557294]},"properties":{"id":"jinja_n9671455409","name":"大滝神社","prefecture":null,"family":"unknown","ai":false}},{"type":"Feature","geometry":{"type":"Point","coordinates":[138.3270159,35.8726233]},"properties":{"id":"jinja_n9761894927","name":"豊平神社","prefecture":null,"family":"unknown","ai":false}},{"type":"Feature","geometry":{"type":"Point","coordinates":[138.2975203,35.5731972]},"properties":{"id":"jinja_n9941251547","name":null,"prefecture":null,"family":"unknown","ai":false}},{"type":"Feature","geometry":{"type":"Point","coordinates":[138.7336661,35.3950559]},"properties":{"id":"jinja_n9983082366","name":"富士山小御嶽神社","prefecture":null,"family":"unknown","ai":true}},{"type":"Feature","geometry":{"type":"Point","coordinates":[138.7232944,35.6587025]},"properties":{"id":"jinja_n9990819090","name":"ボルドウ神社","prefecture":null,"family":"unknown","ai":false}},{"type":"Feature","geometry":{"type":"Point","coordinates":[138.8031488,35.4948598]},"properties":{"id":"jinja_n10055316117","name":"小室浅間神社","prefecture":null,"family":"unknown","ai":true}},{"type":"Feature","geometry":{"type":"Point","coordinates":[138.4947742,35.6015752]},"properties":{"id":"jinja_n10147575019","name":"藤田八幡神社","prefecture":null,"family":"hachiman","ai":false}},{"type":"Feature","geometry":{"type":"Point","coordinates":[138.7779575,35.5351143]},"properties":{"id":"jinja_n10969718205","name":null,"prefecture":null,"family":"unknown","ai":false}},{"type":"Feature","geometry":{"type":"Point","coordinates":[138.999242,35.6098011]},"properties":{"id":"jinja_n11133129202","name":null,"prefecture":null,"family":"unknown","ai":false}},{"type":"Feature","geometry":{"type":"Point","coordinates":[138.4269964,35.3707953]},"properties":{"id":"jinja_n12106047748","name":"開道石割稲荷","prefecture":null,"family":"inari","ai":false}},{"type":"Feature","geometry":{"type":"Point","coordinates":[138.6932768,35.7888622]},"properties":{"id":"jinja_n12149732288","name":"金櫻神社奥宮","prefecture":null,"family":"unknown","ai":false}},{"type":"Feature","geometry":{"type":"Point","coordinates":[138.3442478,35.8145911]},"properties":{"id":"jinja_n12178399483","name":null,"prefecture":null,"family":"unknown","ai":false}},{"type":"Feature","geometry":{"type":"Point","coordinates":[138.4003592,35.5859964]},"properties":{"id":"jinja_n12488311834","name":"氷室神社","prefecture":null,"family":"unknown","ai":false}},{"type":"Feature","geometry":{"type":"Point","coordinates":[138.8615974,35.5492485]},"properties":{"id":"jinja_n12803775186","name":null,"prefecture":null,"family":"unknown","ai":false}},{"type":"Feature","geometry":{"type":"Point","coordinates":[139.0184009,35.5708208]},"properties":{"id":"jinja_n12851439691","name":"Hinazuru shrine","prefecture":null,"family":"unknown","ai":false}},{"type":"Feature","geometry":{"type":"Point","coordinates":[138.9254378,35.5869166]},"properties":{"id":"jinja_n12947207411","name":"Inamura Shrine","prefecture":null,"family":"unknown","ai":false}},{"type":"Feature","geometry":{"type":"Point","coordinates":[138.9303026,35.5718863]},"properties":{"id":"jinja_n13028023067","name":null,"prefecture":null,"family":"unknown","ai":false}},{"type":"Feature","geometry":{"type":"Point","coordinates":[138.9088704,35.5652456]},"properties":{"id":"jinja_n13028023068","name":null,"prefecture":null,"family":"unknown","ai":false}},{"type":"Feature","geometry":{"type":"Point","coordinates":[138.9160144,35.5599882]},"properties":{"id":"jinja_n13028023069","name":null,"prefecture":null,"family":"unknown","ai":false}},{"type":"Feature","geometry":{"type":"Point","coordinates":[138.9129057,35.5597045]},"properties":{"id":"jinja_n13028023070","name":null,"prefecture":null,"family":"unknown","ai":false}},{"type":"Feature","geometry":{"type":"Point","coordinates":[138.9123264,35.5546901]},"properties":{"id":"jinja_n13028023071","name":null,"prefecture":null,"family":"unknown","ai":false}},{"type":"Feature","geometry":{"type":"Point","coordinates":[138.9015064,35.5499002]},"properties":{"id":"jinja_n13028023072","name":null,"prefecture":null,"family":"unknown","ai":false}},{"type":"Feature","geometry":{"type":"Point","coordinates":[138.9103483,35.5518948]},"properties":{"id":"jinja_n13028023073","name":null,"prefecture":null,"family":"unknown","ai":false}},{"type":"Feature","geometry":{"type":"Point","coordinates":[138.907941,35.5493066]},"properties":{"id":"jinja_n13028023074","name":null,"prefecture":null,"family":"unknown","ai":false}},{"type":"Feature","geometry":{"type":"Point","coordinates":[138.9071082,35.547994]},"properties":{"id":"jinja_n13028023075","name":null,"prefecture":null,"family":"unknown","ai":false}},{"type":"Feature","geometry":{"type":"Point","coordinates":[138.9084157,35.5455104]},"properties":{"id":"jinja_n13028023076","name":null,"prefecture":null,"family":"unknown","ai":false}},{"type":"Feature","geometry":{"type":"Point","coordinates":[138.9062713,35.5452933]},"properties":{"id":"jinja_n13028023077","name":null,"prefecture":null,"family":"unknown","ai":false}},{"type":"Feature","geometry":{"type":"Point","coordinates":[138.9198017,35.5670685]},"properties":{"id":"jinja_n13028076976","name":"生出神社","prefecture":null,"family":"suwa","ai":true}},{"type":"Feature","geometry":{"type":"Point","coordinates":[138.890567,35.5404581]},"properties":{"id":"jinja_n13028621100","name":null,"prefecture":null,"family":"unknown","ai":false}},{"type":"Feature","geometry":{"type":"Point","coordinates":[138.9038613,35.5379776]},"properties":{"id":"jinja_n13028651301","name":null,"prefecture":null,"family":"unknown","ai":false}},{"type":"Feature","geometry":{"type":"Point","coordinates":[138.8730481,35.5410637]},"properties":{"id":"jinja_n13028651319","name":null,"prefecture":null,"family":"unknown","ai":false}},{"type":"Feature","geometry":{"type":"Point","coordinates":[138.8739172,35.5404515]},"properties":{"id":"jinja_n13028651320","name":null,"prefecture":null,"family":"unknown","ai":false}},{"type":"Feature","geometry":{"type":"Point","coordinates":[138.8822186,35.5406294]},"properties":{"id":"jinja_n13028651321","name":null,"prefecture":null,"family":"unknown","ai":false}},{"type":"Feature","geometry":{"type":"Point","coordinates":[138.8849679,35.5394137]},"properties":{"id":"jinja_n13028651322","name":null,"prefecture":null,"family":"unknown","ai":false}},{"type":"Feature","geometry":{"type":"Point","coordinates":[138.8197821,35.5043564]},"properties":{"id":"jinja_n13037489001","name":null,"prefecture":null,"family":"unknown","ai":false}},{"type":"Feature","geometry":{"type":"Point","coordinates":[138.819868,35.5040878]},"properties":{"id":"jinja_n13037489002","name":null,"prefecture":null,"family":"unknown","ai":false}},{"type":"Feature","geometry":{"type":"Point","coordinates":[138.8132054,35.5061992]},"properties":{"id":"jinja_n13037489003","name":null,"prefecture":null,"family":"unknown","ai":false}},{"type":"Feature","geometry":{"type":"Point","coordinates":[138.8138571,35.5249814]},"properties":{"id":"jinja_n13037489004","name":null,"prefecture":null,"family":"unknown","ai":false}},{"type":"Feature","geometry":{"type":"Point","coordinates":[138.8266446,35.510804]},"properties":{"id":"jinja_n13037489005","name":null,"prefecture":null,"family":"unknown","ai":false}},{"type":"Feature","geometry":{"type":"Point","coordinates":[138.82954,35.5170721]},"properties":{"id":"jinja_n13037489006","name":null,"prefecture":null,"family":"unknown","ai":false}},{"type":"Feature","geometry":{"type":"Point","coordinates":[138.8303018,35.5164827]},"properties":{"id":"jinja_n13037489007","name":null,"prefecture":null,"family":"unknown","ai":false}},{"type":"Feature","geometry":{"type":"Point","coordinates":[138.8297144,35.5174258]},"properties":{"id":"jinja_n13037489008","name":null,"prefecture":null,"family":"unknown","ai":false}},{"type":"Feature","geometry":{"type":"Point","coordinates":[138.8364735,35.5195707]},"properties":{"id":"jinja_n13037489009","name":null,"prefecture":null,"family":"unknown","ai":false}},{"type":"Feature","geometry":{"type":"Point","coordinates":[138.8386649,35.5174062]},"properties":{"id":"jinja_n13037489010","name":null,"prefecture":null,"family":"unknown","ai":false}},{"type":"Feature","geometry":{"type":"Point","coordinates":[138.8496727,35.5189998]},"properties":{"id":"jinja_n13037489011","name":null,"prefecture":null,"family":"unknown","ai":false}},{"type":"Feature","geometry":{"type":"Point","coordinates":[138.8731447,35.5251691]},"properties":{"id":"jinja_n13037489012","name":null,"prefecture":null,"family":"unknown","ai":false}},{"type":"Feature","geometry":{"type":"Point","coordinates":[138.8675255,35.5322644]},"properties":{"id":"jinja_n13037489013","name":null,"prefecture":null,"family":"unknown","ai":false}},{"type":"Feature","geometry":{"type":"Point","coordinates":[138.8350278,35.5300173]},"properties":{"id":"jinja_n13037489014","name":null,"prefecture":null,"family":"unknown","ai":false}},{"type":"Feature","geometry":{"type":"Point","coordinates":[138.8437477,35.5256471]},"properties":{"id":"jinja_n13037489015","name":null,"prefecture":null,"family":"unknown","ai":false}},{"type":"Feature","geometry":{"type":"Point","coordinates":[138.8536772,35.5235439]},"properties":{"id":"jinja_n13037489016","name":null,"prefecture":null,"family":"unknown","ai":false}},{"type":"Feature","geometry":{"type":"Point","coordinates":[138.8608092,35.5258436]},"properties":{"id":"jinja_n13037489017","name":null,"prefecture":null,"family":"unknown","ai":false}},{"type":"Feature","geometry":{"type":"Point","coordinates":[138.8671634,35.5276336]},"properties":{"id":"jinja_n13037489018","name":null,"prefecture":null,"family":"unknown","ai":false}},{"type":"Feature","geometry":{"type":"Point","coordinates":[138.8688505,35.5276489]},"properties":{"id":"jinja_n13037489019","name":null,"prefecture":null,"family":"unknown","ai":false}},{"type":"Feature","geometry":{"type":"Point","coordinates":[138.7990057,35.4923626]},"properties":{"id":"jinja_n13039653476","name":null,"prefecture":null,"family":"unknown","ai":false}},{"type":"Feature","geometry":{"type":"Point","coordinates":[138.8075016,35.4909824]},"properties":{"id":"jinja_n13039653477","name":null,"prefecture":null,"family":"unknown","ai":false}},{"type":"Feature","geometry":{"type":"Point","coordinates":[138.8076237,35.4955192]},"properties":{"id":"jinja_n13039653478","name":null,"prefecture":null,"family":"unknown","ai":false}},{"type":"Feature","geometry":{"type":"Point","coordinates":[138.7857959,35.49661]},"properties":{"id":"jinja_n13077879912","name":null,"prefecture":null,"family":"unknown","ai":false}},{"type":"Feature","geometry":{"type":"Point","coordinates":[138.7704299,35.5182339]},"properties":{"id":"jinja_n13228658969","name":null,"prefecture":null,"family":"unknown","ai":false}},{"type":"Feature","geometry":{"type":"Point","coordinates":[138.7700615,35.5193534]},"properties":{"id":"jinja_n13228721947","name":null,"prefecture":null,"family":"unknown","ai":false}},{"type":"Feature","geometry":{"type":"Point","coordinates":[138.7678626,35.5225509]},"properties":{"id":"jinja_n13228730316","name":null,"prefecture":null,"family":"unknown","ai":false}},{"type":"Feature","geometry":{"type":"Point","coordinates":[138.763067,35.5246857]},"properties":{"id":"jinja_n13228730317","name":null,"prefecture":null,"family":"unknown","ai":false}},{"type":"Feature","geometry":{"type":"Point","coordinates":[138.7627735,35.5090525]},"properties":{"id":"jinja_n13232148308","name":null,"prefecture":null,"family":"unknown","ai":false}},{"type":"Feature","geometry":{"type":"Point","coordinates":[138.7892959,35.46899]},"properties":{"id":"jinja_n13472569097","name":"大塚丘","prefecture":null,"family":"unknown","ai":false}},{"type":"Feature","geometry":{"type":"Point","coordinates":[138.4414401,35.629602]},"properties":{"id":"jinja_n13782758904","name":null,"prefecture":null,"family":"unknown","ai":false}},{"type":"Feature","geometry":{"type":"Point","coordinates":[138.5180332,35.5999624]},"properties":{"id":"jinja_n13932947756","name":null,"prefecture":null,"family":"unknown","ai":false}},{"type":"Feature","geometry":{"type":"Point","coordinates":[138.519815,35.6088213]},"properties":{"id":"jinja_n13933729699","name":null,"prefecture":null,"family":"unknown","ai":false}},{"type":"Feature","geometry":{"type":"Point","coordinates":[138.636665,35.6510456]},"properties":{"id":"jinja_n13971594980","name":null,"prefecture":null,"family":"unknown","ai":false}},{"type":"Feature","geometry":{"type":"Point","coordinates":[138.5694458,35.6072268]},"properties":{"id":"jinja_n14023730519","name":null,"prefecture":null,"family":"unknown","ai":false}},{"type":"Feature","geometry":{"type":"Point","coordinates":[138.5143468,35.5828624]},"properties":{"id":"jinja_n14051664734","name":null,"prefecture":null,"family":"unknown","ai":false}},{"type":"Feature","geometry":{"type":"Point","coordinates":[138.5487504,35.6358674]},"properties":{"id":"jinja_n14096584799","name":"船形神社","prefecture":null,"family":"unknown","ai":false}},{"type":"Feature","geometry":{"type":"Point","coordinates":[138.4627524,35.6257417]},"properties":{"id":"jinja_n14104649308","name":"桃園神社","prefecture":null,"family":"unknown","ai":false}},{"type":"Feature","geometry":{"type":"Point","coordinates":[138.7351268,35.3669443]},"properties":{"id":"jinja_n14115377082","name":"迎久須志神社","prefecture":null,"family":"unknown","ai":false}},{"type":"Feature","geometry":{"type":"Point","coordinates":[138.7679092,35.5034569]},"properties":{"id":"jinja_w98715842","name":"八王子神社 (Hachioji Shrine)","prefecture":null,"family":"unknown","ai":false}},{"type":"Feature","geometry":{"type":"Point","coordinates":[138.7272969,35.4994601]},"properties":{"id":"jinja_w105573613","name":"天神社","prefecture":null,"family":"tenjin","ai":true}},{"type":"Feature","geometry":{"type":"Point","coordinates":[138.5436894,35.6696782]},"properties":{"id":"jinja_w132778269","name":null,"prefecture":null,"family":"unknown","ai":false}},{"type":"Feature","geometry":{"type":"Point","coordinates":[138.7328551,35.3656619]},"properties":{"id":"jinja_w146162698","name":"久須志神社","prefecture":null,"family":"unknown","ai":true}},{"type":"Feature","geometry":{"type":"Point","coordinates":[138.5659537,35.6760964]},"properties":{"id":"jinja_w226836838","name":"御崎神社","prefecture":null,"family":"unknown","ai":false}},{"type":"Feature","geometry":{"type":"Point","coordinates":[138.5755736,35.6747453]},"properties":{"id":"jinja_w226839739","name":"八幡神社","prefecture":null,"family":"hachiman","ai":false}},{"type":"Feature","geometry":{"type":"Point","coordinates":[138.5760669,35.6688588]},"properties":{"id":"jinja_w226840196","name":"愛宕神社","prefecture":null,"family":"atago","ai":false}},{"type":"Feature","geometry":{"type":"Point","coordinates":[138.5823375,35.6836425]},"properties":{"id":"jinja_w226883920","name":"山梨縣護國神社","prefecture":null,"family":"unknown","ai":false}},{"type":"Feature","geometry":{"type":"Point","coordinates":[138.5773898,35.6866895]},"properties":{"id":"jinja_w226949641","name":"武田神社","prefecture":"山梨県","family":"unknown","ai":true}},{"type":"Feature","geometry":{"type":"Point","coordinates":[138.5965888,35.6610301]},"properties":{"id":"jinja_w226990067","name":"酒折宮","prefecture":null,"family":"unknown","ai":true}},{"type":"Feature","geometry":{"type":"Point","coordinates":[138.9752637,35.6213849]},"properties":{"id":"jinja_w248181251","name":"春日神社","prefecture":null,"family":"kasuga","ai":false}},{"type":"Feature","geometry":{"type":"Point","coordinates":[138.8487409,35.4278888]},"properties":{"id":"jinja_w251689285","name":"諏訪神社","prefecture":"山梨県","family":"suwa","ai":true}},{"type":"Feature","geometry":{"type":"Point","coordinates":[138.8486319,35.4279542]},"properties":{"id":"jinja_w251689286","name":null,"prefecture":null,"family":"unknown","ai":false}},{"type":"Feature","geometry":{"type":"Point","coordinates":[138.7749964,35.5310685]},"properties":{"id":"jinja_w261988148","name":"河口浅間神社","prefecture":null,"family":"unknown","ai":true}},{"type":"Feature","geometry":{"type":"Point","coordinates":[138.5613752,35.6664652]},"properties":{"id":"jinja_w262656477","name":"出雲大社","prefecture":null,"family":"unknown","ai":false}},{"type":"Feature","geometry":{"type":"Point","coordinates":[138.5733536,35.6634007]},"properties":{"id":"jinja_w262948134","name":"横近習大神宮","prefecture":null,"family":"shinmei_ise","ai":false}},{"type":"Feature","geometry":{"type":"Point","coordinates":[138.5795015,35.662629]},"properties":{"id":"jinja_w262982466","name":"山八幡神社","prefecture":null,"family":"hachiman","ai":false}},{"type":"Feature","geometry":{"type":"Point","coordinates":[138.5764939,35.6701415]},"properties":{"id":"jinja_w263009801","name":null,"prefecture":null,"family":"unknown","ai":false}},{"type":"Feature","geometry":{"type":"Point","coordinates":[138.5765568,35.668464]},"properties":{"id":"jinja_w263009808","name":"成田不動堂","prefecture":null,"family":"unknown","ai":false}},{"type":"Feature","geometry":{"type":"Point","coordinates":[138.6447475,35.5476226]},"properties":{"id":"jinja_w263227230","name":"鶯宿諏訪神社","prefecture":null,"family":"suwa","ai":false}},{"type":"Feature","geometry":{"type":"Point","coordinates":[138.5723902,35.6594003]},"properties":{"id":"jinja_w263805767","name":"柳町大神宮","prefecture":null,"family":"shinmei_ise","ai":false}},{"type":"Feature","geometry":{"type":"Point","coordinates":[138.8426771,35.6034919]},"properties":{"id":"jinja_w263936902","name":"稲村神社","prefecture":null,"family":"unknown","ai":false}},{"type":"Feature","geometry":{"type":"Point","coordinates":[138.851071,35.6025589]},"properties":{"id":"jinja_w264037834","name":"子神社","prefecture":null,"family":"unknown","ai":false}},{"type":"Feature","geometry":{"type":"Point","coordinates":[138.847683,35.4275474]},"properties":{"id":"jinja_w265939310","name":"山中浅間神社","prefecture":null,"family":"unknown","ai":false}},{"type":"Feature","geometry":{"type":"Point","coordinates":[138.8489797,35.5183726]},"properties":{"id":"jinja_w276890086","name":"厄神社","prefecture":null,"family":"unknown","ai":false}},{"type":"Feature","geometry":{"type":"Point","coordinates":[139.1155655,35.625427]},"properties":{"id":"jinja_w280010669","name":null,"prefecture":null,"family":"unknown","ai":false}},{"type":"Feature","geometry":{"type":"Point","coordinates":[139.1225305,35.6228035]},"properties":{"id":"jinja_w285770074","name":"疱瘡神社","prefecture":null,"family":"unknown","ai":false}},{"type":"Feature","geometry":{"type":"Point","coordinates":[138.7042877,35.7106702]},"properties":{"id":"jinja_w305193226","name":"七日子神社","prefecture":null,"family":"unknown","ai":false}},{"type":"Feature","geometry":{"type":"Point","coordinates":[138.7035753,35.6982759]},"properties":{"id":"jinja_w384139142","name":"若松神社","prefecture":null,"family":"unknown","ai":false}},{"type":"Feature","geometry":{"type":"Point","coordinates":[138.6908206,35.6959675]},"properties":{"id":"jinja_w384271299","name":null,"prefecture":null,"family":"unknown","ai":false}},{"type":"Feature","geometry":{"type":"Point","coordinates":[138.7178922,35.7295748]},"properties":{"id":"jinja_w384536299","name":"松尾神社","prefecture":null,"family":"unknown","ai":false}},{"type":"Feature","geometry":{"type":"Point","coordinates":[138.7106965,35.7360006]},"properties":{"id":"jinja_w385201390","name":"諏訪神社","prefecture":null,"family":"suwa","ai":false}},{"type":"Feature","geometry":{"type":"Point","coordinates":[138.6728902,35.6808772]},"properties":{"id":"jinja_w386175491","name":"唐土 神社","prefecture":null,"family":"unknown","ai":false}},{"type":"Feature","geometry":{"type":"Point","coordinates":[138.5694176,35.6782962]},"properties":{"id":"jinja_w422905840","name":"天満宮","prefecture":null,"family":"tenjin","ai":false}},{"type":"Feature","geometry":{"type":"Point","coordinates":[138.691784,35.6790292]},"properties":{"id":"jinja_w487521633","name":"山梨岡神社","prefecture":"山梨県","family":"unknown","ai":true}},{"type":"Feature","geometry":{"type":"Point","coordinates":[138.3270055,35.8726246]},"properties":{"id":"jinja_w502082152","name":null,"prefecture":null,"family":"unknown","ai":false}},{"type":"Feature","geometry":{"type":"Point","coordinates":[138.5725411,35.6513816]},"properties":{"id":"jinja_w508408272","name":"稲積神社","prefecture":null,"family":"unknown","ai":false}},{"type":"Feature","geometry":{"type":"Point","coordinates":[138.571831,35.664148]},"properties":{"id":"jinja_w509834830","name":"庄城稲荷大明神","prefecture":null,"family":"inari","ai":false}},{"type":"Feature","geometry":{"type":"Point","coordinates":[138.5621098,35.6885672]},"properties":{"id":"jinja_w509839370","name":"諏訪神社","prefecture":null,"family":"suwa","ai":false}},{"type":"Feature","geometry":{"type":"Point","coordinates":[138.583602,35.687708]},"properties":{"id":"jinja_w509840948","name":"若宮八幡神社","prefecture":null,"family":"hachiman","ai":false}},{"type":"Feature","geometry":{"type":"Point","coordinates":[138.5647341,35.6903314]},"properties":{"id":"jinja_w510438522","name":"諏訪神社","prefecture":null,"family":"suwa","ai":false}},{"type":"Feature","geometry":{"type":"Point","coordinates":[138.5705835,35.6948801]},"properties":{"id":"jinja_w510439576","name":"秋葉神社","prefecture":null,"family":"akiba","ai":false}},{"type":"Feature","geometry":{"type":"Point","coordinates":[138.5610766,35.6626481]},"properties":{"id":"jinja_w510452374","name":"穴切大神社","prefecture":null,"family":"gion_yasaka","ai":true}},{"type":"Feature","geometry":{"type":"Point","coordinates":[138.5781058,35.6612698]},"properties":{"id":"jinja_w511025397","name":"甲斐奈神社","prefecture":null,"family":"unknown","ai":false}},{"type":"Feature","geometry":{"type":"Point","coordinates":[138.5776308,35.6589135]},"properties":{"id":"jinja_w511027430","name":"榊稲荷神社","prefecture":null,"family":"inari","ai":false}},{"type":"Feature","geometry":{"type":"Point","coordinates":[138.5765768,35.657236]},"properties":{"id":"jinja_w511028983","name":"文珠稲荷神社","prefecture":null,"family":"inari","ai":false}},{"type":"Feature","geometry":{"type":"Point","coordinates":[138.5442788,35.6820636]},"properties":{"id":"jinja_w513179254","name":"千塚八幡神社","prefecture":null,"family":"hachiman","ai":false}},{"type":"Feature","geometry":{"type":"Point","coordinates":[138.5275115,35.5929424]},"properties":{"id":"jinja_w544344441","name":"諏訪神社","prefecture":null,"family":"suwa","ai":false}},{"type":"Feature","geometry":{"type":"Point","coordinates":[138.5286518,35.6187408]},"properties":{"id":"jinja_w545280927","name":null,"prefecture":null,"family":"unknown","ai":false}},{"type":"Feature","geometry":{"type":"Point","coordinates":[138.7115194,35.7151174]},"properties":{"id":"jinja_w625758355","name":null,"prefecture":null,"family":"unknown","ai":false}},{"type":"Feature","geometry":{"type":"Point","coordinates":[138.8112274,35.6033178]},"properties":{"id":"jinja_w667134424","name":"奥野稲村神社","prefecture":null,"family":"unknown","ai":false}},{"type":"Feature","geometry":{"type":"Point","coordinates":[138.6357064,35.6075601]},"properties":{"id":"jinja_w675763526","name":"桙衝神社","prefecture":null,"family":"unknown","ai":false}},{"type":"Feature","geometry":{"type":"Point","coordinates":[138.6112442,35.6613822]},"properties":{"id":"jinja_w676622098","name":null,"prefecture":null,"family":"unknown","ai":false}},{"type":"Feature","geometry":{"type":"Point","coordinates":[138.431029,35.8695951]},"properties":{"id":"jinja_w716992476","name":"石尊神社","prefecture":"山梨県","family":"unknown","ai":false}},{"type":"Feature","geometry":{"type":"Point","coordinates":[138.7230471,35.7103224]},"properties":{"id":"jinja_w718352860","name":"秋葉神社","prefecture":null,"family":"akiba","ai":false}},{"type":"Feature","geometry":{"type":"Point","coordinates":[139.1262373,35.6189263]},"properties":{"id":"jinja_w737538214","name":"Suwa Shrine","prefecture":null,"family":"unknown","ai":false}},{"type":"Feature","geometry":{"type":"Point","coordinates":[138.4760382,35.6117175]},"properties":{"id":"jinja_w783217795","name":"金刀比羅社熱田大明神社","prefecture":null,"family":"konpira","ai":false}},{"type":"Feature","geometry":{"type":"Point","coordinates":[138.4762733,35.6092983]},"properties":{"id":"jinja_w783217799","name":"正一位神明石動神社","prefecture":null,"family":"shinmei_ise","ai":false}},{"type":"Feature","geometry":{"type":"Point","coordinates":[138.4762553,35.6093427]},"properties":{"id":"jinja_w783217801","name":null,"prefecture":null,"family":"unknown","ai":false}},{"type":"Feature","geometry":{"type":"Point","coordinates":[138.5757527,35.6567788]},"properties":{"id":"jinja_w794713438","name":null,"prefecture":null,"family":"unknown","ai":false}},{"type":"Feature","geometry":{"type":"Point","coordinates":[138.5676693,35.6531389]},"properties":{"id":"jinja_w794778514","name":null,"prefecture":null,"family":"unknown","ai":false}},{"type":"Feature","geometry":{"type":"Point","coordinates":[138.5660375,35.6569369]},"properties":{"id":"jinja_w797158506","name":null,"prefecture":null,"family":"unknown","ai":false}},{"type":"Feature","geometry":{"type":"Point","coordinates":[138.5811237,35.6614438]},"properties":{"id":"jinja_w798363373","name":null,"prefecture":null,"family":"unknown","ai":false}},{"type":"Feature","geometry":{"type":"Point","coordinates":[138.5591049,35.6595782]},"properties":{"id":"jinja_w798789554","name":null,"prefecture":null,"family":"unknown","ai":false}},{"type":"Feature","geometry":{"type":"Point","coordinates":[138.5764719,35.652506]},"properties":{"id":"jinja_w800690065","name":null,"prefecture":null,"family":"unknown","ai":false}},{"type":"Feature","geometry":{"type":"Point","coordinates":[138.5609948,35.6760878]},"properties":{"id":"jinja_w802072961","name":null,"prefecture":null,"family":"unknown","ai":false}},{"type":"Feature","geometry":{"type":"Point","coordinates":[138.5718361,35.6408365]},"properties":{"id":"jinja_w808769094","name":"住吉神社","prefecture":null,"family":"sumiyoshi","ai":true}},{"type":"Feature","geometry":{"type":"Point","coordinates":[138.5819275,35.6519439]},"properties":{"id":"jinja_w809084250","name":null,"prefecture":null,"family":"unknown","ai":false}},{"type":"Feature","geometry":{"type":"Point","coordinates":[138.5521015,35.6667047]},"properties":{"id":"jinja_w817357331","name":"八幡神社","prefecture":null,"family":"hachiman","ai":false}},{"type":"Feature","geometry":{"type":"Point","coordinates":[138.5906123,35.6627005]},"properties":{"id":"jinja_w817415007","name":"柴宮神社","prefecture":null,"family":"unknown","ai":false}},{"type":"Feature","geometry":{"type":"Point","coordinates":[138.5752724,35.6924498]},"properties":{"id":"jinja_w822181266","name":"金峰神社","prefecture":null,"family":"unknown","ai":false}},{"type":"Feature","geometry":{"type":"Point","coordinates":[138.5936455,35.6510537]},"properties":{"id":"jinja_w823112593","name":null,"prefecture":null,"family":"unknown","ai":false}},{"type":"Feature","geometry":{"type":"Point","coordinates":[138.5930613,35.700204]},"properties":{"id":"jinja_w823820050","name":null,"prefecture":null,"family":"unknown","ai":false}},{"type":"Feature","geometry":{"type":"Point","coordinates":[138.5490699,35.6830256]},"properties":{"id":"jinja_w827505905","name":"湯谷神社","prefecture":null,"family":"unknown","ai":false}},{"type":"Feature","geometry":{"type":"Point","coordinates":[138.5508735,35.6630419]},"properties":{"id":"jinja_w827556770","name":null,"prefecture":null,"family":"unknown","ai":false}},{"type":"Feature","geometry":{"type":"Point","coordinates":[138.556633,35.6562055]},"properties":{"id":"jinja_w829631888","name":null,"prefecture":null,"family":"unknown","ai":false}},{"type":"Feature","geometry":{"type":"Point","coordinates":[138.5650867,35.6502296]},"properties":{"id":"jinja_w831707453","name":null,"prefecture":null,"family":"unknown","ai":false}},{"type":"Feature","geometry":{"type":"Point","coordinates":[138.3560735,35.3813546]},"properties":{"id":"jinja_w832282782","name":null,"prefecture":null,"family":"unknown","ai":false}},{"type":"Feature","geometry":{"type":"Point","coordinates":[138.5720784,35.6355205]},"properties":{"id":"jinja_w835388968","name":null,"prefecture":null,"family":"unknown","ai":false}},{"type":"Feature","geometry":{"type":"Point","coordinates":[138.7555932,35.4002804]},"properties":{"id":"jinja_w836753645","name":"冨士御室浅間神社","prefecture":null,"family":"unknown","ai":true}},{"type":"Feature","geometry":{"type":"Point","coordinates":[139.1057467,35.6445184]},"properties":{"id":"jinja_w840161645","name":"子ノ神社","prefecture":null,"family":"unknown","ai":false}},{"type":"Feature","geometry":{"type":"Point","coordinates":[138.5384463,35.4902493]},"properties":{"id":"jinja_w842036654","name":"諏訪神社","prefecture":null,"family":"suwa","ai":false}},{"type":"Feature","geometry":{"type":"Point","coordinates":[138.6632192,35.6011594]},"properties":{"id":"jinja_w849402464","name":"唐士神社","prefecture":null,"family":"unknown","ai":false}},{"type":"Feature","geometry":{"type":"Point","coordinates":[138.6063459,35.6043192]},"properties":{"id":"jinja_w849418473","name":"表門神社","prefecture":null,"family":"unknown","ai":false}},{"type":"Feature","geometry":{"type":"Point","coordinates":[138.6108521,35.6427618]},"properties":{"id":"jinja_w851965143","name":"神明神社","prefecture":null,"family":"shinmei_ise","ai":false}},{"type":"Feature","geometry":{"type":"Point","coordinates":[138.5248734,35.6607733]},"properties":{"id":"jinja_w892942585","name":null,"prefecture":null,"family":"unknown","ai":false}},{"type":"Feature","geometry":{"type":"Point","coordinates":[138.5222194,35.657579]},"properties":{"id":"jinja_w892999427","name":"山縣神社","prefecture":null,"family":"unknown","ai":true}},{"type":"Feature","geometry":{"type":"Point","coordinates":[138.5177397,35.6501339]},"properties":{"id":"jinja_w894428963","name":"八幡大神社","prefecture":null,"family":"hachiman","ai":false}},{"type":"Feature","geometry":{"type":"Point","coordinates":[138.7253137,35.6918181]},"properties":{"id":"jinja_w953192304","name":null,"prefecture":null,"family":"unknown","ai":false}},{"type":"Feature","geometry":{"type":"Point","coordinates":[138.577473,35.6348464]},"properties":{"id":"jinja_w956177099","name":null,"prefecture":null,"family":"unknown","ai":false}},{"type":"Feature","geometry":{"type":"Point","coordinates":[138.7731043,35.3988689]},"properties":{"id":"jinja_w975391083","name":"新屋山神社奥宮","prefecture":null,"family":"unknown","ai":false}},{"type":"Feature","geometry":{"type":"Point","coordinates":[138.9127739,35.7944352]},"properties":{"id":"jinja_w1008253108","name":"子之神社","prefecture":null,"family":"unknown","ai":false}},{"type":"Feature","geometry":{"type":"Point","coordinates":[138.9206521,35.7914158]},"properties":{"id":"jinja_w1008804926","name":"熊野神社","prefecture":null,"family":"kumano","ai":false}},{"type":"Feature","geometry":{"type":"Point","coordinates":[138.9263327,35.786576]},"properties":{"id":"jinja_w1009481705","name":"川上神社","prefecture":null,"family":"unknown","ai":false}},{"type":"Feature","geometry":{"type":"Point","coordinates":[138.9853344,35.7812286]},"properties":{"id":"jinja_w1010100510","name":"加茂神社","prefecture":null,"family":"unknown","ai":false}},{"type":"Feature","geometry":{"type":"Point","coordinates":[138.5293479,35.763017]},"properties":{"id":"jinja_w1013413936","name":null,"prefecture":null,"family":"unknown","ai":false}},{"type":"Feature","geometry":{"type":"Point","coordinates":[138.5560362,35.7694333]},"properties":{"id":"jinja_w1033574411","name":null,"prefecture":null,"family":"unknown","ai":false}},{"type":"Feature","geometry":{"type":"Point","coordinates":[138.6054177,35.657081]},"properties":{"id":"jinja_w1034776131","name":null,"prefecture":null,"family":"unknown","ai":false}},{"type":"Feature","geometry":{"type":"Point","coordinates":[138.6355724,35.6734886]},"properties":{"id":"jinja_w1036240350","name":null,"prefecture":null,"family":"unknown","ai":false}},{"type":"Feature","geometry":{"type":"Point","coordinates":[138.6305716,35.6745147]},"properties":{"id":"jinja_w1036240360","name":null,"prefecture":null,"family":"unknown","ai":false}},{"type":"Feature","geometry":{"type":"Point","coordinates":[138.5983543,35.6528452]},"properties":{"id":"jinja_w1037236669","name":"玉諸神社","prefecture":null,"family":"unknown","ai":true}},{"type":"Feature","geometry":{"type":"Point","coordinates":[138.7989453,35.4700359]},"properties":{"id":"jinja_w1090435601","name":"正一位漣神社","prefecture":"山梨県山梨県","family":"unknown","ai":false}},{"type":"Feature","geometry":{"type":"Point","coordinates":[138.4459352,35.9061895]},"properties":{"id":"jinja_w1143778914","name":"御崎神社","prefecture":null,"family":"unknown","ai":false}},{"type":"Feature","geometry":{"type":"Point","coordinates":[138.4052003,35.8251026]},"properties":{"id":"jinja_w1181945359","name":"熱那神社","prefecture":"山梨県","family":"unknown","ai":true}},{"type":"Feature","geometry":{"type":"Point","coordinates":[138.4051812,35.825206]},"properties":{"id":"jinja_w1181945360","name":"熱那神社 本殿","prefecture":null,"family":"unknown","ai":true}},{"type":"Feature","geometry":{"type":"Point","coordinates":[138.4053723,35.8250362]},"properties":{"id":"jinja_w1181945367","name":"熱那神社 神楽殿","prefecture":null,"family":"unknown","ai":true}},{"type":"Feature","geometry":{"type":"Point","coordinates":[138.405412,35.8251658]},"properties":{"id":"jinja_w1181945368","name":"熱那神社 宝蔵庫","prefecture":null,"family":"unknown","ai":true}},{"type":"Feature","geometry":{"type":"Point","coordinates":[138.4052636,35.8248536]},"properties":{"id":"jinja_w1181955572","name":"熱那神社 隋身門","prefecture":null,"family":"unknown","ai":true}},{"type":"Feature","geometry":{"type":"Point","coordinates":[138.4894482,35.6256889]},"properties":{"id":"jinja_w1289309229","name":null,"prefecture":null,"family":"unknown","ai":false}},{"type":"Feature","geometry":{"type":"Point","coordinates":[138.7926872,35.4710185]},"properties":{"id":"jinja_w1323583752","name":"北口本宮冨士浅間神社","prefecture":null,"family":"unknown","ai":true}},{"type":"Feature","geometry":{"type":"Point","coordinates":[138.4235375,35.7885409]},"properties":{"id":"jinja_w1329943878","name":"三輪神社","prefecture":"山梨県","family":"konpira","ai":false}},{"type":"Feature","geometry":{"type":"Point","coordinates":[138.4195806,35.7925627]},"properties":{"id":"jinja_w1333279237","name":"諏訪神社","prefecture":"山梨県","family":"suwa","ai":true}},{"type":"Feature","geometry":{"type":"Point","coordinates":[138.6793572,35.6472749]},"properties":{"id":"jinja_w1343683380","name":"甲斐奈神社","prefecture":null,"family":"unknown","ai":false}},{"type":"Feature","geometry":{"type":"Point","coordinates":[138.709834,35.5704686]},"properties":{"id":"jinja_w1348908440","name":"檜峰神社","prefecture":null,"family":"unknown","ai":false}},{"type":"Feature","geometry":{"type":"Point","coordinates":[138.9271258,35.605802]},"properties":{"id":"jinja_w1382989482","name":"稲村神社","prefecture":null,"family":"unknown","ai":false}},{"type":"Feature","geometry":{"type":"Point","coordinates":[138.382363,35.78432]},"properties":{"id":"jinja_w1396574251","name":null,"prefecture":null,"family":"unknown","ai":false}},{"type":"Feature","geometry":{"type":"Point","coordinates":[138.3825263,35.7843562]},"properties":{"id":"jinja_w1396574252","name":null,"prefecture":null,"family":"unknown","ai":false}},{"type":"Feature","geometry":{"type":"Point","coordinates":[138.547129,35.5806176]},"properties":{"id":"jinja_w1509459074","name":null,"prefecture":null,"family":"unknown","ai":false}},{"type":"Feature","geometry":{"type":"Point","coordinates":[135.7736863,34.9846664]},"properties":{"id":"jinja_n310748654","name":"新熊野神社","prefecture":null,"family":"kumano","ai":true}},{"type":"Feature","geometry":{"type":"Point","coordinates":[135.786268,34.7766021]},"properties":{"id":"jinja_n495915604","name":"鞍岡神社","prefecture":null,"family":"tenjin","ai":true}},{"type":"Feature","geometry":{"type":"Point","coordinates":[135.3939602,35.4634376]},"properties":{"id":"jinja_n525166186","name":"大森神社","prefecture":null,"family":"unknown","ai":false}},{"type":"Feature","geometry":{"type":"Point","coordinates":[135.062027,35.2881511]},"properties":{"id":"jinja_n582295994","name":null,"prefecture":null,"family":"unknown","ai":false}},{"type":"Feature","geometry":{"type":"Point","coordinates":[135.2942501,35.2457504]},"properties":{"id":"jinja_n604230826","name":"大原神社(Oohara-jinja)","prefecture":null,"family":"unknown","ai":false}},{"type":"Feature","geometry":{"type":"Point","coordinates":[135.3984295,35.4460218]},"properties":{"id":"jinja_n667285274","name":"藤森神社","prefecture":null,"family":"unknown","ai":false}},{"type":"Feature","geometry":{"type":"Point","coordinates":[135.2467429,35.2674803]},"properties":{"id":"jinja_n674067738","name":"神社","prefecture":null,"family":"unknown","ai":false}},{"type":"Feature","geometry":{"type":"Point","coordinates":[135.0662441,35.2854782]},"properties":{"id":"jinja_n703116869","name":"神社","prefecture":null,"family":"unknown","ai":false}},{"type":"Feature","geometry":{"type":"Point","coordinates":[135.0553267,35.2940578]},"properties":{"id":"jinja_n703121159","name":"高杉神社","prefecture":null,"family":"unknown","ai":false}},{"type":"Feature","geometry":{"type":"Point","coordinates":[135.3985591,35.4777354]},"properties":{"id":"jinja_n710159946","name":null,"prefecture":null,"family":"unknown","ai":false}},{"type":"Feature","geometry":{"type":"Point","coordinates":[135.2578485,35.7289933]},"properties":{"id":"jinja_n720616194","name":"浦嶋神社","prefecture":null,"family":"unknown","ai":true}},{"type":"Feature","geometry":{"type":"Point","coordinates":[135.0429716,35.2720968]},"properties":{"id":"jinja_n720622535","name":"熊野神社","prefecture":null,"family":"kumano","ai":false}},{"type":"Feature","geometry":{"type":"Point","coordinates":[135.4075839,35.4478073]},"properties":{"id":"jinja_n939015191","name":"神社","prefecture":null,"family":"unknown","ai":false}},{"type":"Feature","geometry":{"type":"Point","coordinates":[135.753149,35.0302768]},"properties":{"id":"jinja_n1058638384","name":"白峯神宮","prefecture":null,"family":"unknown","ai":true}},{"type":"Feature","geometry":{"type":"Point","coordinates":[135.7296426,35.0213133]},"properties":{"id":"jinja_n1166397032","name":"北野神社御旅所","prefecture":null,"family":"unknown","ai":false}},{"type":"Feature","geometry":{"type":"Point","coordinates":[135.6764668,35.011405]},"properties":{"id":"jinja_n1215761714","name":"宗像神社","prefecture":null,"family":"munakata","ai":true}},{"type":"Feature","geometry":{"type":"Point","coordinates":[135.783976,34.8411237]},"properties":{"id":"jinja_n1388323226","name":"荒見神社","prefecture":null,"family":"unknown","ai":false}},{"type":"Feature","geometry":{"type":"Point","coordinates":[135.3862069,35.4725334]},"properties":{"id":"jinja_n1436010340","name":"式内 三宅神社","prefecture":null,"family":"unknown","ai":false}},{"type":"Feature","geometry":{"type":"Point","coordinates":[135.7603477,34.9323528]},"properties":{"id":"jinja_n1621849444","name":"豊崎大明神","prefecture":null,"family":"unknown","ai":false}},{"type":"Feature","geometry":{"type":"Point","coordinates":[135.8244895,35.1026516]},"properties":{"id":"jinja_n1706888698","name":"江文神社","prefecture":null,"family":"unknown","ai":false}},{"type":"Feature","geometry":{"type":"Point","coordinates":[135.6852975,35.0001848]},"properties":{"id":"jinja_n1741489390","name":"松尾大社","prefecture":null,"family":"hie_sanno","ai":true}},{"type":"Feature","geometry":{"type":"Point","coordinates":[135.7090156,35.0288914]},"properties":{"id":"jinja_n2034766314","name":"福王子神社","prefecture":null,"family":"unknown","ai":true}},{"type":"Feature","geometry":{"type":"Point","coordinates":[135.7747784,35.0632921]},"properties":{"id":"jinja_n2078412962","name":"愛染院","prefecture":null,"family":"unknown","ai":false}},{"type":"Feature","geometry":{"type":"Point","coordinates":[135.7315296,35.0363354]},"properties":{"id":"jinja_n2119309194","name":"わら天神宮","prefecture":null,"family":"tenjin","ai":false}},{"type":"Feature","geometry":{"type":"Point","coordinates":[135.7619172,35.0880622]},"properties":{"id":"jinja_n2130817418","name":"厳島神社","prefecture":null,"family":"munakata","ai":false}},{"type":"Feature","geometry":{"type":"Point","coordinates":[135.7629255,35.0877534]},"properties":{"id":"jinja_n2130817419","name":"大神宮社","prefecture":null,"family":"shinmei_ise","ai":false}},{"type":"Feature","geometry":{"type":"Point","coordinates":[135.7492103,35.0724146]},"properties":{"id":"jinja_n2132334105","name":"貴船神社","prefecture":null,"family":"unknown","ai":false}},{"type":"Feature","geometry":{"type":"Point","coordinates":[135.7046376,34.9427221]},"properties":{"id":"jinja_n2195108713","name":null,"prefecture":null,"family":"unknown","ai":false}},{"type":"Feature","geometry":{"type":"Point","coordinates":[135.6968435,34.9503064]},"properties":{"id":"jinja_n2242436744","name":"祠","prefecture":null,"family":"unknown","ai":false}},{"type":"Feature","geometry":{"type":"Point","coordinates":[135.6957681,34.9444906]},"properties":{"id":"jinja_n2254296595","name":"増井神社","prefecture":null,"family":"unknown","ai":false}},{"type":"Feature","geometry":{"type":"Point","coordinates":[135.743231,35.021207]},"properties":{"id":"jinja_n2268195183","name":"櫻宮神社","prefecture":null,"family":"unknown","ai":false}},{"type":"Feature","geometry":{"type":"Point","coordinates":[135.7329078,34.9843858]},"properties":{"id":"jinja_n2269390924","name":"若一神社","prefecture":null,"family":"unknown","ai":true}},{"type":"Feature","geometry":{"type":"Point","coordinates":[135.7463148,35.0304068]},"properties":{"id":"jinja_n2276903286","name":"首途八幡宮","prefecture":null,"family":"hachiman","ai":true}},{"type":"Feature","geometry":{"type":"Point","coordinates":[135.7173886,35.0084325]},"properties":{"id":"jinja_n2287203945","name":"猿田彦神社","prefecture":null,"family":"unknown","ai":false}},{"type":"Feature","geometry":{"type":"Point","coordinates":[135.7557771,35.0281332]},"properties":{"id":"jinja_n2293636444","name":"村社 霊光殿天満宮","prefecture":null,"family":"tenjin","ai":true}},{"type":"Feature","geometry":{"type":"Point","coordinates":[135.6877083,35.0259519]},"properties":{"id":"jinja_n2385156982","name":"兒神社","prefecture":null,"family":"unknown","ai":false}},{"type":"Feature","geometry":{"type":"Point","coordinates":[135.7000516,34.8797343]},"properties":{"id":"jinja_n2484765205","name":"石清水八幡宮","prefecture":null,"family":"hachiman","ai":true}},{"type":"Feature","geometry":{"type":"Point","coordinates":[135.505734,35.0840373]},"properties":{"id":"jinja_n2570763154","name":"鳥羽田神社","prefecture":null,"family":"unknown","ai":false}},{"type":"Feature","geometry":{"type":"Point","coordinates":[135.987784,34.7688698]},"properties":{"id":"jinja_n2578990303","name":"戀志谷神社","prefecture":null,"family":"unknown","ai":true}},{"type":"Feature","geometry":{"type":"Point","coordinates":[135.744151,35.016346]},"properties":{"id":"jinja_n2605803404","name":"大宮姫命稲荷大神","prefecture":null,"family":"inari","ai":false}},{"type":"Feature","geometry":{"type":"Point","coordinates":[135.7606321,34.7322976]},"properties":{"id":"jinja_n2676596277","name":"東谷神社 (Higashitani Shrine)","prefecture":null,"family":"unknown","ai":false}},{"type":"Feature","geometry":{"type":"Point","coordinates":[135.781544,35.0105454]},"properties":{"id":"jinja_n2728138062","name":"三谷稲荷社","prefecture":null,"family":"inari","ai":false}},{"type":"Feature","geometry":{"type":"Point","coordinates":[135.7406604,34.928032]},"properties":{"id":"jinja_n2739248548","name":"田中神社","prefecture":null,"family":"unknown","ai":false}},{"type":"Feature","geometry":{"type":"Point","coordinates":[135.4021674,35.4499719]},"properties":{"id":"jinja_n2785107588","name":"日尾神社","prefecture":null,"family":"unknown","ai":false}},{"type":"Feature","geometry":{"type":"Point","coordinates":[135.4315444,35.4442043]},"properties":{"id":"jinja_n2785122143","name":"日尾池姫神社","prefecture":null,"family":"unknown","ai":false}},{"type":"Feature","geometry":{"type":"Point","coordinates":[135.7170536,34.9446067]},"properties":{"id":"jinja_n2786935342","name":null,"prefecture":null,"family":"unknown","ai":false}},{"type":"Feature","geometry":{"type":"Point","coordinates":[135.1878317,35.5634345]},"properties":{"id":"jinja_n2814756042","name":"天橋立神社","prefecture":null,"family":"unknown","ai":false}},{"type":"Feature","geometry":{"type":"Point","coordinates":[135.1919187,35.5353929]},"properties":{"id":"jinja_n2822429785","name":"桜山天満宮","prefecture":null,"family":"tenjin","ai":false}},{"type":"Feature","geometry":{"type":"Point","coordinates":[135.4249452,35.1627261]},"properties":{"id":"jinja_n3016580745","name":"蒲生八幡宮","prefecture":null,"family":"hachiman","ai":false}},{"type":"Feature","geometry":{"type":"Point","coordinates":[135.3956052,35.1777602]},"properties":{"id":"jinja_n3016613963","name":"九手神社","prefecture":null,"family":"unknown","ai":false}},{"type":"Feature","geometry":{"type":"Point","coordinates":[135.6112775,35.0022707]},"properties":{"id":"jinja_n3047079375","name":"篠村八幡宮","prefecture":null,"family":"hachiman","ai":true}},{"type":"Feature","geometry":{"type":"Point","coordinates":[135.786455,35.053729]},"properties":{"id":"jinja_n3137814830","name":"白雲稲荷神社","prefecture":null,"family":"inari","ai":false}},{"type":"Feature","geometry":{"type":"Point","coordinates":[135.7170601,35.0316822]},"properties":{"id":"jinja_n3161020516","name":"住吉大伴神社","prefecture":null,"family":"sumiyoshi","ai":true}},{"type":"Feature","geometry":{"type":"Point","coordinates":[135.8263424,34.9699991]},"properties":{"id":"jinja_n3191561648","name":"岩屋神社","prefecture":null,"family":"unknown","ai":true}},{"type":"Feature","geometry":{"type":"Point","coordinates":[135.6775443,35.0137055]},"properties":{"id":"jinja_n3259275061","name":"車折神社 嵐山頓宮","prefecture":null,"family":"unknown","ai":false}},{"type":"Feature","geometry":{"type":"Point","coordinates":[135.770864,35.111782]},"properties":{"id":"jinja_n3259433261","name":"由岐神社","prefecture":null,"family":"unknown","ai":false}},{"type":"Feature","geometry":{"type":"Point","coordinates":[135.7488475,34.995187]},"properties":{"id":"jinja_n3337086416","name":"住吉神社","prefecture":null,"family":"sumiyoshi","ai":false}},{"type":"Feature","geometry":{"type":"Point","coordinates":[135.8015312,34.7680891]},"properties":{"id":"jinja_n3388720824","name":"祝園神社","prefecture":null,"family":"kashima_katori","ai":true}},{"type":"Feature","geometry":{"type":"Point","coordinates":[135.7861575,34.7542949]},"properties":{"id":"jinja_n3388729230","name":"稲植神社","prefecture":null,"family":"gion_yasaka","ai":true}},{"type":"Feature","geometry":{"type":"Point","coordinates":[135.7757592,34.9696554]},"properties":{"id":"jinja_n3494122118","name":null,"prefecture":null,"family":"unknown","ai":false}},{"type":"Feature","geometry":{"type":"Point","coordinates":[135.229358,35.5828651]},"properties":{"id":"jinja_n3693586475","name":"姫島雄島大明神","prefecture":null,"family":"unknown","ai":false}},{"type":"Feature","geometry":{"type":"Point","coordinates":[135.7227255,35.0834571]},"properties":{"id":"jinja_n3778240073","name":"氷室神社","prefecture":null,"family":"unknown","ai":false}},{"type":"Feature","geometry":{"type":"Point","coordinates":[135.7831287,35.1647253]},"properties":{"id":"jinja_n3780474379","name":"日吉神社","prefecture":null,"family":"hie_sanno","ai":false}},{"type":"Feature","geometry":{"type":"Point","coordinates":[135.7773877,35.0542477]},"properties":{"id":"jinja_n3810127199","name":"末刀岩上神社","prefecture":null,"family":"unknown","ai":false}},{"type":"Feature","geometry":{"type":"Point","coordinates":[135.7791141,35.0531297]},"properties":{"id":"jinja_n3811025400","name":"新宮神社","prefecture":null,"family":"unknown","ai":false}},{"type":"Feature","geometry":{"type":"Point","coordinates":[135.7955555,34.9685829]},"properties":{"id":"jinja_n3894895018","name":"山科神社","prefecture":null,"family":"unknown","ai":true}},{"type":"Feature","geometry":{"type":"Point","coordinates":[135.878047,34.9381445]},"properties":{"id":"jinja_n3931876377","name":"奥宮神社","prefecture":null,"family":"unknown","ai":false}},{"type":"Feature","geometry":{"type":"Point","coordinates":[135.875423,34.7205305]},"properties":{"id":"jinja_n4120789169","name":"摂社春日神社","prefecture":null,"family":"kasuga","ai":false}},{"type":"Feature","geometry":{"type":"Point","coordinates":[135.1911938,35.6365012]},"properties":{"id":"jinja_n4132686688","name":"世屋姫神社","prefecture":null,"family":"unknown","ai":false}},{"type":"Feature","geometry":{"type":"Point","coordinates":[135.8910299,34.7369923]},"properties":{"id":"jinja_n4136276830","name":"森八幡宮","prefecture":null,"family":"hachiman","ai":false}},{"type":"Feature","geometry":{"type":"Point","coordinates":[135.8932214,34.7246663]},"properties":{"id":"jinja_n4136276883","name":"白山神社","prefecture":null,"family":"hakusan","ai":false}},{"type":"Feature","geometry":{"type":"Point","coordinates":[135.8006663,35.0656428]},"properties":{"id":"jinja_n4142095611","name":"崇道神社","prefecture":null,"family":"unknown","ai":true}},{"type":"Feature","geometry":{"type":"Point","coordinates":[135.8714941,34.7190373]},"properties":{"id":"jinja_n4160703959","name":"春日神社","prefecture":null,"family":"kasuga","ai":false}},{"type":"Feature","geometry":{"type":"Point","coordinates":[135.8829898,34.7329699]},"properties":{"id":"jinja_n4160968280","name":"国栖神社","prefecture":null,"family":"unknown","ai":false}},{"type":"Feature","geometry":{"type":"Point","coordinates":[135.8763831,34.7615288]},"properties":{"id":"jinja_n4161456227","name":"岡田鴨神社","prefecture":null,"family":"unknown","ai":true}},{"type":"Feature","geometry":{"type":"Point","coordinates":[135.9420974,34.7536294]},"properties":{"id":"jinja_n4161623543","name":"榎本神社","prefecture":null,"family":"unknown","ai":false}},{"type":"Feature","geometry":{"type":"Point","coordinates":[135.9420266,34.7536284]},"properties":{"id":"jinja_n4175285661","name":"春日神社","prefecture":null,"family":"kasuga","ai":false}},{"type":"Feature","geometry":{"type":"Point","coordinates":[135.6743336,35.1133779]},"properties":{"id":"jinja_n4217019588","name":"岩戸落葉神社","prefecture":null,"family":"unknown","ai":false}},{"type":"Feature","geometry":{"type":"Point","coordinates":[135.669889,35.0176721]},"properties":{"id":"jinja_n4275583092","name":"御髪神社","prefecture":null,"family":"unknown","ai":false}},{"type":"Feature","geometry":{"type":"Point","coordinates":[135.7614183,35.100293]},"properties":{"id":"jinja_n4321067771","name":"守谷神社 冨士神社","prefecture":null,"family":"unknown","ai":false}},{"type":"Feature","geometry":{"type":"Point","coordinates":[135.6787103,34.9017016]},"properties":{"id":"jinja_n4349280594","name":"酒解神社","prefecture":null,"family":"unknown","ai":false}},{"type":"Feature","geometry":{"type":"Point","coordinates":[135.8565216,34.9023866]},"properties":{"id":"jinja_n4368856102","name":"大将軍神社","prefecture":null,"family":"unknown","ai":false}},{"type":"Feature","geometry":{"type":"Point","coordinates":[135.6605848,34.9100128]},"properties":{"id":"jinja_n4423467103","name":"御谷神社","prefecture":null,"family":"unknown","ai":false}},{"type":"Feature","geometry":{"type":"Point","coordinates":[135.9679037,34.798667]},"properties":{"id":"jinja_n4427556227","name":"大神神社","prefecture":null,"family":"unknown","ai":false}},{"type":"Feature","geometry":{"type":"Point","coordinates":[135.6851154,34.8737161]},"properties":{"id":"jinja_n4440850547","name":"猿田彦神社","prefecture":null,"family":"unknown","ai":false}},{"type":"Feature","geometry":{"type":"Point","coordinates":[135.7966118,35.0436324]},"properties":{"id":"jinja_n4558632029","name":"八大神社","prefecture":null,"family":"gion_yasaka","ai":true}},{"type":"Feature","geometry":{"type":"Point","coordinates":[135.8363229,34.7656613]},"properties":{"id":"jinja_n4566981899","name":"天神神社","prefecture":null,"family":"tenjin","ai":false}},{"type":"Feature","geometry":{"type":"Point","coordinates":[135.58694,35.0410776]},"properties":{"id":"jinja_n4603292216","name":"愛宕神社","prefecture":null,"family":"atago","ai":true}},{"type":"Feature","geometry":{"type":"Point","coordinates":[135.9119408,34.8071094]},"properties":{"id":"jinja_n4686836890","name":"春日神社","prefecture":null,"family":"kasuga","ai":false}},{"type":"Feature","geometry":{"type":"Point","coordinates":[135.6777621,35.0098046]},"properties":{"id":"jinja_n4693046395","name":"電電宮","prefecture":null,"family":"unknown","ai":true}},{"type":"Feature","geometry":{"type":"Point","coordinates":[135.6789647,34.9009363]},"properties":{"id":"jinja_n4785634458","name":"三社宮","prefecture":null,"family":"unknown","ai":false}},{"type":"Feature","geometry":{"type":"Point","coordinates":[135.329558,35.4380609]},"properties":{"id":"jinja_n4828071084","name":"神道 黒八協会","prefecture":null,"family":"unknown","ai":false}},{"type":"Feature","geometry":{"type":"Point","coordinates":[135.0549941,35.639959]},"properties":{"id":"jinja_n4836492069","name":"昨岡神社","prefecture":null,"family":"unknown","ai":false}},{"type":"Feature","geometry":{"type":"Point","coordinates":[135.6077524,35.0156717]},"properties":{"id":"jinja_n4928957250","name":"請田神社","prefecture":null,"family":"hie_sanno","ai":true}},{"type":"Feature","geometry":{"type":"Point","coordinates":[135.5864261,35.1073136]},"properties":{"id":"jinja_n5078015823","name":"日吉神社","prefecture":null,"family":"hie_sanno","ai":false}},{"type":"Feature","geometry":{"type":"Point","coordinates":[135.5900795,35.0219838]},"properties":{"id":"jinja_n5091913453","name":"保津八幡宮","prefecture":null,"family":"hachiman","ai":false}},{"type":"Feature","geometry":{"type":"Point","coordinates":[135.5985254,35.0218621]},"properties":{"id":"jinja_n5091913484","name":"山王神社","prefecture":null,"family":"hie_sanno","ai":false}},{"type":"Feature","geometry":{"type":"Point","coordinates":[135.5810203,35.0108862]},"properties":{"id":"jinja_n5091913638","name":"形原神社","prefecture":null,"family":"unknown","ai":false}},{"type":"Feature","geometry":{"type":"Point","coordinates":[135.5892263,35.008564]},"properties":{"id":"jinja_n5091941014","name":"三宅神社","prefecture":null,"family":"inari","ai":true}},{"type":"Feature","geometry":{"type":"Point","coordinates":[135.2805245,35.6702847]},"properties":{"id":"jinja_n5181497121","name":"八坂神社","prefecture":null,"family":"gion_yasaka","ai":false}},{"type":"Feature","geometry":{"type":"Point","coordinates":[135.7672906,34.9951126]},"properties":{"id":"jinja_n5206734161","name":"榎木大明神","prefecture":null,"family":"unknown","ai":false}},{"type":"Feature","geometry":{"type":"Point","coordinates":[135.741684,34.7539024]},"properties":{"id":"jinja_n5238807960","name":"東畑神社","prefecture":"京都","family":"gion_yasaka","ai":false}},{"type":"Feature","geometry":{"type":"Point","coordinates":[135.4544298,35.2596619]},"properties":{"id":"jinja_n5267854697","name":"大正稲荷神社","prefecture":null,"family":"inari","ai":false}},{"type":"Feature","geometry":{"type":"Point","coordinates":[135.4528533,35.2738679]},"properties":{"id":"jinja_n5267854856","name":"山神神社","prefecture":null,"family":"unknown","ai":false}},{"type":"Feature","geometry":{"type":"Point","coordinates":[135.4407212,35.262959]},"properties":{"id":"jinja_n5268424768","name":"稲荷神社","prefecture":null,"family":"inari","ai":false}},{"type":"Feature","geometry":{"type":"Point","coordinates":[135.1196205,35.2907525]},"properties":{"id":"jinja_n5279635970","name":"春影稲荷神社","prefecture":null,"family":"inari","ai":false}},{"type":"Feature","geometry":{"type":"Point","coordinates":[135.8048298,34.9703555]},"properties":{"id":"jinja_n5283806057","name":"中臣神社","prefecture":null,"family":"inari","ai":false}},{"type":"Feature","geometry":{"type":"Point","coordinates":[135.8003806,34.9765993]},"properties":{"id":"jinja_n5283824810","name":"花山稲荷神社","prefecture":null,"family":"inari","ai":false}},{"type":"Feature","geometry":{"type":"Point","coordinates":[135.7582681,35.0012272]},"properties":{"id":"jinja_n5289054924","name":"日吉神社","prefecture":null,"family":"hie_sanno","ai":false}},{"type":"Feature","geometry":{"type":"Point","coordinates":[135.7487446,35.0687512]},"properties":{"id":"jinja_n5292660323","name":"神社","prefecture":null,"family":"unknown","ai":false}},{"type":"Feature","geometry":{"type":"Point","coordinates":[135.3309821,35.4366653]},"properties":{"id":"jinja_n5316990646","name":"三柱神社","prefecture":null,"family":"unknown","ai":false}},{"type":"Feature","geometry":{"type":"Point","coordinates":[135.3276379,35.4347981]},"properties":{"id":"jinja_n5316990647","name":"笠水神社","prefecture":null,"family":"unknown","ai":false}},{"type":"Feature","geometry":{"type":"Point","coordinates":[135.3240166,35.444068]},"properties":{"id":"jinja_n5320449843","name":"朝代神社","prefecture":null,"family":"unknown","ai":true}},{"type":"Feature","geometry":{"type":"Point","coordinates":[135.3235067,35.4480435]},"properties":{"id":"jinja_n5320449844","name":"笶原神社","prefecture":null,"family":"unknown","ai":false}},{"type":"Feature","geometry":{"type":"Point","coordinates":[135.69046,34.9716286]},"properties":{"id":"jinja_n5339156944","name":"樫原三ノ宮神社","prefecture":null,"family":"unknown","ai":true}},{"type":"Feature","geometry":{"type":"Point","coordinates":[135.7020639,34.9754044]},"properties":{"id":"jinja_n5347060186","name":"革島春日神社","prefecture":null,"family":"kasuga","ai":false}},{"type":"Feature","geometry":{"type":"Point","coordinates":[135.7118758,35.0073128]},"properties":{"id":"jinja_n5353319634","name":"伯清稲荷大神","prefecture":null,"family":"inari","ai":false}},{"type":"Feature","geometry":{"type":"Point","coordinates":[135.3239849,35.4451167]},"properties":{"id":"jinja_n5358493431","name":"千野宮神社","prefecture":null,"family":"unknown","ai":false}},{"type":"Feature","geometry":{"type":"Point","coordinates":[135.326888,35.453298]},"properties":{"id":"jinja_n5358514923","name":"住吉神社","prefecture":null,"family":"sumiyoshi","ai":false}},{"type":"Feature","geometry":{"type":"Point","coordinates":[135.3241981,35.4519132]},"properties":{"id":"jinja_n5358515022","name":"並木稲荷神社","prefecture":null,"family":"inari","ai":false}},{"type":"Feature","geometry":{"type":"Point","coordinates":[135.8317959,35.1163675]},"properties":{"id":"jinja_n5363807403","name":"出世稲荷神社","prefecture":null,"family":"inari","ai":true}},{"type":"Feature","geometry":{"type":"Point","coordinates":[135.8362591,35.1194764]},"properties":{"id":"jinja_n5363807404","name":"勝手神社","prefecture":null,"family":"unknown","ai":false}},{"type":"Feature","geometry":{"type":"Point","coordinates":[135.7012087,34.975609]},"properties":{"id":"jinja_n5367497729","name":"三ノ宮神社","prefecture":null,"family":"unknown","ai":false}},{"type":"Feature","geometry":{"type":"Point","coordinates":[135.3639467,35.4686716]},"properties":{"id":"jinja_n5369883622","name":"若宮神社","prefecture":null,"family":"unknown","ai":false}},{"type":"Feature","geometry":{"type":"Point","coordinates":[135.819886,34.8042594]},"properties":{"id":"jinja_n5385030421","name":"玉津岡神社","prefecture":null,"family":"unknown","ai":true}},{"type":"Feature","geometry":{"type":"Point","coordinates":[135.2819252,35.3138141]},"properties":{"id":"jinja_n5385233331","name":"斎神社","prefecture":null,"family":"unknown","ai":false}},{"type":"Feature","geometry":{"type":"Point","coordinates":[135.2700695,35.3016279]},"properties":{"id":"jinja_n5385239139","name":"斎神社","prefecture":null,"family":"unknown","ai":false}},{"type":"Feature","geometry":{"type":"Point","coordinates":[135.3113303,35.3403043]},"properties":{"id":"jinja_n5385244224","name":"石田神社","prefecture":null,"family":"unknown","ai":false}},{"type":"Feature","geometry":{"type":"Point","coordinates":[135.19507,35.5377139]},"properties":{"id":"jinja_n5387099272","name":"福寿稲荷神社","prefecture":null,"family":"inari","ai":false}},{"type":"Feature","geometry":{"type":"Point","coordinates":[135.238526,35.3016985]},"properties":{"id":"jinja_n5389005540","name":"木祖殿神社","prefecture":null,"family":"unknown","ai":false}},{"type":"Feature","geometry":{"type":"Point","coordinates":[135.2563434,35.2947024]},"properties":{"id":"jinja_n5389372124","name":"本興稲荷神社","prefecture":null,"family":"inari","ai":false}},{"type":"Feature","geometry":{"type":"Point","coordinates":[135.8725975,34.721086]},"properties":{"id":"jinja_n5389977596","name":"祇園さん","prefecture":null,"family":"gion_yasaka","ai":false}},{"type":"Feature","geometry":{"type":"Point","coordinates":[135.7760031,35.0024851]},"properties":{"id":"jinja_n5395156555","name":"有楽稲荷大明神","prefecture":"京都府","family":"inari","ai":false}},{"type":"Feature","geometry":{"type":"Point","coordinates":[135.7612907,35.0189415]},"properties":{"id":"jinja_n5395623794","name":"宗像神社","prefecture":null,"family":"munakata","ai":true}},{"type":"Feature","geometry":{"type":"Point","coordinates":[135.7612873,35.0185032]},"properties":{"id":"jinja_n5395626762","name":"花山稲荷大明神","prefecture":null,"family":"inari","ai":false}},{"type":"Feature","geometry":{"type":"Point","coordinates":[135.8794566,34.7184221]},"properties":{"id":"jinja_n5401176226","name":"春日神社・白山神社","prefecture":null,"family":"kasuga","ai":false}},{"type":"Feature","geometry":{"type":"Point","coordinates":[135.7024798,34.9769245]},"properties":{"id":"jinja_n5404945092","name":"大宮社","prefecture":null,"family":"unknown","ai":false}},{"type":"Feature","geometry":{"type":"Point","coordinates":[135.1941151,35.5355218]},"properties":{"id":"jinja_n5405692713","name":"和貴宮神社","prefecture":null,"family":"shinmei_ise","ai":true}},{"type":"Feature","geometry":{"type":"Point","coordinates":[135.6736729,34.9495996]},"properties":{"id":"jinja_n5439772629","name":"入野神社","prefecture":null,"family":"unknown","ai":false}},{"type":"Feature","geometry":{"type":"Point","coordinates":[135.6611169,34.978717]},"properties":{"id":"jinja_n5442652454","name":"大枝神社","prefecture":null,"family":"unknown","ai":false}},{"type":"Feature","geometry":{"type":"Point","coordinates":[135.6808264,34.9676511]},"properties":{"id":"jinja_n5442661196","name":"大枝稲荷神社","prefecture":null,"family":"inari","ai":false}},{"type":"Feature","geometry":{"type":"Point","coordinates":[135.6949914,35.0037076]},"properties":{"id":"jinja_n5449904600","name":"猿田彦神・宇寿女命","prefecture":null,"family":"unknown","ai":false}},{"type":"Feature","geometry":{"type":"Point","coordinates":[135.6852804,34.9996073]},"properties":{"id":"jinja_n5449907246","name":"お松明神","prefecture":null,"family":"unknown","ai":false}},{"type":"Feature","geometry":{"type":"Point","coordinates":[135.6852859,34.9996013]},"properties":{"id":"jinja_n5449907247","name":"末高龍神","prefecture":null,"family":"unknown","ai":false}},{"type":"Feature","geometry":{"type":"Point","coordinates":[135.6852905,34.9995949]},"properties":{"id":"jinja_n5449907248","name":"地主神","prefecture":null,"family":"unknown","ai":false}},{"type":"Feature","geometry":{"type":"Point","coordinates":[135.6852955,34.9995897]},"properties":{"id":"jinja_n5449907249","name":"古永備財天","prefecture":null,"family":"unknown","ai":false}},{"type":"Feature","geometry":{"type":"Point","coordinates":[135.7077059,34.9847152]},"properties":{"id":"jinja_n5470871381","name":"下桂御霊神社","prefecture":null,"family":"unknown","ai":false}},{"type":"Feature","geometry":{"type":"Point","coordinates":[135.0255431,35.6670624]},"properties":{"id":"jinja_n5475001022","name":"天満宮","prefecture":null,"family":"tenjin","ai":false}},{"type":"Feature","geometry":{"type":"Point","coordinates":[135.0176296,35.6822232]},"properties":{"id":"jinja_n5475001936","name":"弁天神社","prefecture":null,"family":"tenjin","ai":false}},{"type":"Feature","geometry":{"type":"Point","coordinates":[135.0162515,35.689315]},"properties":{"id":"jinja_n5475001937","name":"日吉神社","prefecture":null,"family":"hie_sanno","ai":false}},{"type":"Feature","geometry":{"type":"Point","coordinates":[135.0243591,35.6875338]},"properties":{"id":"jinja_n5475020532","name":"朝日神社","prefecture":null,"family":"unknown","ai":false}},{"type":"Feature","geometry":{"type":"Point","coordinates":[135.0271246,35.683737]},"properties":{"id":"jinja_n5477073932","name":"網野神社","prefecture":null,"family":"unknown","ai":true}},{"type":"Feature","geometry":{"type":"Point","coordinates":[135.0274594,35.683464]},"properties":{"id":"jinja_n5477075833","name":"立脇神社","prefecture":null,"family":"unknown","ai":false}},{"type":"Feature","geometry":{"type":"Point","coordinates":[135.2576039,35.732546]},"properties":{"id":"jinja_n5479750636","name":"三柱神社","prefecture":null,"family":"unknown","ai":false}},{"type":"Feature","geometry":{"type":"Point","coordinates":[135.6992911,35.0165764]},"properties":{"id":"jinja_n5502437723","name":"垂箕山大明神","prefecture":null,"family":"unknown","ai":false}},{"type":"Feature","geometry":{"type":"Point","coordinates":[135.6980275,34.9907953]},"properties":{"id":"jinja_n5508616521","name":"上桂御霊神社","prefecture":null,"family":"unknown","ai":false}},{"type":"Feature","geometry":{"type":"Point","coordinates":[135.7596894,34.9302382]},"properties":{"id":"jinja_n5613101628","name":null,"prefecture":null,"family":"unknown","ai":false}},{"type":"Feature","geometry":{"type":"Point","coordinates":[135.7616806,34.8433299]},"properties":{"id":"jinja_n5666621301","name":"水主神社","prefecture":"京都府","family":"unknown","ai":true}},{"type":"Feature","geometry":{"type":"Point","coordinates":[135.7002192,34.981618]},"properties":{"id":"jinja_n5683761427","name":"春日神社","prefecture":null,"family":"kasuga","ai":false}},{"type":"Feature","geometry":{"type":"Point","coordinates":[135.7203685,34.9598144]},"properties":{"id":"jinja_n5783077955","name":"木下神社","prefecture":null,"family":"unknown","ai":false}},{"type":"Feature","geometry":{"type":"Point","coordinates":[135.9119368,34.8069558]},"properties":{"id":"jinja_n5872670530","name":"熊野神社","prefecture":null,"family":"kumano","ai":false}},{"type":"Feature","geometry":{"type":"Point","coordinates":[135.9120926,34.8070064]},"properties":{"id":"jinja_n5872670531","name":"梅の宮神社","prefecture":null,"family":"unknown","ai":false}},{"type":"Feature","geometry":{"type":"Point","coordinates":[135.8722403,34.7566484]},"properties":{"id":"jinja_n5893974107","name":"子守神社","prefecture":null,"family":"unknown","ai":false}},{"type":"Feature","geometry":{"type":"Point","coordinates":[135.8709934,34.7566939]},"properties":{"id":"jinja_n5893975094","name":"春日若宮社 恵比須神社","prefecture":null,"family":"kasuga","ai":false}},{"type":"Feature","geometry":{"type":"Point","coordinates":[135.1926872,35.5336777]},"properties":{"id":"jinja_n5906795420","name":"大久保稲荷神社","prefecture":null,"family":"inari","ai":false}},{"type":"Feature","geometry":{"type":"Point","coordinates":[135.1879773,35.5402125]},"properties":{"id":"jinja_n5914083460","name":"山王宮日吉神社","prefecture":null,"family":"hie_sanno","ai":true}},{"type":"Feature","geometry":{"type":"Point","coordinates":[135.8651558,34.8533511]},"properties":{"id":"jinja_n5917763287","name":"三宮神社","prefecture":null,"family":"unknown","ai":false}},{"type":"Feature","geometry":{"type":"Point","coordinates":[135.8491144,34.8501845]},"properties":{"id":"jinja_n5919986610","name":"三社御旅所","prefecture":null,"family":"unknown","ai":false}},{"type":"Feature","geometry":{"type":"Point","coordinates":[135.2109691,35.5529242]},"properties":{"id":"jinja_n5920357539","name":"高津日神社","prefecture":null,"family":"unknown","ai":false}},{"type":"Feature","geometry":{"type":"Point","coordinates":[135.5215183,35.1987138]},"properties":{"id":"jinja_n6052069386","name":"多治神社","prefecture":null,"family":"hie_sanno","ai":true}},{"type":"Feature","geometry":{"type":"Point","coordinates":[135.674626,34.9752321]},"properties":{"id":"jinja_n6057288169","name":"三ノ宮神社","prefecture":null,"family":"unknown","ai":false}},{"type":"Feature","geometry":{"type":"Point","coordinates":[135.6701709,34.9762101]},"properties":{"id":"jinja_n6057289414","name":"兒子神社","prefecture":null,"family":"unknown","ai":false}},{"type":"Feature","geometry":{"type":"Point","coordinates":[135.6872983,34.9760542]},"properties":{"id":"jinja_n6057289418","name":"三ノ宮神社","prefecture":null,"family":"unknown","ai":false}},{"type":"Feature","geometry":{"type":"Point","coordinates":[135.5507706,35.0329606]},"properties":{"id":"jinja_n6065212890","name":"夜苗神社","prefecture":null,"family":"unknown","ai":false}},{"type":"Feature","geometry":{"type":"Point","coordinates":[135.7462685,35.0074164]},"properties":{"id":"jinja_n6139885422","name":"日清大明神","prefecture":null,"family":"unknown","ai":false}},{"type":"Feature","geometry":{"type":"Point","coordinates":[135.7462468,35.007417]},"properties":{"id":"jinja_n6139885423","name":"七石大明神","prefecture":null,"family":"unknown","ai":false}},{"type":"Feature","geometry":{"type":"Point","coordinates":[135.7462239,35.0074171]},"properties":{"id":"jinja_n6139885424","name":"太郎松大明神","prefecture":null,"family":"unknown","ai":false}},{"type":"Feature","geometry":{"type":"Point","coordinates":[134.9008749,35.6458938]},"properties":{"id":"jinja_n6158286364","name":"廣峯神社","prefecture":null,"family":"unknown","ai":false}},{"type":"Feature","geometry":{"type":"Point","coordinates":[134.9027587,35.6433405]},"properties":{"id":"jinja_n6158382877","name":"蛭児神社","prefecture":null,"family":"unknown","ai":false}},{"type":"Feature","geometry":{"type":"Point","coordinates":[134.906723,35.6428447]},"properties":{"id":"jinja_n6158573551","name":"早尾神社","prefecture":null,"family":"unknown","ai":false}},{"type":"Feature","geometry":{"type":"Point","coordinates":[135.7239472,35.0019877]},"properties":{"id":"jinja_n6187337773","name":"西院野々宮神社","prefecture":null,"family":"unknown","ai":false}},{"type":"Feature","geometry":{"type":"Point","coordinates":[135.7280855,35.0301842]},"properties":{"id":"jinja_n6329848304","name":null,"prefecture":null,"family":"unknown","ai":false}},{"type":"Feature","geometry":{"type":"Point","coordinates":[135.7380692,34.882699]},"properties":{"id":"jinja_n6342819704","name":"荒見神社","prefecture":null,"family":"unknown","ai":false}},{"type":"Feature","geometry":{"type":"Point","coordinates":[135.9417769,34.7593212]},"properties":{"id":"jinja_n6342820521","name":"弁財天","prefecture":null,"family":"unknown","ai":false}},{"type":"Feature","geometry":{"type":"Point","coordinates":[135.7331915,35.0181143]},"properties":{"id":"jinja_n6377197927","name":null,"prefecture":null,"family":"unknown","ai":false}},{"type":"Feature","geometry":{"type":"Point","coordinates":[135.7805121,34.9655242]},"properties":{"id":"jinja_n6397775923","name":"弘法々瀧","prefecture":"京都府","family":"unknown","ai":false}},{"type":"Feature","geometry":{"type":"Point","coordinates":[135.771135,34.8355523]},"properties":{"id":"jinja_n6437864853","name":"阿弥陀寺","prefecture":null,"family":"unknown","ai":false}},{"type":"Feature","geometry":{"type":"Point","coordinates":[135.7637608,34.8386676]},"properties":{"id":"jinja_n6437864869","name":"法念寺","prefecture":"京都府","family":"unknown","ai":false}},{"type":"Feature","geometry":{"type":"Point","coordinates":[135.7718798,34.8355037]},"properties":{"id":"jinja_n6437864924","name":"天満神社","prefecture":null,"family":"tenjin","ai":false}},{"type":"Feature","geometry":{"type":"Point","coordinates":[135.7183706,34.9009096]},"properties":{"id":"jinja_n6438084736","name":"淀新町天満宮","prefecture":null,"family":"tenjin","ai":false}},{"type":"Feature","geometry":{"type":"Point","coordinates":[135.774606,34.8366013]},"properties":{"id":"jinja_n6439863477","name":"若王子稲荷","prefecture":null,"family":"inari","ai":false}},{"type":"Feature","geometry":{"type":"Point","coordinates":[135.0467583,35.7013913]},"properties":{"id":"jinja_n6501765407","name":"白滝神社","prefecture":null,"family":"unknown","ai":false}},{"type":"Feature","geometry":{"type":"Point","coordinates":[135.7648031,35.0962405]},"properties":{"id":"jinja_n6514741464","name":null,"prefecture":null,"family":"unknown","ai":false}},{"type":"Feature","geometry":{"type":"Point","coordinates":[135.7652796,35.0962484]},"properties":{"id":"jinja_n6514741465","name":null,"prefecture":null,"family":"unknown","ai":false}},{"type":"Feature","geometry":{"type":"Point","coordinates":[135.6097775,35.0142605]},"properties":{"id":"jinja_n6552148385","name":"桑田神社","prefecture":null,"family":"munakata","ai":true}},{"type":"Feature","geometry":{"type":"Point","coordinates":[135.7646886,34.8390861]},"properties":{"id":"jinja_n6557453886","name":"金毘羅宮","prefecture":"京都府","family":"unknown","ai":false}},{"type":"Feature","geometry":{"type":"Point","coordinates":[135.0915443,35.5024799]},"properties":{"id":"jinja_n6615924244","name":"天満宮","prefecture":null,"family":"tenjin","ai":false}},{"type":"Feature","geometry":{"type":"Point","coordinates":[135.7737957,34.968522]},"properties":{"id":"jinja_n6633078806","name":"産場大神","prefecture":null,"family":"unknown","ai":false}},{"type":"Feature","geometry":{"type":"Point","coordinates":[135.1070702,35.3038893]},"properties":{"id":"jinja_n6984174518","name":"武神社","prefecture":null,"family":"unknown","ai":false}},{"type":"Feature","geometry":{"type":"Point","coordinates":[135.125759,35.2992715]},"properties":{"id":"jinja_n6984187227","name":"森吉稲荷神社","prefecture":null,"family":"inari","ai":false}},{"type":"Feature","geometry":{"type":"Point","coordinates":[135.1236895,35.30353]},"properties":{"id":"jinja_n6986465894","name":"吉森神社","prefecture":null,"family":"unknown","ai":false}},{"type":"Feature","geometry":{"type":"Point","coordinates":[135.1184755,35.3001687]},"properties":{"id":"jinja_n6986465909","name":"道官稲荷神社","prefecture":null,"family":"inari","ai":false}},{"type":"Feature","geometry":{"type":"Point","coordinates":[135.1226807,35.3059658]},"properties":{"id":"jinja_n6986472002","name":"金刀比羅神社","prefecture":null,"family":"konpira","ai":false}},{"type":"Feature","geometry":{"type":"Point","coordinates":[135.1146283,35.3036886]},"properties":{"id":"jinja_n6989044790","name":"聖神社","prefecture":null,"family":"unknown","ai":false}},{"type":"Feature","geometry":{"type":"Point","coordinates":[135.1146152,35.3069536]},"properties":{"id":"jinja_n6989073286","name":"神明神社","prefecture":null,"family":"shinmei_ise","ai":false}},{"type":"Feature","geometry":{"type":"Point","coordinates":[135.1359047,35.2856451]},"properties":{"id":"jinja_n6989125987","name":"稲荷神社","prefecture":null,"family":"inari","ai":false}},{"type":"Feature","geometry":{"type":"Point","coordinates":[135.1489424,35.5516142]},"properties":{"id":"jinja_n6991653389","name":"大川神社","prefecture":null,"family":"unknown","ai":false}},{"type":"Feature","geometry":{"type":"Point","coordinates":[135.7073788,34.9895238]},"properties":{"id":"jinja_n7082512910","name":"三之宮神社","prefecture":null,"family":"unknown","ai":false}},{"type":"Feature","geometry":{"type":"Point","coordinates":[135.6776421,34.9096315]},"properties":{"id":"jinja_n7098509197","name":null,"prefecture":null,"family":"unknown","ai":false}},{"type":"Feature","geometry":{"type":"Point","coordinates":[135.7588265,34.9947059]},"properties":{"id":"jinja_n7103677487","name":"尚徳諏訪神社","prefecture":null,"family":"suwa","ai":false}},{"type":"Feature","geometry":{"type":"Point","coordinates":[135.7566209,34.9987136]},"properties":{"id":"jinja_n7104436785","name":"道祖神社","prefecture":null,"family":"unknown","ai":false}},{"type":"Feature","geometry":{"type":"Point","coordinates":[135.7185494,34.9744731]},"properties":{"id":"jinja_n7135762302","name":"楠赤手拭稲荷大明神","prefecture":null,"family":"inari","ai":false}},{"type":"Feature","geometry":{"type":"Point","coordinates":[134.8830999,35.6484008]},"properties":{"id":"jinja_n7140725505","name":null,"prefecture":null,"family":"unknown","ai":false}},{"type":"Feature","geometry":{"type":"Point","coordinates":[134.883348,35.6542091]},"properties":{"id":"jinja_n7140744037","name":"旭神社","prefecture":null,"family":"unknown","ai":false}},{"type":"Feature","geometry":{"type":"Point","coordinates":[134.8835801,35.6542113]},"properties":{"id":"jinja_n7140745867","name":null,"prefecture":null,"family":"unknown","ai":false}},{"type":"Feature","geometry":{"type":"Point","coordinates":[134.8815134,35.6487789]},"properties":{"id":"jinja_n7140758193","name":"八坂神社","prefecture":null,"family":"gion_yasaka","ai":false}},{"type":"Feature","geometry":{"type":"Point","coordinates":[135.8009086,34.8391385]},"properties":{"id":"jinja_n7156674925","name":"旦椋神社","prefecture":null,"family":"unknown","ai":false}},{"type":"Feature","geometry":{"type":"Point","coordinates":[135.7931438,34.8400434]},"properties":{"id":"jinja_n7156674928","name":"浄土宗大蓮寺","prefecture":null,"family":"unknown","ai":false}},{"type":"Feature","geometry":{"type":"Point","coordinates":[135.0838928,35.736905]},"properties":{"id":"jinja_n7168919979","name":"三嶋神社水天宮","prefecture":null,"family":"unknown","ai":false}},{"type":"Feature","geometry":{"type":"Point","coordinates":[135.1016959,35.7412723]},"properties":{"id":"jinja_n7169059081","name":"水無月神社","prefecture":null,"family":"unknown","ai":false}},{"type":"Feature","geometry":{"type":"Point","coordinates":[135.0806782,35.5490409]},"properties":{"id":"jinja_n7201443394","name":"冨持神社","prefecture":null,"family":"unknown","ai":true}},{"type":"Feature","geometry":{"type":"Point","coordinates":[135.757346,34.875867]},"properties":{"id":"jinja_n7252145318","name":"雙栗神社","prefecture":"京都府","family":"unknown","ai":true}},{"type":"Feature","geometry":{"type":"Point","coordinates":[135.6764496,35.0114274]},"properties":{"id":"jinja_n7273698130","name":"櫟谷神社","prefecture":null,"family":"munakata","ai":true}},{"type":"Feature","geometry":{"type":"Point","coordinates":[135.7486068,34.8563215]},"properties":{"id":"jinja_n7273775017","name":"石田神社","prefecture":null,"family":"unknown","ai":false}},{"type":"Feature","geometry":{"type":"Point","coordinates":[135.7159925,34.9638941]},"properties":{"id":"jinja_n7385165200","name":"綾戸國中神社","prefecture":null,"family":"unknown","ai":true}},{"type":"Feature","geometry":{"type":"Point","coordinates":[135.0702685,35.5576556]},"properties":{"id":"jinja_n7444972876","name":"天神神社","prefecture":null,"family":"tenjin","ai":true}},{"type":"Feature","geometry":{"type":"Point","coordinates":[135.7182877,34.9009348]},"properties":{"id":"jinja_n7463455112","name":"稲荷大明神","prefecture":null,"family":"inari","ai":false}},{"type":"Feature","geometry":{"type":"Point","coordinates":[135.718313,34.9009222]},"properties":{"id":"jinja_n7463455113","name":"弁財天","prefecture":null,"family":"unknown","ai":false}},{"type":"Feature","geometry":{"type":"Point","coordinates":[135.1475058,35.4525938]},"properties":{"id":"jinja_n7684769574","name":"美多良志荒神","prefecture":null,"family":"unknown","ai":false}},{"type":"Feature","geometry":{"type":"Point","coordinates":[135.0629704,35.6275278]},"properties":{"id":"jinja_n7757222106","name":"須賀神社","prefecture":null,"family":"unknown","ai":false}},{"type":"Feature","geometry":{"type":"Point","coordinates":[135.0451498,35.6204362]},"properties":{"id":"jinja_n7790577705","name":"稲代神社・吉原神社","prefecture":null,"family":"unknown","ai":false}},{"type":"Feature","geometry":{"type":"Point","coordinates":[135.0289365,35.5926553]},"properties":{"id":"jinja_n7790577782","name":"比沼麻奈為神社本殿","prefecture":null,"family":"unknown","ai":true}},{"type":"Feature","geometry":{"type":"Point","coordinates":[135.1018568,35.5912113]},"properties":{"id":"jinja_n7790578299","name":"大宮賣神社","prefecture":null,"family":"unknown","ai":true}},{"type":"Feature","geometry":{"type":"Point","coordinates":[135.0878802,35.6203101]},"properties":{"id":"jinja_n7790578320","name":"波弥神社","prefecture":null,"family":"unknown","ai":false}},{"type":"Feature","geometry":{"type":"Point","coordinates":[135.0843244,35.6313746]},"properties":{"id":"jinja_n7790578334","name":"名木神社","prefecture":null,"family":"unknown","ai":false}},{"type":"Feature","geometry":{"type":"Point","coordinates":[135.0794215,35.6355094]},"properties":{"id":"jinja_n7790578342","name":"多久神社","prefecture":null,"family":"unknown","ai":true}},{"type":"Feature","geometry":{"type":"Point","coordinates":[135.0736404,35.6418653]},"properties":{"id":"jinja_n7790578355","name":"矢田神社","prefecture":null,"family":"unknown","ai":false}},{"type":"Feature","geometry":{"type":"Point","coordinates":[135.7048815,35.0712926]},"properties":{"id":"jinja_n7851563751","name":null,"prefecture":null,"family":"unknown","ai":false}},{"type":"Feature","geometry":{"type":"Point","coordinates":[135.0554359,35.6307327]},"properties":{"id":"jinja_n7888464175","name":"金峰神社","prefecture":null,"family":"unknown","ai":false}},{"type":"Feature","geometry":{"type":"Point","coordinates":[135.0641631,35.6173569]},"properties":{"id":"jinja_n7921044252","name":"愛宕神社","prefecture":null,"family":"atago","ai":false}},{"type":"Feature","geometry":{"type":"Point","coordinates":[135.2853817,35.6740975]},"properties":{"id":"jinja_n7921759785","name":"八坂神社","prefecture":null,"family":"gion_yasaka","ai":false}},{"type":"Feature","geometry":{"type":"Point","coordinates":[135.0318338,35.6930556]},"properties":{"id":"jinja_n7940849594","name":"八幡神社","prefecture":null,"family":"hachiman","ai":false}},{"type":"Feature","geometry":{"type":"Point","coordinates":[135.1918381,35.5394023]},"properties":{"id":"jinja_n7943645585","name":"住吉神社","prefecture":null,"family":"sumiyoshi","ai":false}},{"type":"Feature","geometry":{"type":"Point","coordinates":[136.0266158,34.7617042]},"properties":{"id":"jinja_n8049002686","name":"六所神社","prefecture":null,"family":"unknown","ai":true}},{"type":"Feature","geometry":{"type":"Point","coordinates":[135.8746757,34.7511879]},"properties":{"id":"jinja_n8150884554","name":null,"prefecture":null,"family":"unknown","ai":false}},{"type":"Feature","geometry":{"type":"Point","coordinates":[135.8293498,35.261715]},"properties":{"id":"jinja_n8282920722","name":"神明神社","prefecture":null,"family":"shinmei_ise","ai":false}},{"type":"Feature","geometry":{"type":"Point","coordinates":[135.0201166,35.6739883]},"properties":{"id":"jinja_n8335353205","name":"尾崎神社","prefecture":null,"family":"unknown","ai":false}},{"type":"Feature","geometry":{"type":"Point","coordinates":[135.9419512,34.7530698]},"properties":{"id":"jinja_n8505734758","name":"稲荷社","prefecture":null,"family":"inari","ai":false}},{"type":"Feature","geometry":{"type":"Point","coordinates":[135.7473807,35.0361412]},"properties":{"id":"jinja_n8541054363","name":"櫟谷七野神社","prefecture":null,"family":"unknown","ai":false}},{"type":"Feature","geometry":{"type":"Point","coordinates":[135.8595673,34.7720238]},"properties":{"id":"jinja_n8595648168","name":"加茂神社","prefecture":null,"family":"unknown","ai":false}},{"type":"Feature","geometry":{"type":"Point","coordinates":[135.2000747,35.7643538]},"properties":{"id":"jinja_n8622231802","name":"間主神社","prefecture":null,"family":"unknown","ai":false}},{"type":"Feature","geometry":{"type":"Point","coordinates":[135.4472154,35.5798048]},"properties":{"id":"jinja_n8643772331","name":"鳴生神社","prefecture":null,"family":"unknown","ai":false}},{"type":"Feature","geometry":{"type":"Point","coordinates":[135.2205285,35.6120108]},"properties":{"id":"jinja_n8644963114","name":"若田神社","prefecture":null,"family":"unknown","ai":false}},{"type":"Feature","geometry":{"type":"Point","coordinates":[135.0274551,35.6833722]},"properties":{"id":"jinja_n8889506983","name":"蚕織神社","prefecture":null,"family":"unknown","ai":false}},{"type":"Feature","geometry":{"type":"Point","coordinates":[135.8323441,35.1208443]},"properties":{"id":"jinja_n8920814608","name":"服部神社","prefecture":null,"family":"unknown","ai":false}},{"type":"Feature","geometry":{"type":"Point","coordinates":[135.481307,35.1018649]},"properties":{"id":"jinja_n9208828172","name":"春日神社","prefecture":null,"family":"kasuga","ai":false}},{"type":"Feature","geometry":{"type":"Point","coordinates":[135.7840541,35.0746258]},"properties":{"id":"jinja_n9349828705","name":"山住神社","prefecture":null,"family":"unknown","ai":false}},{"type":"Feature","geometry":{"type":"Point","coordinates":[135.9283238,34.7570581]},"properties":{"id":"jinja_n9420090853","name":"阿蘇滝弁財天","prefecture":null,"family":"unknown","ai":false}},{"type":"Feature","geometry":{"type":"Point","coordinates":[135.6902505,34.9716275]},"properties":{"id":"jinja_n9444816110","name":"樫原三ノ宮天満宮","prefecture":null,"family":"tenjin","ai":false}},{"type":"Feature","geometry":{"type":"Point","coordinates":[135.4520568,35.5664336]},"properties":{"id":"jinja_n9517499604","name":"田井八幡神社","prefecture":null,"family":"hachiman","ai":false}},{"type":"Feature","geometry":{"type":"Point","coordinates":[135.4537459,35.5663768]},"properties":{"id":"jinja_n9517499605","name":"下宮神社","prefecture":null,"family":"unknown","ai":false}},{"type":"Feature","geometry":{"type":"Point","coordinates":[135.8144501,34.7658822]},"properties":{"id":"jinja_n9596566905","name":"春日神社","prefecture":null,"family":"kasuga","ai":false}},{"type":"Feature","geometry":{"type":"Point","coordinates":[135.7180586,34.8883581]},"properties":{"id":"jinja_n9687821367","name":"若宮八幡宮","prefecture":null,"family":"hachiman","ai":false}},{"type":"Feature","geometry":{"type":"Point","coordinates":[135.1048945,35.5878147]},"properties":{"id":"jinja_n9770013954","name":"名所賀稲荷神社","prefecture":null,"family":"inari","ai":true}},{"type":"Feature","geometry":{"type":"Point","coordinates":[135.0908062,35.5821106]},"properties":{"id":"jinja_n9770014023","name":"大野神社","prefecture":null,"family":"unknown","ai":false}},{"type":"Feature","geometry":{"type":"Point","coordinates":[135.4270932,35.0891222]},"properties":{"id":"jinja_n10092618767","name":"摩氣神社","prefecture":"京都府","family":"unknown","ai":true}},{"type":"Feature","geometry":{"type":"Point","coordinates":[135.440701,35.0903897]},"properties":{"id":"jinja_n10092618768","name":"菅原神社","prefecture":"京都府","family":"unknown","ai":false}},{"type":"Feature","geometry":{"type":"Point","coordinates":[135.4435206,35.0937597]},"properties":{"id":"jinja_n10092618769","name":"八幡宮","prefecture":"京都府","family":"hachiman","ai":false}},{"type":"Feature","geometry":{"type":"Point","coordinates":[135.4454727,35.0969882]},"properties":{"id":"jinja_n10092618770","name":"八幡宮","prefecture":"京都府","family":"hachiman","ai":false}},{"type":"Feature","geometry":{"type":"Point","coordinates":[135.4405287,35.10171]},"properties":{"id":"jinja_n10092618771","name":"八幡宮","prefecture":"京都府","family":"hachiman","ai":false}},{"type":"Feature","geometry":{"type":"Point","coordinates":[135.4320378,35.0967083]},"properties":{"id":"jinja_n10092618772","name":"蛭子神社","prefecture":"京都府","family":"unknown","ai":false}},{"type":"Feature","geometry":{"type":"Point","coordinates":[135.458407,35.1051719]},"properties":{"id":"jinja_n10092618773","name":"三輪神社","prefecture":"京都府","family":"unknown","ai":false}},{"type":"Feature","geometry":{"type":"Point","coordinates":[135.4602311,35.1098145]},"properties":{"id":"jinja_n10092618774","name":"若宮神社","prefecture":"京都府","family":"unknown","ai":false}},{"type":"Feature","geometry":{"type":"Point","coordinates":[135.4656357,35.0987842]},"properties":{"id":"jinja_n10092618775","name":"加茂神社","prefecture":"京都府","family":"unknown","ai":false}},{"type":"Feature","geometry":{"type":"Point","coordinates":[135.4568159,35.0982836]},"properties":{"id":"jinja_n10092618776","name":"大森神社","prefecture":"京都府","family":"unknown","ai":false}},{"type":"Feature","geometry":{"type":"Point","coordinates":[135.4473771,35.1142104]},"properties":{"id":"jinja_n10092618777","name":"熊野神社","prefecture":"京都府","family":"kumano","ai":false}},{"type":"Feature","geometry":{"type":"Point","coordinates":[135.4128501,35.1269052]},"properties":{"id":"jinja_n10092618778","name":"葛城神社","prefecture":"京都府","family":"unknown","ai":false}},{"type":"Feature","geometry":{"type":"Point","coordinates":[135.4636998,35.0555742]},"properties":{"id":"jinja_n10092618779","name":"薮田神社","prefecture":"京都府","family":"unknown","ai":false}},{"type":"Feature","geometry":{"type":"Point","coordinates":[135.4726713,35.0795911]},"properties":{"id":"jinja_n10092618780","name":"春日神社","prefecture":"京都府","family":"kasuga","ai":false}},{"type":"Feature","geometry":{"type":"Point","coordinates":[135.4606358,35.0844363]},"properties":{"id":"jinja_n10092618781","name":"吉備津神社(吉備神社)","prefecture":"京都府","family":"unknown","ai":false}},{"type":"Feature","geometry":{"type":"Point","coordinates":[135.481956,35.0746903]},"properties":{"id":"jinja_n10092618782","name":"鏡神社","prefecture":"京都府","family":"unknown","ai":false}},{"type":"Feature","geometry":{"type":"Point","coordinates":[135.7896128,35.1112367]},"properties":{"id":"jinja_n10173910616","name":"静原神社","prefecture":null,"family":"unknown","ai":false}},{"type":"Feature","geometry":{"type":"Point","coordinates":[135.7601064,35.0002441]},"properties":{"id":"jinja_n10220906902","name":"匂天神社","prefecture":null,"family":"tenjin","ai":false}},{"type":"Feature","geometry":{"type":"Point","coordinates":[135.6887855,34.9360355]},"properties":{"id":"jinja_n10284055223","name":"鎮守八幡社","prefecture":null,"family":"hachiman","ai":false}},{"type":"Feature","geometry":{"type":"Point","coordinates":[135.7906988,34.7399459]},"properties":{"id":"jinja_n10293909519","name":null,"prefecture":null,"family":"unknown","ai":false}},{"type":"Feature","geometry":{"type":"Point","coordinates":[135.937762,34.7620019]},"properties":{"id":"jinja_n10304576684","name":"三神宮","prefecture":null,"family":"unknown","ai":false}},{"type":"Feature","geometry":{"type":"Point","coordinates":[135.1133209,35.5164776]},"properties":{"id":"jinja_n10555790569","name":"須代神社茗荷神田","prefecture":null,"family":"unknown","ai":false}},{"type":"Feature","geometry":{"type":"Point","coordinates":[135.1537942,35.5072791]},"properties":{"id":"jinja_n10564209454","name":"不動明王","prefecture":null,"family":"unknown","ai":false}},{"type":"Feature","geometry":{"type":"Point","coordinates":[135.2076738,35.5396721]},"properties":{"id":"jinja_n10569461034","name":"稲荷神社","prefecture":null,"family":"inari","ai":false}},{"type":"Feature","geometry":{"type":"Point","coordinates":[135.3502992,35.4834629]},"properties":{"id":"jinja_n10583728436","name":null,"prefecture":null,"family":"unknown","ai":false}},{"type":"Feature","geometry":{"type":"Point","coordinates":[135.3621777,35.4864578]},"properties":{"id":"jinja_n10583729192","name":"十二月栗","prefecture":null,"family":"unknown","ai":false}},{"type":"Feature","geometry":{"type":"Point","coordinates":[135.3654272,35.4803735]},"properties":{"id":"jinja_n10583729218","name":null,"prefecture":null,"family":"unknown","ai":false}},{"type":"Feature","geometry":{"type":"Point","coordinates":[135.7935229,34.7401358]},"properties":{"id":"jinja_n10584528737","name":null,"prefecture":null,"family":"unknown","ai":false}},{"type":"Feature","geometry":{"type":"Point","coordinates":[135.8487115,34.7223842]},"properties":{"id":"jinja_n10584528859","name":null,"prefecture":null,"family":"unknown","ai":false}},{"type":"Feature","geometry":{"type":"Point","coordinates":[135.8280722,34.7341527]},"properties":{"id":"jinja_n10584528942","name":null,"prefecture":null,"family":"unknown","ai":false}},{"type":"Feature","geometry":{"type":"Point","coordinates":[135.4143316,35.4852266]},"properties":{"id":"jinja_n10586734366","name":null,"prefecture":null,"family":"unknown","ai":false}},{"type":"Feature","geometry":{"type":"Point","coordinates":[135.410901,35.4861176]},"properties":{"id":"jinja_n10586734368","name":null,"prefecture":null,"family":"unknown","ai":false}},{"type":"Feature","geometry":{"type":"Point","coordinates":[135.409519,35.4874209]},"properties":{"id":"jinja_n10586734369","name":null,"prefecture":null,"family":"unknown","ai":false}},{"type":"Feature","geometry":{"type":"Point","coordinates":[135.8616087,34.7382446]},"properties":{"id":"jinja_n10596459223","name":null,"prefecture":null,"family":"unknown","ai":false}},{"type":"Feature","geometry":{"type":"Point","coordinates":[135.1262006,35.3718207]},"properties":{"id":"jinja_n10605669903","name":null,"prefecture":null,"family":"unknown","ai":false}},{"type":"Feature","geometry":{"type":"Point","coordinates":[135.1516836,35.397098]},"properties":{"id":"jinja_n10607952458","name":null,"prefecture":null,"family":"unknown","ai":false}},{"type":"Feature","geometry":{"type":"Point","coordinates":[135.1495425,35.4032492]},"properties":{"id":"jinja_n10607976001","name":null,"prefecture":null,"family":"unknown","ai":false}},{"type":"Feature","geometry":{"type":"Point","coordinates":[135.1709979,35.3954049]},"properties":{"id":"jinja_n10607976450","name":null,"prefecture":null,"family":"unknown","ai":false}},{"type":"Feature","geometry":{"type":"Point","coordinates":[135.1445791,35.3922096]},"properties":{"id":"jinja_n10607977994","name":null,"prefecture":null,"family":"unknown","ai":false}},{"type":"Feature","geometry":{"type":"Point","coordinates":[135.1695022,35.4967574]},"properties":{"id":"jinja_n10620363474","name":null,"prefecture":null,"family":"unknown","ai":false}},{"type":"Feature","geometry":{"type":"Point","coordinates":[135.1831211,35.5092255]},"properties":{"id":"jinja_n10620363475","name":null,"prefecture":null,"family":"unknown","ai":false}},{"type":"Feature","geometry":{"type":"Point","coordinates":[135.1677674,35.471732]},"properties":{"id":"jinja_n10620414609","name":null,"prefecture":null,"family":"unknown","ai":false}},{"type":"Feature","geometry":{"type":"Point","coordinates":[135.1899299,35.5108193]},"properties":{"id":"jinja_n10620416006","name":null,"prefecture":null,"family":"unknown","ai":false}},{"type":"Feature","geometry":{"type":"Point","coordinates":[135.1611847,35.4950716]},"properties":{"id":"jinja_n10620416007","name":null,"prefecture":null,"family":"unknown","ai":false}},{"type":"Feature","geometry":{"type":"Point","coordinates":[135.1853031,35.5076147]},"properties":{"id":"jinja_n10620416209","name":null,"prefecture":null,"family":"unknown","ai":false}},{"type":"Feature","geometry":{"type":"Point","coordinates":[135.2048993,35.5317155]},"properties":{"id":"jinja_n10632889336","name":null,"prefecture":null,"family":"unknown","ai":false}},{"type":"Feature","geometry":{"type":"Point","coordinates":[135.1849866,35.5281662]},"properties":{"id":"jinja_n10632889338","name":null,"prefecture":null,"family":"unknown","ai":false}},{"type":"Feature","geometry":{"type":"Point","coordinates":[135.1917645,35.5345781]},"properties":{"id":"jinja_n10632889339","name":null,"prefecture":null,"family":"unknown","ai":false}},{"type":"Feature","geometry":{"type":"Point","coordinates":[135.1954807,35.5227372]},"properties":{"id":"jinja_n10632890459","name":null,"prefecture":null,"family":"unknown","ai":false}},{"type":"Feature","geometry":{"type":"Point","coordinates":[135.1965476,35.5255473]},"properties":{"id":"jinja_n10632890931","name":null,"prefecture":null,"family":"unknown","ai":false}},{"type":"Feature","geometry":{"type":"Point","coordinates":[135.2347255,35.5559667]},"properties":{"id":"jinja_n10648800804","name":null,"prefecture":null,"family":"unknown","ai":false}},{"type":"Feature","geometry":{"type":"Point","coordinates":[135.2350768,35.5451023]},"properties":{"id":"jinja_n10648824837","name":null,"prefecture":null,"family":"unknown","ai":false}},{"type":"Feature","geometry":{"type":"Point","coordinates":[135.2918418,35.5126446]},"properties":{"id":"jinja_n10651789618","name":null,"prefecture":null,"family":"unknown","ai":false}},{"type":"Feature","geometry":{"type":"Point","coordinates":[135.2717561,35.5242239]},"properties":{"id":"jinja_n10651789713","name":null,"prefecture":null,"family":"unknown","ai":false}},{"type":"Feature","geometry":{"type":"Point","coordinates":[135.2707717,35.5236912]},"properties":{"id":"jinja_n10651789714","name":null,"prefecture":null,"family":"unknown","ai":false}},{"type":"Feature","geometry":{"type":"Point","coordinates":[135.2714704,35.5206601]},"properties":{"id":"jinja_n10651789718","name":null,"prefecture":null,"family":"unknown","ai":false}},{"type":"Feature","geometry":{"type":"Point","coordinates":[135.2426058,35.5638568]},"properties":{"id":"jinja_n10651830806","name":null,"prefecture":null,"family":"unknown","ai":false}},{"type":"Feature","geometry":{"type":"Point","coordinates":[135.2435151,35.5637259]},"properties":{"id":"jinja_n10651830807","name":null,"prefecture":null,"family":"unknown","ai":false}},{"type":"Feature","geometry":{"type":"Point","coordinates":[135.2841559,35.4671145]},"properties":{"id":"jinja_n10664130780","name":null,"prefecture":null,"family":"unknown","ai":false}},{"type":"Feature","geometry":{"type":"Point","coordinates":[135.2908185,35.4753552]},"properties":{"id":"jinja_n10664130789","name":null,"prefecture":null,"family":"unknown","ai":false}},{"type":"Feature","geometry":{"type":"Point","coordinates":[135.2941364,35.5021292]},"properties":{"id":"jinja_n10664138422","name":null,"prefecture":null,"family":"unknown","ai":false}},{"type":"Feature","geometry":{"type":"Point","coordinates":[135.2909902,35.4929031]},"properties":{"id":"jinja_n10664138426","name":null,"prefecture":null,"family":"unknown","ai":false}},{"type":"Feature","geometry":{"type":"Point","coordinates":[135.2764606,35.4753132]},"properties":{"id":"jinja_n10664138502","name":null,"prefecture":null,"family":"unknown","ai":false}},{"type":"Feature","geometry":{"type":"Point","coordinates":[135.2837355,35.4995596]},"properties":{"id":"jinja_n10664138798","name":null,"prefecture":null,"family":"unknown","ai":false}},{"type":"Feature","geometry":{"type":"Point","coordinates":[135.2992272,35.5106883]},"properties":{"id":"jinja_n10664291928","name":null,"prefecture":null,"family":"unknown","ai":false}},{"type":"Feature","geometry":{"type":"Point","coordinates":[135.2679983,35.4449692]},"properties":{"id":"jinja_n10673277362","name":null,"prefecture":null,"family":"unknown","ai":false}},{"type":"Feature","geometry":{"type":"Point","coordinates":[135.2713926,35.4655908]},"properties":{"id":"jinja_n10673277363","name":null,"prefecture":null,"family":"unknown","ai":false}},{"type":"Feature","geometry":{"type":"Point","coordinates":[135.2911565,35.4641217]},"properties":{"id":"jinja_n10673282659","name":null,"prefecture":null,"family":"unknown","ai":false}},{"type":"Feature","geometry":{"type":"Point","coordinates":[135.2587205,35.4479824]},"properties":{"id":"jinja_n10673282782","name":"大川神社","prefecture":null,"family":"unknown","ai":true}},{"type":"Feature","geometry":{"type":"Point","coordinates":[135.2749398,35.4612052]},"properties":{"id":"jinja_n10673282849","name":null,"prefecture":null,"family":"unknown","ai":false}},{"type":"Feature","geometry":{"type":"Point","coordinates":[135.2918512,35.4479802]},"properties":{"id":"jinja_n10673283274","name":null,"prefecture":null,"family":"unknown","ai":false}},{"type":"Feature","geometry":{"type":"Point","coordinates":[134.8977891,35.6012522]},"properties":{"id":"jinja_n10676318066","name":null,"prefecture":null,"family":"unknown","ai":false}},{"type":"Feature","geometry":{"type":"Point","coordinates":[134.9029241,35.6044253]},"properties":{"id":"jinja_n10676318067","name":null,"prefecture":null,"family":"unknown","ai":false}},{"type":"Feature","geometry":{"type":"Point","coordinates":[134.8842171,35.5848569]},"properties":{"id":"jinja_n10676319252","name":null,"prefecture":null,"family":"unknown","ai":false}},{"type":"Feature","geometry":{"type":"Point","coordinates":[134.9187699,35.6177725]},"properties":{"id":"jinja_n10680925882","name":null,"prefecture":null,"family":"unknown","ai":false}},{"type":"Feature","geometry":{"type":"Point","coordinates":[134.9300768,35.6262043]},"properties":{"id":"jinja_n10680925897","name":null,"prefecture":null,"family":"unknown","ai":false}},{"type":"Feature","geometry":{"type":"Point","coordinates":[135.7986561,35.0490272]},"properties":{"id":"jinja_n10684933270","name":"豊稲荷神社","prefecture":null,"family":"inari","ai":false}},{"type":"Feature","geometry":{"type":"Point","coordinates":[134.9647464,35.6717159]},"properties":{"id":"jinja_n10686011287","name":null,"prefecture":null,"family":"unknown","ai":false}},{"type":"Feature","geometry":{"type":"Point","coordinates":[134.9644151,35.6722582]},"properties":{"id":"jinja_n10686011292","name":null,"prefecture":null,"family":"unknown","ai":false}},{"type":"Feature","geometry":{"type":"Point","coordinates":[134.985956,35.656503]},"properties":{"id":"jinja_n10686024376","name":null,"prefecture":null,"family":"unknown","ai":false}},{"type":"Feature","geometry":{"type":"Point","coordinates":[134.9894857,35.6580089]},"properties":{"id":"jinja_n10686024389","name":null,"prefecture":null,"family":"unknown","ai":false}},{"type":"Feature","geometry":{"type":"Point","coordinates":[134.9611214,35.6479158]},"properties":{"id":"jinja_n10686024415","name":null,"prefecture":null,"family":"unknown","ai":false}},{"type":"Feature","geometry":{"type":"Point","coordinates":[134.9716102,35.6538506]},"properties":{"id":"jinja_n10686024417","name":null,"prefecture":null,"family":"unknown","ai":false}},{"type":"Feature","geometry":{"type":"Point","coordinates":[134.9774104,35.6485326]},"properties":{"id":"jinja_n10686024419","name":null,"prefecture":null,"family":"unknown","ai":false}},{"type":"Feature","geometry":{"type":"Point","coordinates":[134.9792196,35.6532905]},"properties":{"id":"jinja_n10686024443","name":null,"prefecture":null,"family":"unknown","ai":false}},{"type":"Feature","geometry":{"type":"Point","coordinates":[135.0171789,35.6754999]},"properties":{"id":"jinja_n10686025295","name":null,"prefecture":null,"family":"unknown","ai":false}},{"type":"Feature","geometry":{"type":"Point","coordinates":[135.0180942,35.6604116]},"properties":{"id":"jinja_n10686026185","name":null,"prefecture":null,"family":"unknown","ai":false}},{"type":"Feature","geometry":{"type":"Point","coordinates":[135.0931008,35.6024964]},"properties":{"id":"jinja_n10695012189","name":null,"prefecture":null,"family":"unknown","ai":false}},{"type":"Feature","geometry":{"type":"Point","coordinates":[135.0897326,35.6082702]},"properties":{"id":"jinja_n10695012607","name":null,"prefecture":null,"family":"unknown","ai":false}},{"type":"Feature","geometry":{"type":"Point","coordinates":[135.0895965,35.6093952]},"properties":{"id":"jinja_n10695012608","name":null,"prefecture":null,"family":"unknown","ai":false}},{"type":"Feature","geometry":{"type":"Point","coordinates":[135.0901866,35.5698775]},"properties":{"id":"jinja_n10699635119","name":null,"prefecture":null,"family":"unknown","ai":false}},{"type":"Feature","geometry":{"type":"Point","coordinates":[135.0949475,35.5628018]},"properties":{"id":"jinja_n10699635270","name":null,"prefecture":null,"family":"unknown","ai":false}},{"type":"Feature","geometry":{"type":"Point","coordinates":[135.1139456,35.5682139]},"properties":{"id":"jinja_n10699635279","name":null,"prefecture":null,"family":"unknown","ai":false}},{"type":"Feature","geometry":{"type":"Point","coordinates":[135.1337296,35.538748]},"properties":{"id":"jinja_n10699635677","name":null,"prefecture":null,"family":"unknown","ai":false}},{"type":"Feature","geometry":{"type":"Point","coordinates":[135.1057219,35.5344679]},"properties":{"id":"jinja_n10699635678","name":null,"prefecture":null,"family":"unknown","ai":false}},{"type":"Feature","geometry":{"type":"Point","coordinates":[135.1097774,35.5369234]},"properties":{"id":"jinja_n10699635679","name":null,"prefecture":null,"family":"unknown","ai":false}},{"type":"Feature","geometry":{"type":"Point","coordinates":[135.1135352,35.5397455]},"properties":{"id":"jinja_n10699635680","name":null,"prefecture":null,"family":"unknown","ai":false}},{"type":"Feature","geometry":{"type":"Point","coordinates":[135.1224911,35.5453064]},"properties":{"id":"jinja_n10699635681","name":null,"prefecture":null,"family":"unknown","ai":false}},{"type":"Feature","geometry":{"type":"Point","coordinates":[135.1365003,35.544632]},"properties":{"id":"jinja_n10699635682","name":null,"prefecture":null,"family":"unknown","ai":false}},{"type":"Feature","geometry":{"type":"Point","coordinates":[135.1283652,35.5467697]},"properties":{"id":"jinja_n10699635683","name":null,"prefecture":null,"family":"unknown","ai":false}},{"type":"Feature","geometry":{"type":"Point","coordinates":[135.6263719,35.0455584]},"properties":{"id":"jinja_n10700865521","name":"清和天皇社","prefecture":null,"family":"unknown","ai":false}},{"type":"Feature","geometry":{"type":"Point","coordinates":[135.1512625,35.5473322]},"properties":{"id":"jinja_n10704454926","name":null,"prefecture":null,"family":"unknown","ai":false}},{"type":"Feature","geometry":{"type":"Point","coordinates":[135.7886084,35.0168396]},"properties":{"id":"jinja_n10744658643","name":"お社","prefecture":null,"family":"unknown","ai":false}},{"type":"Feature","geometry":{"type":"Point","coordinates":[135.4285924,35.5708441]},"properties":{"id":"jinja_n10757365225","name":"若宮神社","prefecture":null,"family":"unknown","ai":false}},{"type":"Feature","geometry":{"type":"Point","coordinates":[135.4293704,35.5701975]},"properties":{"id":"jinja_n10757365268","name":"荒神社","prefecture":null,"family":"unknown","ai":false}},{"type":"Feature","geometry":{"type":"Point","coordinates":[135.4305858,35.5693838]},"properties":{"id":"jinja_n10757365297","name":"天満神社","prefecture":null,"family":"tenjin","ai":false}},{"type":"Feature","geometry":{"type":"Point","coordinates":[135.4490172,35.5804578]},"properties":{"id":"jinja_n10757429720","name":"三柱神社","prefecture":null,"family":"unknown","ai":false}},{"type":"Feature","geometry":{"type":"Point","coordinates":[135.4521928,35.5670735]},"properties":{"id":"jinja_n10757429743","name":"天満神社","prefecture":null,"family":"tenjin","ai":false}},{"type":"Feature","geometry":{"type":"Point","coordinates":[135.4650032,35.5644533]},"properties":{"id":"jinja_n10757429748","name":"天照皇太神宮","prefecture":null,"family":"unknown","ai":false}},{"type":"Feature","geometry":{"type":"Point","coordinates":[135.4679803,35.5606317]},"properties":{"id":"jinja_n10757429755","name":null,"prefecture":null,"family":"unknown","ai":false}},{"type":"Feature","geometry":{"type":"Point","coordinates":[135.4008153,35.5609991]},"properties":{"id":"jinja_n10757429764","name":"小橋神社","prefecture":null,"family":"unknown","ai":false}},{"type":"Feature","geometry":{"type":"Point","coordinates":[135.3979557,35.5589153]},"properties":{"id":"jinja_n10757429765","name":null,"prefecture":null,"family":"unknown","ai":false}},{"type":"Feature","geometry":{"type":"Point","coordinates":[135.4177712,35.5331768]},"properties":{"id":"jinja_n10757458471","name":"熊野神社","prefecture":null,"family":"kumano","ai":false}},{"type":"Feature","geometry":{"type":"Point","coordinates":[135.4032109,35.5123494]},"properties":{"id":"jinja_n10757458484","name":"中田神社","prefecture":null,"family":"unknown","ai":false}},{"type":"Feature","geometry":{"type":"Point","coordinates":[135.3492495,35.54197]},"properties":{"id":"jinja_n10757468556","name":"八幡神社","prefecture":null,"family":"hachiman","ai":false}},{"type":"Feature","geometry":{"type":"Point","coordinates":[135.7173209,35.3090258]},"properties":{"id":"jinja_n10759528686","name":"芦生神社","prefecture":null,"family":"unknown","ai":false}},{"type":"Feature","geometry":{"type":"Point","coordinates":[135.6976251,35.29485]},"properties":{"id":"jinja_n10760274105","name":"八幡宮","prefecture":null,"family":"hachiman","ai":false}},{"type":"Feature","geometry":{"type":"Point","coordinates":[135.6958894,35.2817821]},"properties":{"id":"jinja_n10760274158","name":"八幡宮","prefecture":null,"family":"hachiman","ai":false}},{"type":"Feature","geometry":{"type":"Point","coordinates":[135.7776954,35.2201467]},"properties":{"id":"jinja_n10760299695","name":"春日神社","prefecture":null,"family":"kasuga","ai":false}},{"type":"Feature","geometry":{"type":"Point","coordinates":[135.4436355,35.3683077]},"properties":{"id":"jinja_n10763848748","name":"坂尾呂神社","prefecture":null,"family":"unknown","ai":false}},{"type":"Feature","geometry":{"type":"Point","coordinates":[135.4228325,35.3791397]},"properties":{"id":"jinja_n10763848750","name":null,"prefecture":null,"family":"unknown","ai":false}},{"type":"Feature","geometry":{"type":"Point","coordinates":[135.392888,35.3583034]},"properties":{"id":"jinja_n10763848751","name":null,"prefecture":null,"family":"unknown","ai":false}},{"type":"Feature","geometry":{"type":"Point","coordinates":[135.7740236,34.9672832]},"properties":{"id":"jinja_n11017955705","name":"奥宮","prefecture":null,"family":"unknown","ai":false}},{"type":"Feature","geometry":{"type":"Point","coordinates":[135.8204741,34.7596223]},"properties":{"id":"jinja_n11040202030","name":null,"prefecture":null,"family":"unknown","ai":false}},{"type":"Feature","geometry":{"type":"Point","coordinates":[135.2463532,35.670667]},"properties":{"id":"jinja_n11054744853","name":null,"prefecture":null,"family":"unknown","ai":false}},{"type":"Feature","geometry":{"type":"Point","coordinates":[135.7309953,34.8452086]},"properties":{"id":"jinja_n11074796550","name":null,"prefecture":null,"family":"unknown","ai":false}},{"type":"Feature","geometry":{"type":"Point","coordinates":[135.6916451,34.8705369]},"properties":{"id":"jinja_n11074928180","name":null,"prefecture":null,"family":"unknown","ai":false}},{"type":"Feature","geometry":{"type":"Point","coordinates":[135.6890769,34.8742812]},"properties":{"id":"jinja_n11074928192","name":null,"prefecture":null,"family":"unknown","ai":false}},{"type":"Feature","geometry":{"type":"Point","coordinates":[135.0035298,35.3212006]},"properties":{"id":"jinja_n11075009108","name":null,"prefecture":null,"family":"unknown","ai":false}},{"type":"Feature","geometry":{"type":"Point","coordinates":[135.7023713,34.8731638]},"properties":{"id":"jinja_n11075056419","name":null,"prefecture":null,"family":"unknown","ai":false}},{"type":"Feature","geometry":{"type":"Point","coordinates":[135.7341282,35.1893622]},"properties":{"id":"jinja_n11076890964","name":"太神神社","prefecture":null,"family":"unknown","ai":false}},{"type":"Feature","geometry":{"type":"Point","coordinates":[135.7397555,35.2079527]},"properties":{"id":"jinja_n11077836781","name":"春日神社","prefecture":null,"family":"kasuga","ai":false}},{"type":"Feature","geometry":{"type":"Point","coordinates":[135.736216,35.2067147]},"properties":{"id":"jinja_n11077836782","name":null,"prefecture":null,"family":"unknown","ai":false}},{"type":"Feature","geometry":{"type":"Point","coordinates":[135.7348113,35.2062562]},"properties":{"id":"jinja_n11077836783","name":null,"prefecture":null,"family":"unknown","ai":false}},{"type":"Feature","geometry":{"type":"Point","coordinates":[135.720945,35.2058227]},"properties":{"id":"jinja_n11077840922","name":"日吉神社","prefecture":null,"family":"hie_sanno","ai":false}},{"type":"Feature","geometry":{"type":"Point","coordinates":[135.7183348,35.2034051]},"properties":{"id":"jinja_n11077840931","name":"黒田八十八稲荷神社","prefecture":null,"family":"inari","ai":false}},{"type":"Feature","geometry":{"type":"Point","coordinates":[135.8553013,34.7546909]},"properties":{"id":"jinja_n11169174866","name":"勝手神社・春日神社","prefecture":null,"family":"kasuga","ai":false}},{"type":"Feature","geometry":{"type":"Point","coordinates":[135.8554475,34.7596899]},"properties":{"id":"jinja_n11169174867","name":"河原恵美寿神社","prefecture":null,"family":"unknown","ai":false}},{"type":"Feature","geometry":{"type":"Point","coordinates":[135.9145823,34.7663442]},"properties":{"id":"jinja_n11185299364","name":"熊野神社","prefecture":null,"family":"kumano","ai":false}},{"type":"Feature","geometry":{"type":"Point","coordinates":[135.8658444,34.7728418]},"properties":{"id":"jinja_n11185345364","name":"四宮神社","prefecture":null,"family":"unknown","ai":false}},{"type":"Feature","geometry":{"type":"Point","coordinates":[135.8771338,34.7673864]},"properties":{"id":"jinja_n11185345366","name":"春日神社","prefecture":null,"family":"kasuga","ai":false}},{"type":"Feature","geometry":{"type":"Point","coordinates":[135.9304522,34.770957]},"properties":{"id":"jinja_n11185345374","name":"浅間神社","prefecture":null,"family":"unknown","ai":false}},{"type":"Feature","geometry":{"type":"Point","coordinates":[135.8558887,34.7366229]},"properties":{"id":"jinja_n11190321596","name":"天王社","prefecture":null,"family":"unknown","ai":false}},{"type":"Feature","geometry":{"type":"Point","coordinates":[135.7856978,35.0228595]},"properties":{"id":"jinja_n11272994330","name":"宗忠神社","prefecture":null,"family":"unknown","ai":false}},{"type":"Feature","geometry":{"type":"Point","coordinates":[135.0868419,35.7362932]},"properties":{"id":"jinja_n11307826710","name":"三柱神社","prefecture":null,"family":"unknown","ai":false}},{"type":"Feature","geometry":{"type":"Point","coordinates":[135.7810505,35.0083529]},"properties":{"id":"jinja_n11311364405","name":null,"prefecture":null,"family":"unknown","ai":false}},{"type":"Feature","geometry":{"type":"Point","coordinates":[135.7719493,34.9998934]},"properties":{"id":"jinja_n11510511721","name":"小松天満宮","prefecture":null,"family":"tenjin","ai":false}},{"type":"Feature","geometry":{"type":"Point","coordinates":[135.7719228,34.9998927]},"properties":{"id":"jinja_n11510515660","name":"白太大社","prefecture":null,"family":"unknown","ai":false}},{"type":"Feature","geometry":{"type":"Point","coordinates":[135.7717577,34.9999125]},"properties":{"id":"jinja_n11510536810","name":"八幡神社","prefecture":null,"family":"hachiman","ai":false}},{"type":"Feature","geometry":{"type":"Point","coordinates":[135.7717608,34.9999222]},"properties":{"id":"jinja_n11510536811","name":"猿田彦神社","prefecture":null,"family":"unknown","ai":false}},{"type":"Feature","geometry":{"type":"Point","coordinates":[135.77179,34.9999423]},"properties":{"id":"jinja_n11510536812","name":"岩本稲荷神社","prefecture":null,"family":"inari","ai":false}},{"type":"Feature","geometry":{"type":"Point","coordinates":[135.7717668,34.9999428]},"properties":{"id":"jinja_n11510536813","name":null,"prefecture":null,"family":"unknown","ai":false}},{"type":"Feature","geometry":{"type":"Point","coordinates":[135.7954848,35.0047369]},"properties":{"id":"jinja_n11664340481","name":"伊勢神宮遥拝所","prefecture":null,"family":"unknown","ai":false}},{"type":"Feature","geometry":{"type":"Point","coordinates":[135.7074024,35.0103898]},"properties":{"id":"jinja_n11710443762","name":"市川神社","prefecture":null,"family":"unknown","ai":false}},{"type":"Feature","geometry":{"type":"Point","coordinates":[135.7044374,35.0135757]},"properties":{"id":"jinja_n11710466340","name":"三吉稲荷神社","prefecture":null,"family":"inari","ai":false}},{"type":"Feature","geometry":{"type":"Point","coordinates":[135.8058609,34.8910631]},"properties":{"id":"jinja_n12032310215","name":"織姫神社","prefecture":null,"family":"unknown","ai":true}},{"type":"Feature","geometry":{"type":"Point","coordinates":[135.7503976,35.0015019]},"properties":{"id":"jinja_n12105507672","name":"天堂神社","prefecture":null,"family":"unknown","ai":false}},{"type":"Feature","geometry":{"type":"Point","coordinates":[135.7358655,34.9880196]},"properties":{"id":"jinja_n12105512539","name":"松尾神社御旅所","prefecture":null,"family":"unknown","ai":false}},{"type":"Feature","geometry":{"type":"Point","coordinates":[135.7503681,34.9995705]},"properties":{"id":"jinja_n12105537545","name":null,"prefecture":null,"family":"unknown","ai":false}},{"type":"Feature","geometry":{"type":"Point","coordinates":[135.7549888,34.9986645]},"properties":{"id":"jinja_n12105619608","name":"五條天神宮","prefecture":null,"family":"tenjin","ai":true}},{"type":"Feature","geometry":{"type":"Point","coordinates":[135.7581237,35.0279291]},"properties":{"id":"jinja_n12105653296","name":"福長神社","prefecture":null,"family":"unknown","ai":true}},{"type":"Feature","geometry":{"type":"Point","coordinates":[135.046717,35.281619]},"properties":{"id":"jinja_n12105764691","name":"島田神社","prefecture":null,"family":"unknown","ai":false}},{"type":"Feature","geometry":{"type":"Point","coordinates":[134.9492488,35.6528897]},"properties":{"id":"jinja_n12383606270","name":null,"prefecture":null,"family":"unknown","ai":false}},{"type":"Feature","geometry":{"type":"Point","coordinates":[135.744721,35.0078034]},"properties":{"id":"jinja_n12423546663","name":null,"prefecture":null,"family":"unknown","ai":false}},{"type":"Feature","geometry":{"type":"Point","coordinates":[135.7756444,35.1179694]},"properties":{"id":"jinja_n12428178450","name":null,"prefecture":null,"family":"unknown","ai":false}},{"type":"Feature","geometry":{"type":"Point","coordinates":[135.7626276,34.9939803]},"properties":{"id":"jinja_n12462518495","name":"高市大明神","prefecture":null,"family":"unknown","ai":false}},{"type":"Feature","geometry":{"type":"Point","coordinates":[135.7573498,35.0005366]},"properties":{"id":"jinja_n12522656847","name":"繁昌宮","prefecture":null,"family":"unknown","ai":false}},{"type":"Feature","geometry":{"type":"Point","coordinates":[135.5475622,35.0080999]},"properties":{"id":"jinja_n12737456902","name":null,"prefecture":null,"family":"unknown","ai":false}},{"type":"Feature","geometry":{"type":"Point","coordinates":[135.7605102,35.0041365]},"properties":{"id":"jinja_n12749813618","name":"メノコト神社","prefecture":null,"family":"unknown","ai":false}},{"type":"Feature","geometry":{"type":"Point","coordinates":[135.7680693,35.0090339]},"properties":{"id":"jinja_n12768004922","name":"辨天堂","prefecture":null,"family":"unknown","ai":false}},{"type":"Feature","geometry":{"type":"Point","coordinates":[135.763124,34.9982523]},"properties":{"id":"jinja_n12801552780","name":"命婦稲荷社","prefecture":null,"family":"inari","ai":false}},{"type":"Feature","geometry":{"type":"Point","coordinates":[135.0716844,35.37784]},"properties":{"id":"jinja_n12918190099","name":"熊野神社","prefecture":null,"family":"kumano","ai":false}},{"type":"Feature","geometry":{"type":"Point","coordinates":[135.7769281,34.965889]},"properties":{"id":"jinja_n12934718498","name":"天壤社","prefecture":null,"family":"unknown","ai":false}},{"type":"Feature","geometry":{"type":"Point","coordinates":[135.7727793,34.8213324]},"properties":{"id":"jinja_n12944201898","name":null,"prefecture":null,"family":"unknown","ai":false}},{"type":"Feature","geometry":{"type":"Point","coordinates":[135.89347,34.7316064]},"properties":{"id":"jinja_n12994083504","name":"シンゲンさん(浅間神社)","prefecture":null,"family":"unknown","ai":false}},{"type":"Feature","geometry":{"type":"Point","coordinates":[135.050439,35.6825977]},"properties":{"id":"jinja_n13031437389","name":"春日神社","prefecture":null,"family":"kasuga","ai":false}},{"type":"Feature","geometry":{"type":"Point","coordinates":[135.7616464,34.992694]},"properties":{"id":"jinja_n13176446005","name":"文子天満宮","prefecture":null,"family":"tenjin","ai":true}},{"type":"Feature","geometry":{"type":"Point","coordinates":[135.7617523,34.9927356]},"properties":{"id":"jinja_n13176447165","name":"白瀧稲荷大明神","prefecture":null,"family":"inari","ai":false}},{"type":"Feature","geometry":{"type":"Point","coordinates":[135.7761113,35.0049464]},"properties":{"id":"jinja_n13266200615","name":null,"prefecture":null,"family":"unknown","ai":false}},{"type":"Feature","geometry":{"type":"Point","coordinates":[135.723598,35.0097648]},"properties":{"id":"jinja_n13340500264","name":"山王神社","prefecture":null,"family":"hie_sanno","ai":false}},{"type":"Feature","geometry":{"type":"Point","coordinates":[135.7304648,34.9489746]},"properties":{"id":"jinja_n13357068408","name":"粟島神社","prefecture":null,"family":"unknown","ai":false}},{"type":"Feature","geometry":{"type":"Point","coordinates":[135.7303427,34.9489208]},"properties":{"id":"jinja_n13357068409","name":"住吉神社","prefecture":null,"family":"sumiyoshi","ai":false}},{"type":"Feature","geometry":{"type":"Point","coordinates":[135.730512,34.9487693]},"properties":{"id":"jinja_n13357068410","name":"稲荷神社","prefecture":null,"family":"inari","ai":false}},{"type":"Feature","geometry":{"type":"Point","coordinates":[135.7961453,34.8834661]},"properties":{"id":"jinja_n13367889680","name":"野神社","prefecture":null,"family":"unknown","ai":false}},{"type":"Feature","geometry":{"type":"Point","coordinates":[135.8109672,34.8904137]},"properties":{"id":"jinja_n13367906470","name":"白龍大神社","prefecture":null,"family":"unknown","ai":false}},{"type":"Feature","geometry":{"type":"Point","coordinates":[135.4850572,35.1140727]},"properties":{"id":"jinja_n13589131447","name":"琴平宮","prefecture":null,"family":"konpira","ai":false}},{"type":"Feature","geometry":{"type":"Point","coordinates":[135.4064612,35.0545449]},"properties":{"id":"jinja_n13591941835","name":"大山祇神社","prefecture":null,"family":"gion_yasaka","ai":true}},{"type":"Feature","geometry":{"type":"Point","coordinates":[135.4446432,35.0716929]},"properties":{"id":"jinja_n13591985261","name":"秋葉神社","prefecture":null,"family":"akiba","ai":false}},{"type":"Feature","geometry":{"type":"Point","coordinates":[135.5650501,35.2392676]},"properties":{"id":"jinja_n13605061172","name":null,"prefecture":null,"family":"unknown","ai":false}},{"type":"Feature","geometry":{"type":"Point","coordinates":[135.5099064,35.1519603]},"properties":{"id":"jinja_n13607143996","name":"天稚神社","prefecture":null,"family":"unknown","ai":false}},{"type":"Feature","geometry":{"type":"Point","coordinates":[135.4856233,35.1254761]},"properties":{"id":"jinja_n13611363590","name":"朝倉神社","prefecture":null,"family":"unknown","ai":false}},{"type":"Feature","geometry":{"type":"Point","coordinates":[135.7273492,35.3017182]},"properties":{"id":"jinja_n13617885173","name":"灰野神社","prefecture":null,"family":"unknown","ai":false}},{"type":"Feature","geometry":{"type":"Point","coordinates":[135.4790629,35.1063678]},"properties":{"id":"jinja_n13619118668","name":"岩波稲荷大明神","prefecture":null,"family":"inari","ai":false}},{"type":"Feature","geometry":{"type":"Point","coordinates":[135.7582484,35.0012287]},"properties":{"id":"jinja_n13624170648","name":"三ツ森稲荷","prefecture":null,"family":"inari","ai":false}},{"type":"Feature","geometry":{"type":"Point","coordinates":[135.2464471,35.4942426]},"properties":{"id":"jinja_n13787011475","name":"白髭神社","prefecture":null,"family":"unknown","ai":false}},{"type":"Feature","geometry":{"type":"Point","coordinates":[135.514292,35.1576332]},"properties":{"id":"jinja_n13869871776","name":"笛吹神社","prefecture":null,"family":"unknown","ai":false}},{"type":"Feature","geometry":{"type":"Point","coordinates":[135.7723519,34.9913418]},"properties":{"id":"jinja_w31844031","name":"豊国神社","prefecture":null,"family":"unknown","ai":true}},{"type":"Feature","geometry":{"type":"Point","coordinates":[135.6971226,34.9439273]},"properties":{"id":"jinja_w48434848","name":"向日神社 (Muko Jinja)","prefecture":null,"family":"unknown","ai":false}},{"type":"Feature","geometry":{"type":"Point","coordinates":[135.7525539,35.0603405]},"properties":{"id":"jinja_w98106482","name":"上賀茂神社","prefecture":null,"family":"unknown","ai":true}},{"type":"Feature","geometry":{"type":"Point","coordinates":[135.7727345,35.0369731]},"properties":{"id":"jinja_w98106488","name":"下鴨神社","prefecture":null,"family":"unknown","ai":false}},{"type":"Feature","geometry":{"type":"Point","coordinates":[135.7325114,35.032364]},"properties":{"id":"jinja_w98106492","name":"平野神社","prefecture":null,"family":"unknown","ai":true}},{"type":"Feature","geometry":{"type":"Point","coordinates":[135.3980013,35.473918]},"properties":{"id":"jinja_w98576840","name":"舞鶴浜神社","prefecture":null,"family":"unknown","ai":false}},{"type":"Feature","geometry":{"type":"Point","coordinates":[135.7317334,35.034673]},"properties":{"id":"jinja_w103420932","name":null,"prefecture":null,"family":"unknown","ai":false}},{"type":"Feature","geometry":{"type":"Point","coordinates":[135.7728632,34.9671448]},"properties":{"id":"jinja_w105449674","name":"外拝殿","prefecture":null,"family":"unknown","ai":false}},{"type":"Feature","geometry":{"type":"Point","coordinates":[135.7731951,34.9671613]},"properties":{"id":"jinja_w105449716","name":"内拝殿","prefecture":null,"family":"unknown","ai":false}},{"type":"Feature","geometry":{"type":"Point","coordinates":[135.7479914,35.0520761]},"properties":{"id":"jinja_w116697355","name":"久我神社","prefecture":null,"family":"unknown","ai":true}},{"type":"Feature","geometry":{"type":"Point","coordinates":[135.7378422,35.0526707]},"properties":{"id":"jinja_w116697368","name":"八坂神社","prefecture":null,"family":"gion_yasaka","ai":false}},{"type":"Feature","geometry":{"type":"Point","coordinates":[135.7250195,35.0300087]},"properties":{"id":"jinja_w140813751","name":"六請神社","prefecture":null,"family":"unknown","ai":false}},{"type":"Feature","geometry":{"type":"Point","coordinates":[135.7423487,35.0585872]},"properties":{"id":"jinja_w156792223","name":"大将軍神社","prefecture":null,"family":"unknown","ai":true}},{"type":"Feature","geometry":{"type":"Point","coordinates":[135.7469976,35.0502441]},"properties":{"id":"jinja_w159586479","name":"貴船神社","prefecture":null,"family":"unknown","ai":false}},{"type":"Feature","geometry":{"type":"Point","coordinates":[135.7536446,34.9868624]},"properties":{"id":"jinja_w188463145","name":"道祖神社","prefecture":null,"family":"unknown","ai":false}},{"type":"Feature","geometry":{"type":"Point","coordinates":[135.7029949,34.9370278]},"properties":{"id":"jinja_w201216843","name":"妙見宮","prefecture":null,"family":"unknown","ai":false}},{"type":"Feature","geometry":{"type":"Point","coordinates":[135.7036342,34.9362682]},"properties":{"id":"jinja_w201237554","name":"向日神社 御旅所","prefecture":null,"family":"unknown","ai":false}},{"type":"Feature","geometry":{"type":"Point","coordinates":[135.7071388,34.9479921]},"properties":{"id":"jinja_w202752784","name":"天満宮","prefecture":null,"family":"tenjin","ai":false}},{"type":"Feature","geometry":{"type":"Point","coordinates":[135.6955387,34.9559523]},"properties":{"id":"jinja_w204761392","name":"千代櫻 天満宮","prefecture":null,"family":"tenjin","ai":false}},{"type":"Feature","geometry":{"type":"Point","coordinates":[135.767114,35.0035714]},"properties":{"id":"jinja_w205749016","name":"冠者殿","prefecture":null,"family":"unknown","ai":false}},{"type":"Feature","geometry":{"type":"Point","coordinates":[135.7673741,35.0035847]},"properties":{"id":"jinja_w205749054","name":"八坂神社御旅所","prefecture":null,"family":"gion_yasaka","ai":false}},{"type":"Feature","geometry":{"type":"Point","coordinates":[135.7697598,35.0062847]},"properties":{"id":"jinja_w205863195","name":"土佐稲荷","prefecture":null,"family":"inari","ai":false}},{"type":"Feature","geometry":{"type":"Point","coordinates":[135.7078072,34.9445932]},"properties":{"id":"jinja_w207822957","name":null,"prefecture":null,"family":"unknown","ai":false}},{"type":"Feature","geometry":{"type":"Point","coordinates":[135.7005195,34.9541026]},"properties":{"id":"jinja_w212727371","name":"天満宮","prefecture":null,"family":"tenjin","ai":false}},{"type":"Feature","geometry":{"type":"Point","coordinates":[135.6987146,34.9517626]},"properties":{"id":"jinja_w214762181","name":null,"prefecture":null,"family":"unknown","ai":false}},{"type":"Feature","geometry":{"type":"Point","coordinates":[135.7764159,34.9324786]},"properties":{"id":"jinja_w221944176","name":null,"prefecture":null,"family":"unknown","ai":false}},{"type":"Feature","geometry":{"type":"Point","coordinates":[135.7761549,34.9323116]},"properties":{"id":"jinja_w221944197","name":null,"prefecture":null,"family":"unknown","ai":false}},{"type":"Feature","geometry":{"type":"Point","coordinates":[135.9965629,34.773584]},"properties":{"id":"jinja_w240751345","name":"国津神社","prefecture":null,"family":"unknown","ai":false}},{"type":"Feature","geometry":{"type":"Point","coordinates":[135.7815448,35.0105453]},"properties":{"id":"jinja_w267433456","name":"三谷稲荷","prefecture":null,"family":"inari","ai":false}},{"type":"Feature","geometry":{"type":"Point","coordinates":[135.8061077,35.0628546]},"properties":{"id":"jinja_w276898817","name":"御影神社","prefecture":null,"family":"unknown","ai":false}},{"type":"Feature","geometry":{"type":"Point","coordinates":[135.7985618,34.9267627]},"properties":{"id":"jinja_w279530312","name":"許波多神社","prefecture":null,"family":"unknown","ai":false}},{"type":"Feature","geometry":{"type":"Point","coordinates":[135.7558421,35.0504646]},"properties":{"id":"jinja_w281324054","name":"石井神社","prefecture":null,"family":"unknown","ai":false}},{"type":"Feature","geometry":{"type":"Point","coordinates":[135.7785372,35.0106171]},"properties":{"id":"jinja_w289533663","name":"満足稲荷神社","prefecture":null,"family":"inari","ai":true}},{"type":"Feature","geometry":{"type":"Point","coordinates":[135.7647157,34.9939876]},"properties":{"id":"jinja_w290655576","name":"市比賣神社","prefecture":null,"family":"unknown","ai":false}},{"type":"Feature","geometry":{"type":"Point","coordinates":[135.7999812,34.7365723]},"properties":{"id":"jinja_w293435573","name":"相楽神社","prefecture":null,"family":"unknown","ai":false}},{"type":"Feature","geometry":{"type":"Point","coordinates":[135.7740347,34.9673854]},"properties":{"id":"jinja_w301527731","name":"白狐社","prefecture":null,"family":"unknown","ai":false}},{"type":"Feature","geometry":{"type":"Point","coordinates":[135.7755817,34.9665319]},"properties":{"id":"jinja_w301527734","name":"奥社奉拝所","prefecture":null,"family":"unknown","ai":false}},{"type":"Feature","geometry":{"type":"Point","coordinates":[135.7835391,34.9695105]},"properties":{"id":"jinja_w301554315","name":"御膳谷奉拝所","prefecture":null,"family":"unknown","ai":false}},{"type":"Feature","geometry":{"type":"Point","coordinates":[135.7737239,34.9675241]},"properties":{"id":"jinja_w305214364","name":"両宮社","prefecture":null,"family":"unknown","ai":false}},{"type":"Feature","geometry":{"type":"Point","coordinates":[135.7738069,34.9674453]},"properties":{"id":"jinja_w305214602","name":"玉山稲荷社","prefecture":null,"family":"inari","ai":true}},{"type":"Feature","geometry":{"type":"Point","coordinates":[135.7840975,35.009783]},"properties":{"id":"jinja_w306342707","name":"合槌稲荷大明神","prefecture":null,"family":"inari","ai":true}},{"type":"Feature","geometry":{"type":"Point","coordinates":[135.7963111,35.0157338]},"properties":{"id":"jinja_w316011118","name":"本殿","prefecture":null,"family":"unknown","ai":false}},{"type":"Feature","geometry":{"type":"Point","coordinates":[135.7961881,35.015717]},"properties":{"id":"jinja_w316011161","name":"恵比須殿","prefecture":null,"family":"unknown","ai":false}},{"type":"Feature","geometry":{"type":"Point","coordinates":[135.7964615,35.0156657]},"properties":{"id":"jinja_w316011164","name":null,"prefecture":null,"family":"unknown","ai":false}},{"type":"Feature","geometry":{"type":"Point","coordinates":[135.7961879,35.0156681]},"properties":{"id":"jinja_w316011169","name":"熊野若王子神社","prefecture":null,"family":"kumano","ai":true}},{"type":"Feature","geometry":{"type":"Point","coordinates":[135.7714962,35.1162396]},"properties":{"id":"jinja_w319198861","name":"由岐神社","prefecture":null,"family":"unknown","ai":true}},{"type":"Feature","geometry":{"type":"Point","coordinates":[135.6741649,35.0177545]},"properties":{"id":"jinja_w319336312","name":"野宮神社","prefecture":null,"family":"shinmei_ise","ai":true}},{"type":"Feature","geometry":{"type":"Point","coordinates":[135.675703,35.0160805]},"properties":{"id":"jinja_w319572908","name":"弁財天","prefecture":null,"family":"unknown","ai":false}},{"type":"Feature","geometry":{"type":"Point","coordinates":[135.7780435,35.0177095]},"properties":{"id":"jinja_w327569236","name":"熊野神社","prefecture":null,"family":"kumano","ai":true}},{"type":"Feature","geometry":{"type":"Point","coordinates":[135.7817366,35.017563]},"properties":{"id":"jinja_w327572443","name":"御辰稲荷神社","prefecture":null,"family":"inari","ai":false}},{"type":"Feature","geometry":{"type":"Point","coordinates":[135.778387,35.0034854]},"properties":{"id":"jinja_w328903218","name":"八坂神社","prefecture":null,"family":"gion_yasaka","ai":true}},{"type":"Feature","geometry":{"type":"Point","coordinates":[135.8114973,34.8920436]},"properties":{"id":"jinja_w332816179","name":"宇治上神社","prefecture":null,"family":"hachiman","ai":true}},{"type":"Feature","geometry":{"type":"Point","coordinates":[135.8104621,34.8908801]},"properties":{"id":"jinja_w332821521","name":"宇治神社","prefecture":null,"family":"unknown","ai":true}},{"type":"Feature","geometry":{"type":"Point","coordinates":[135.809256,34.89165]},"properties":{"id":"jinja_w333260074","name":"末多武利神社","prefecture":null,"family":"unknown","ai":true}},{"type":"Feature","geometry":{"type":"Point","coordinates":[135.7997355,34.76199]},"properties":{"id":"jinja_w333937544","name":"若宮神社","prefecture":null,"family":"unknown","ai":false}},{"type":"Feature","geometry":{"type":"Point","coordinates":[135.7850463,34.9953078]},"properties":{"id":"jinja_w339277293","name":"栗光稲荷大神","prefecture":null,"family":"inari","ai":false}},{"type":"Feature","geometry":{"type":"Point","coordinates":[135.7849639,34.9951735]},"properties":{"id":"jinja_w339352245","name":"地主神社","prefecture":null,"family":"gion_yasaka","ai":true}},{"type":"Feature","geometry":{"type":"Point","coordinates":[135.7742087,34.9685288]},"properties":{"id":"jinja_w342404366","name":"伏見稲荷本教間力教会","prefecture":null,"family":"inari","ai":false}},{"type":"Feature","geometry":{"type":"Point","coordinates":[135.7629968,35.1218145]},"properties":{"id":"jinja_w343853160","name":"貴船神社","prefecture":null,"family":"unknown","ai":true}},{"type":"Feature","geometry":{"type":"Point","coordinates":[135.7642076,35.1256898]},"properties":{"id":"jinja_w343901105","name":"結社","prefecture":null,"family":"unknown","ai":false}},{"type":"Feature","geometry":{"type":"Point","coordinates":[135.7650459,35.1286493]},"properties":{"id":"jinja_w343907933","name":"貴船神社 奥宮","prefecture":null,"family":"unknown","ai":false}},{"type":"Feature","geometry":{"type":"Point","coordinates":[135.4741571,35.1039567]},"properties":{"id":"jinja_w343925277","name":"生身天満宮","prefecture":null,"family":"tenjin","ai":true}},{"type":"Feature","geometry":{"type":"Point","coordinates":[135.7588335,35.0222097]},"properties":{"id":"jinja_w345029419","name":"護王神社","prefecture":null,"family":"unknown","ai":false}},{"type":"Feature","geometry":{"type":"Point","coordinates":[135.7747144,35.0679838]},"properties":{"id":"jinja_w345038345","name":"妙満寺","prefecture":null,"family":"unknown","ai":false}},{"type":"Feature","geometry":{"type":"Point","coordinates":[135.7725723,35.0390354]},"properties":{"id":"jinja_w350366584","name":"三井神社","prefecture":null,"family":"unknown","ai":false}},{"type":"Feature","geometry":{"type":"Point","coordinates":[135.7719364,35.0347053]},"properties":{"id":"jinja_w351136449","name":"河合神社","prefecture":null,"family":"unknown","ai":false}},{"type":"Feature","geometry":{"type":"Point","coordinates":[135.7973114,35.0281678]},"properties":{"id":"jinja_w355207887","name":"八神社","prefecture":null,"family":"unknown","ai":true}},{"type":"Feature","geometry":{"type":"Point","coordinates":[135.7760358,35.0002625]},"properties":{"id":"jinja_w356605395","name":"安井天満宮","prefecture":null,"family":"tenjin","ai":true}},{"type":"Feature","geometry":{"type":"Point","coordinates":[135.7000528,34.8797143]},"properties":{"id":"jinja_w356872645","name":"本殿","prefecture":null,"family":"unknown","ai":false}},{"type":"Feature","geometry":{"type":"Point","coordinates":[135.7004758,34.879769]},"properties":{"id":"jinja_w356872666","name":"東総門","prefecture":null,"family":"unknown","ai":false}},{"type":"Feature","geometry":{"type":"Point","coordinates":[135.6986063,34.8816439]},"properties":{"id":"jinja_w356872751","name":null,"prefecture":null,"family":"unknown","ai":false}},{"type":"Feature","geometry":{"type":"Point","coordinates":[135.7677437,34.9334708]},"properties":{"id":"jinja_w363708402","name":"桃山天満宮","prefecture":null,"family":"tenjin","ai":false}},{"type":"Feature","geometry":{"type":"Point","coordinates":[135.7714799,34.9503499]},"properties":{"id":"jinja_w368465614","name":"藤森神社","prefecture":null,"family":"gion_yasaka","ai":true}},{"type":"Feature","geometry":{"type":"Point","coordinates":[135.7845746,35.0243784]},"properties":{"id":"jinja_w369017538","name":"吉田神社","prefecture":null,"family":"kasuga","ai":true}},{"type":"Feature","geometry":{"type":"Point","coordinates":[135.7148447,35.0306504]},"properties":{"id":"jinja_w372535163","name":"九所明神","prefecture":null,"family":"unknown","ai":false}},{"type":"Feature","geometry":{"type":"Point","coordinates":[135.7663927,34.932997]},"properties":{"id":"jinja_w372662185","name":"鳥居","prefecture":null,"family":"unknown","ai":false}},{"type":"Feature","geometry":{"type":"Point","coordinates":[135.7452327,34.9845841]},"properties":{"id":"jinja_w379086092","name":"六孫王神社","prefecture":null,"family":"shinmei_ise","ai":true}},{"type":"Feature","geometry":{"type":"Point","coordinates":[135.7179056,34.9050696]},"properties":{"id":"jinja_w383094969","name":"本殿","prefecture":null,"family":"unknown","ai":false}},{"type":"Feature","geometry":{"type":"Point","coordinates":[135.6860518,34.9965339]},"properties":{"id":"jinja_w385113517","name":"月読神社 本殿","prefecture":null,"family":"unknown","ai":true}},{"type":"Feature","geometry":{"type":"Point","coordinates":[135.7231303,34.9294018]},"properties":{"id":"jinja_w385559754","name":"羽束師神社","prefecture":null,"family":"unknown","ai":true}},{"type":"Feature","geometry":{"type":"Point","coordinates":[135.7180844,34.9050844]},"properties":{"id":"jinja_w388390165","name":"稲葉神社","prefecture":null,"family":"unknown","ai":false}},{"type":"Feature","geometry":{"type":"Point","coordinates":[135.7183819,34.9052928]},"properties":{"id":"jinja_w388390166","name":"與杼神社","prefecture":null,"family":"unknown","ai":true}},{"type":"Feature","geometry":{"type":"Point","coordinates":[135.6980426,34.9444511]},"properties":{"id":"jinja_w397640003","name":"勝山稲荷神社","prefecture":null,"family":"inari","ai":false}},{"type":"Feature","geometry":{"type":"Point","coordinates":[135.8231824,34.9523152]},"properties":{"id":"jinja_w399683854","name":"長尾天満宮","prefecture":null,"family":"tenjin","ai":false}},{"type":"Feature","geometry":{"type":"Point","coordinates":[135.8213013,34.9506909]},"properties":{"id":"jinja_w400543475","name":"清瀧宮","prefecture":null,"family":"unknown","ai":false}},{"type":"Feature","geometry":{"type":"Point","coordinates":[135.688926,35.0158165]},"properties":{"id":"jinja_w407472696","name":"車折神社","prefecture":null,"family":"unknown","ai":true}},{"type":"Feature","geometry":{"type":"Point","coordinates":[135.8206871,34.9942064]},"properties":{"id":"jinja_w410311390","name":"諸羽神社","prefecture":null,"family":"unknown","ai":true}},{"type":"Feature","geometry":{"type":"Point","coordinates":[135.8855515,34.7204356]},"properties":{"id":"jinja_w414923745","name":"白山神社","prefecture":null,"family":"hakusan","ai":false}},{"type":"Feature","geometry":{"type":"Point","coordinates":[135.8769269,34.7540901]},"properties":{"id":"jinja_w415038208","name":"御霊神社","prefecture":null,"family":"unknown","ai":false}},{"type":"Feature","geometry":{"type":"Point","coordinates":[135.7001613,34.8791167]},"properties":{"id":"jinja_w416813764","name":"南総門","prefecture":null,"family":"unknown","ai":false}},{"type":"Feature","geometry":{"type":"Point","coordinates":[135.7003436,34.8793093]},"properties":{"id":"jinja_w416813765","name":"おふだ・お守り授与所","prefecture":null,"family":"unknown","ai":false}},{"type":"Feature","geometry":{"type":"Point","coordinates":[135.7005924,34.8785791]},"properties":{"id":"jinja_w416813766","name":"社務所","prefecture":null,"family":"unknown","ai":false}},{"type":"Feature","geometry":{"type":"Point","coordinates":[135.5667059,35.033861]},"properties":{"id":"jinja_w418249583","name":"大井神社","prefecture":null,"family":"unknown","ai":false}},{"type":"Feature","geometry":{"type":"Point","coordinates":[135.7833318,34.9987932]},"properties":{"id":"jinja_w419205772","name":"䨩明神社","prefecture":null,"family":"unknown","ai":false}},{"type":"Feature","geometry":{"type":"Point","coordinates":[135.7845678,35.0085917]},"properties":{"id":"jinja_w431611347","name":"鍛冶神社","prefecture":null,"family":"unknown","ai":false}},{"type":"Feature","geometry":{"type":"Point","coordinates":[135.7348654,35.0302384]},"properties":{"id":"jinja_w432120699","name":"北野天満宮","prefecture":null,"family":"tenjin","ai":true}},{"type":"Feature","geometry":{"type":"Point","coordinates":[135.8510475,34.939199]},"properties":{"id":"jinja_w438928766","name":"清瀧宮","prefecture":null,"family":"unknown","ai":false}},{"type":"Feature","geometry":{"type":"Point","coordinates":[135.7000824,34.878921]},"properties":{"id":"jinja_w439252524","name":"供御所","prefecture":null,"family":"unknown","ai":false}},{"type":"Feature","geometry":{"type":"Point","coordinates":[135.7001881,34.8787977]},"properties":{"id":"jinja_w439252527","name":"手水舎","prefecture":null,"family":"unknown","ai":false}},{"type":"Feature","geometry":{"type":"Point","coordinates":[135.6999335,34.8792231]},"properties":{"id":"jinja_w439252528","name":"神楽殿","prefecture":null,"family":"unknown","ai":false}},{"type":"Feature","geometry":{"type":"Point","coordinates":[135.7849486,35.0081887]},"properties":{"id":"jinja_w440751886","name":"粟田神社","prefecture":null,"family":"gion_yasaka","ai":true}},{"type":"Feature","geometry":{"type":"Point","coordinates":[135.783857,35.0253544]},"properties":{"id":"jinja_w441457085","name":"祖霊社","prefecture":null,"family":"unknown","ai":false}},{"type":"Feature","geometry":{"type":"Point","coordinates":[135.6853724,35.0000606]},"properties":{"id":"jinja_w448517569","name":"拝殿","prefecture":null,"family":"unknown","ai":false}},{"type":"Feature","geometry":{"type":"Point","coordinates":[135.7671918,35.0025814]},"properties":{"id":"jinja_w448650308","name":"京都大神宮","prefecture":null,"family":"shinmei_ise","ai":false}},{"type":"Feature","geometry":{"type":"Point","coordinates":[135.7373609,35.0097488]},"properties":{"id":"jinja_w455583111","name":"月光稲荷大明神","prefecture":null,"family":"inari","ai":false}},{"type":"Feature","geometry":{"type":"Point","coordinates":[135.7838713,35.0071119]},"properties":{"id":"jinja_w456124859","name":"日吉社","prefecture":null,"family":"hie_sanno","ai":false}},{"type":"Feature","geometry":{"type":"Point","coordinates":[135.7486718,34.927309]},"properties":{"id":"jinja_w456533942","name":"三栖神社","prefecture":null,"family":"unknown","ai":false}},{"type":"Feature","geometry":{"type":"Point","coordinates":[135.7562021,34.9267012]},"properties":{"id":"jinja_w456535442","name":"三栖神社","prefecture":null,"family":"unknown","ai":false}},{"type":"Feature","geometry":{"type":"Point","coordinates":[135.7515027,34.9323585]},"properties":{"id":"jinja_w458009296","name":"大国主神一切神社","prefecture":null,"family":"unknown","ai":false}},{"type":"Feature","geometry":{"type":"Point","coordinates":[135.7175479,34.9589374]},"properties":{"id":"jinja_w465828410","name":"嚴嶌神社","prefecture":null,"family":"unknown","ai":false}},{"type":"Feature","geometry":{"type":"Point","coordinates":[135.7863357,34.8111422]},"properties":{"id":"jinja_w474822742","name":null,"prefecture":null,"family":"unknown","ai":false}},{"type":"Feature","geometry":{"type":"Point","coordinates":[135.8138159,34.8173701]},"properties":{"id":"jinja_w477961070","name":"高神社","prefecture":null,"family":"unknown","ai":false}},{"type":"Feature","geometry":{"type":"Point","coordinates":[135.7744923,34.7961721]},"properties":{"id":"jinja_w478360082","name":"西山神社","prefecture":null,"family":"unknown","ai":false}},{"type":"Feature","geometry":{"type":"Point","coordinates":[135.6874113,34.9231349]},"properties":{"id":"jinja_w478876774","name":"長岡天満宮","prefecture":null,"family":"tenjin","ai":true}},{"type":"Feature","geometry":{"type":"Point","coordinates":[135.9611023,34.7612134]},"properties":{"id":"jinja_w479838431","name":"天照御門神社","prefecture":null,"family":"unknown","ai":false}},{"type":"Feature","geometry":{"type":"Point","coordinates":[135.7717392,34.9998507]},"properties":{"id":"jinja_w482596170","name":null,"prefecture":null,"family":"unknown","ai":false}},{"type":"Feature","geometry":{"type":"Point","coordinates":[135.6831425,35.0197048]},"properties":{"id":"jinja_w482646990","name":"若宮神社","prefecture":null,"family":"unknown","ai":false}},{"type":"Feature","geometry":{"type":"Point","coordinates":[135.7719052,34.9998291]},"properties":{"id":"jinja_w484247133","name":"京都ゑびす神社","prefecture":null,"family":"unknown","ai":true}},{"type":"Feature","geometry":{"type":"Point","coordinates":[135.7834437,34.7925744]},"properties":{"id":"jinja_w484650041","name":"佐牙神社","prefecture":null,"family":"unknown","ai":false}},{"type":"Feature","geometry":{"type":"Point","coordinates":[135.7832676,34.7963916]},"properties":{"id":"jinja_w484650699","name":"山崎神社","prefecture":null,"family":"unknown","ai":false}},{"type":"Feature","geometry":{"type":"Point","coordinates":[135.7827028,34.7940872]},"properties":{"id":"jinja_w486252198","name":"芝山神社","prefecture":null,"family":"unknown","ai":false}},{"type":"Feature","geometry":{"type":"Point","coordinates":[135.7793454,34.7979011]},"properties":{"id":"jinja_w486268550","name":"東山神社","prefecture":null,"family":"unknown","ai":false}},{"type":"Feature","geometry":{"type":"Point","coordinates":[135.7204844,35.2035381]},"properties":{"id":"jinja_w488351119","name":"春日神社","prefecture":null,"family":"kasuga","ai":false}},{"type":"Feature","geometry":{"type":"Point","coordinates":[135.169291,35.2990419]},"properties":{"id":"jinja_w489148648","name":"松尾神社","prefecture":null,"family":"unknown","ai":false}},{"type":"Feature","geometry":{"type":"Point","coordinates":[135.7031495,34.8837747]},"properties":{"id":"jinja_w489734652","name":"飛行神社","prefecture":null,"family":"unknown","ai":true}},{"type":"Feature","geometry":{"type":"Point","coordinates":[135.7025181,34.9199015]},"properties":{"id":"jinja_w489860121","name":"神足神社","prefecture":null,"family":"unknown","ai":true}},{"type":"Feature","geometry":{"type":"Point","coordinates":[135.7343366,34.9734064]},"properties":{"id":"jinja_w490042513","name":"吉祥院天満宮","prefecture":null,"family":"tenjin","ai":true}},{"type":"Feature","geometry":{"type":"Point","coordinates":[135.7012877,34.9164498]},"properties":{"id":"jinja_w490357575","name":"春日神社","prefecture":null,"family":"kasuga","ai":false}},{"type":"Feature","geometry":{"type":"Point","coordinates":[135.8057786,34.888515]},"properties":{"id":"jinja_w497475255","name":"縣神社","prefecture":null,"family":"unknown","ai":true}},{"type":"Feature","geometry":{"type":"Point","coordinates":[135.7903204,34.8789984]},"properties":{"id":"jinja_w497477998","name":"神明神社","prefecture":null,"family":"shinmei_ise","ai":false}},{"type":"Feature","geometry":{"type":"Point","coordinates":[135.8245007,34.7295538]},"properties":{"id":"jinja_w500031448","name":"岡田国神社","prefecture":null,"family":"unknown","ai":true}},{"type":"Feature","geometry":{"type":"Point","coordinates":[135.7028734,34.8804864]},"properties":{"id":"jinja_w501289247","name":"相槌神社","prefecture":null,"family":"inari","ai":true}},{"type":"Feature","geometry":{"type":"Point","coordinates":[135.776861,35.0089676]},"properties":{"id":"jinja_w508046242","name":"大将軍神社","prefecture":null,"family":"unknown","ai":true}},{"type":"Feature","geometry":{"type":"Point","coordinates":[135.7770026,35.0088858]},"properties":{"id":"jinja_w508061479","name":"天満宮","prefecture":null,"family":"tenjin","ai":false}},{"type":"Feature","geometry":{"type":"Point","coordinates":[135.7770096,35.008839]},"properties":{"id":"jinja_w508061482","name":"白龍辨財天","prefecture":null,"family":"unknown","ai":false}},{"type":"Feature","geometry":{"type":"Point","coordinates":[135.8127887,34.877128]},"properties":{"id":"jinja_w509532974","name":"白山神社","prefecture":null,"family":"hakusan","ai":true}},{"type":"Feature","geometry":{"type":"Point","coordinates":[135.8011738,34.8801492]},"properties":{"id":"jinja_w509534573","name":"下居神社","prefecture":null,"family":"unknown","ai":true}},{"type":"Feature","geometry":{"type":"Point","coordinates":[135.8023351,34.8798695]},"properties":{"id":"jinja_w510884297","name":"白長神社","prefecture":null,"family":"unknown","ai":false}},{"type":"Feature","geometry":{"type":"Point","coordinates":[135.813621,35.1130015]},"properties":{"id":"jinja_w517121102","name":"江文神社","prefecture":null,"family":"inari","ai":true}},{"type":"Feature","geometry":{"type":"Point","coordinates":[135.7993405,34.9227518]},"properties":{"id":"jinja_w518725741","name":"宇治陵1","prefecture":null,"family":"unknown","ai":false}},{"type":"Feature","geometry":{"type":"Point","coordinates":[135.7832131,34.9994983]},"properties":{"id":"jinja_w522894733","name":"京都霊山護國神社","prefecture":null,"family":"unknown","ai":true}},{"type":"Feature","geometry":{"type":"Point","coordinates":[135.7660824,34.9271834]},"properties":{"id":"jinja_w527551940","name":"八千代大明神","prefecture":null,"family":"unknown","ai":false}},{"type":"Feature","geometry":{"type":"Point","coordinates":[135.7666618,34.9891205]},"properties":{"id":"jinja_w543097476","name":"松明殿稲荷神社","prefecture":null,"family":"inari","ai":false}},{"type":"Feature","geometry":{"type":"Point","coordinates":[135.7596599,35.0363692]},"properties":{"id":"jinja_w545138183","name":"猿田彦神社","prefecture":null,"family":"unknown","ai":false}},{"type":"Feature","geometry":{"type":"Point","coordinates":[135.8125098,34.9774109]},"properties":{"id":"jinja_w546990926","name":"三之宮神社","prefecture":null,"family":"unknown","ai":false}},{"type":"Feature","geometry":{"type":"Point","coordinates":[135.7657856,35.0434524]},"properties":{"id":"jinja_w547389105","name":"花いちもんめ","prefecture":"京都府","family":"unknown","ai":false}},{"type":"Feature","geometry":{"type":"Point","coordinates":[135.803113,34.9723285]},"properties":{"id":"jinja_w548311306","name":null,"prefecture":null,"family":"unknown","ai":false}},{"type":"Feature","geometry":{"type":"Point","coordinates":[135.8031755,34.9724443]},"properties":{"id":"jinja_w548311313","name":"三九郎稲荷神社","prefecture":null,"family":"inari","ai":false}},{"type":"Feature","geometry":{"type":"Point","coordinates":[135.8033271,34.9722847]},"properties":{"id":"jinja_w548311314","name":"折上稲荷神社","prefecture":null,"family":"inari","ai":true}},{"type":"Feature","geometry":{"type":"Point","coordinates":[135.7458974,35.0171651]},"properties":{"id":"jinja_w550606929","name":"鵺大明神","prefecture":null,"family":"unknown","ai":false}},{"type":"Feature","geometry":{"type":"Point","coordinates":[135.7543068,35.0088497]},"properties":{"id":"jinja_w550661944","name":"幾世稲荷大明神","prefecture":null,"family":"inari","ai":false}},{"type":"Feature","geometry":{"type":"Point","coordinates":[135.7549788,35.0118266]},"properties":{"id":"jinja_w550678114","name":"御金神社","prefecture":null,"family":"konpira","ai":true}},{"type":"Feature","geometry":{"type":"Point","coordinates":[135.4392942,35.4838394]},"properties":{"id":"jinja_w551622557","name":"安川神社","prefecture":null,"family":"unknown","ai":false}},{"type":"Feature","geometry":{"type":"Point","coordinates":[135.7658942,35.0118443]},"properties":{"id":"jinja_w552764386","name":"白山神社","prefecture":null,"family":"hakusan","ai":true}},{"type":"Feature","geometry":{"type":"Point","coordinates":[135.7943047,35.0678436]},"properties":{"id":"jinja_w554924931","name":"三宅八幡神社","prefecture":null,"family":"hachiman","ai":true}},{"type":"Feature","geometry":{"type":"Point","coordinates":[135.7614034,35.0365172]},"properties":{"id":"jinja_w555300215","name":"上御霊神社","prefecture":null,"family":"unknown","ai":true}},{"type":"Feature","geometry":{"type":"Point","coordinates":[135.7815783,35.010549]},"properties":{"id":"jinja_w558165993","name":"三谷稲荷","prefecture":null,"family":"inari","ai":false}},{"type":"Feature","geometry":{"type":"Point","coordinates":[135.7184684,35.0204234]},"properties":{"id":"jinja_w559078675","name":"今宮神社","prefecture":null,"family":"gion_yasaka","ai":true}},{"type":"Feature","geometry":{"type":"Point","coordinates":[135.7496434,35.0392053]},"properties":{"id":"jinja_w560226577","name":"本殿","prefecture":null,"family":"unknown","ai":false}},{"type":"Feature","geometry":{"type":"Point","coordinates":[135.7895355,34.8791599]},"properties":{"id":"jinja_w564004641","name":"弁天社","prefecture":null,"family":"unknown","ai":false}},{"type":"Feature","geometry":{"type":"Point","coordinates":[135.2591016,35.3144892]},"properties":{"id":"jinja_w564210415","name":"里宮高倉神社","prefecture":null,"family":"unknown","ai":false}},{"type":"Feature","geometry":{"type":"Point","coordinates":[135.2468882,35.3012333]},"properties":{"id":"jinja_w564220426","name":"綾部八幡宮","prefecture":null,"family":"hachiman","ai":false}},{"type":"Feature","geometry":{"type":"Point","coordinates":[135.262866,35.3032011]},"properties":{"id":"jinja_w564478934","name":"白尾稲荷神社","prefecture":null,"family":"inari","ai":false}},{"type":"Feature","geometry":{"type":"Point","coordinates":[135.2235664,35.3169639]},"properties":{"id":"jinja_w564490386","name":"愛宕神社","prefecture":null,"family":"atago","ai":false}},{"type":"Feature","geometry":{"type":"Point","coordinates":[135.2661704,35.2921454]},"properties":{"id":"jinja_w564493356","name":"笠原神社","prefecture":null,"family":"unknown","ai":false}},{"type":"Feature","geometry":{"type":"Point","coordinates":[135.2621745,35.2975444]},"properties":{"id":"jinja_w564503213","name":"熊野新宮神社","prefecture":null,"family":"kumano","ai":false}},{"type":"Feature","geometry":{"type":"Point","coordinates":[135.255332,35.3131685]},"properties":{"id":"jinja_w564561306","name":"御手槻大明神","prefecture":null,"family":"unknown","ai":false}},{"type":"Feature","geometry":{"type":"Point","coordinates":[135.6950817,35.0038578]},"properties":{"id":"jinja_w566020583","name":"梅宮大社","prefecture":null,"family":"unknown","ai":true}},{"type":"Feature","geometry":{"type":"Point","coordinates":[135.7818247,35.0188536]},"properties":{"id":"jinja_w569470211","name":"神仰教會","prefecture":null,"family":"unknown","ai":false}},{"type":"Feature","geometry":{"type":"Point","coordinates":[135.7556255,34.991602]},"properties":{"id":"jinja_w569708181","name":"蛭子神社","prefecture":null,"family":"unknown","ai":false}},{"type":"Feature","geometry":{"type":"Point","coordinates":[135.6854385,35.0139199]},"properties":{"id":"jinja_w574038462","name":"斎明神社","prefecture":null,"family":"unknown","ai":false}},{"type":"Feature","geometry":{"type":"Point","coordinates":[135.2119288,35.3012234]},"properties":{"id":"jinja_w581947222","name":"高津八幡宮","prefecture":null,"family":"hachiman","ai":false}},{"type":"Feature","geometry":{"type":"Point","coordinates":[135.7612357,35.0215287]},"properties":{"id":"jinja_w582399910","name":"白雲神社","prefecture":null,"family":"munakata","ai":true}},{"type":"Feature","geometry":{"type":"Point","coordinates":[135.7791471,34.9941213]},"properties":{"id":"jinja_w582856997","name":"帝釋天王","prefecture":null,"family":"unknown","ai":false}},{"type":"Feature","geometry":{"type":"Point","coordinates":[135.0562428,35.6235433]},"properties":{"id":"jinja_w584155492","name":"五幸神社","prefecture":null,"family":"unknown","ai":false}},{"type":"Feature","geometry":{"type":"Point","coordinates":[135.119635,35.4386335]},"properties":{"id":"jinja_w584348395","name":"粟賀神社","prefecture":null,"family":"unknown","ai":false}},{"type":"Feature","geometry":{"type":"Point","coordinates":[135.0311347,35.6176861]},"properties":{"id":"jinja_w584350281","name":"神明神社","prefecture":null,"family":"shinmei_ise","ai":false}},{"type":"Feature","geometry":{"type":"Point","coordinates":[135.0529931,35.6185142]},"properties":{"id":"jinja_w584353578","name":"清正公社","prefecture":null,"family":"unknown","ai":false}},{"type":"Feature","geometry":{"type":"Point","coordinates":[135.1009153,35.6317703]},"properties":{"id":"jinja_w584356471","name":"興法寺","prefecture":null,"family":"unknown","ai":false}},{"type":"Feature","geometry":{"type":"Point","coordinates":[135.0253317,35.6127767]},"properties":{"id":"jinja_w584495000","name":"神明神社","prefecture":null,"family":"shinmei_ise","ai":false}},{"type":"Feature","geometry":{"type":"Point","coordinates":[135.0716106,35.6225102]},"properties":{"id":"jinja_w584496494","name":"八幡神社","prefecture":null,"family":"hachiman","ai":false}},{"type":"Feature","geometry":{"type":"Point","coordinates":[135.0755819,35.4214574]},"properties":{"id":"jinja_w584497125","name":null,"prefecture":null,"family":"unknown","ai":false}},{"type":"Feature","geometry":{"type":"Point","coordinates":[135.093847,35.3854354]},"properties":{"id":"jinja_w584501063","name":"住吉神社","prefecture":null,"family":"sumiyoshi","ai":false}},{"type":"Feature","geometry":{"type":"Point","coordinates":[135.0909311,35.6133517]},"properties":{"id":"jinja_w585988458","name":"三十八神社","prefecture":null,"family":"unknown","ai":false}},{"type":"Feature","geometry":{"type":"Point","coordinates":[135.7613146,34.9367629]},"properties":{"id":"jinja_w587637192","name":"金札宮","prefecture":"京都府","family":"unknown","ai":true}},{"type":"Feature","geometry":{"type":"Point","coordinates":[135.7807352,34.9942816]},"properties":{"id":"jinja_w587805724","name":"鳥辺山 妙見宮(妙見大菩薩)","prefecture":null,"family":"unknown","ai":false}},{"type":"Feature","geometry":{"type":"Point","coordinates":[135.7121591,34.8969904]},"properties":{"id":"jinja_w587816285","name":"本殿","prefecture":null,"family":"unknown","ai":false}},{"type":"Feature","geometry":{"type":"Point","coordinates":[135.7815274,35.0183547]},"properties":{"id":"jinja_w596103882","name":"須賀神社","prefecture":null,"family":"gion_yasaka","ai":true}},{"type":"Feature","geometry":{"type":"Point","coordinates":[135.7677035,35.0169144]},"properties":{"id":"jinja_w598418208","name":null,"prefecture":null,"family":"unknown","ai":false}},{"type":"Feature","geometry":{"type":"Point","coordinates":[135.7106476,34.9744246]},"properties":{"id":"jinja_w601198660","name":"五社神社","prefecture":null,"family":"unknown","ai":false}},{"type":"Feature","geometry":{"type":"Point","coordinates":[135.7295714,35.0243701]},"properties":{"id":"jinja_w603161445","name":null,"prefecture":null,"family":"unknown","ai":false}},{"type":"Feature","geometry":{"type":"Point","coordinates":[135.7771183,34.9836305]},"properties":{"id":"jinja_w603550121","name":"剣神社","prefecture":null,"family":"unknown","ai":false}},{"type":"Feature","geometry":{"type":"Point","coordinates":[135.1196117,35.2907639]},"properties":{"id":"jinja_w604682684","name":"春影稲荷神社","prefecture":null,"family":"inari","ai":false}},{"type":"Feature","geometry":{"type":"Point","coordinates":[135.0919799,35.5194882]},"properties":{"id":"jinja_w609637860","name":"倭文神社本殿","prefecture":null,"family":"unknown","ai":true}},{"type":"Feature","geometry":{"type":"Point","coordinates":[135.7955035,35.0296113]},"properties":{"id":"jinja_w610390988","name":null,"prefecture":null,"family":"unknown","ai":false}},{"type":"Feature","geometry":{"type":"Point","coordinates":[135.7221512,34.9910521]},"properties":{"id":"jinja_w616053089","name":"松尾三宮社","prefecture":null,"family":"unknown","ai":false}},{"type":"Feature","geometry":{"type":"Point","coordinates":[135.7828996,35.016171]},"properties":{"id":"jinja_w619903245","name":"平安神宮","prefecture":"京都府","family":"unknown","ai":true}},{"type":"Feature","geometry":{"type":"Point","coordinates":[135.7561537,35.0099979]},"properties":{"id":"jinja_w619908436","name":"高松神明神社","prefecture":null,"family":"shinmei_ise","ai":false}},{"type":"Feature","geometry":{"type":"Point","coordinates":[135.9127091,34.8063741]},"properties":{"id":"jinja_w621668231","name":"和束天満宮","prefecture":null,"family":"tenjin","ai":false}},{"type":"Feature","geometry":{"type":"Point","coordinates":[135.7107362,34.9745732]},"properties":{"id":"jinja_w621917806","name":"本殿","prefecture":null,"family":"unknown","ai":false}},{"type":"Feature","geometry":{"type":"Point","coordinates":[135.7703927,35.0299611]},"properties":{"id":"jinja_w622693035","name":"妙音辨財天","prefecture":null,"family":"unknown","ai":false}},{"type":"Feature","geometry":{"type":"Point","coordinates":[135.7769411,34.9665458]},"properties":{"id":"jinja_w626313677","name":"伏見神宝神社 本殿","prefecture":null,"family":"unknown","ai":false}},{"type":"Feature","geometry":{"type":"Point","coordinates":[135.7760989,34.9694524]},"properties":{"id":"jinja_w626313828","name":"荒木神社","prefecture":null,"family":"unknown","ai":false}},{"type":"Feature","geometry":{"type":"Point","coordinates":[135.2535785,35.3011849]},"properties":{"id":"jinja_w626920867","name":"綾部天満宮","prefecture":null,"family":"tenjin","ai":false}},{"type":"Feature","geometry":{"type":"Point","coordinates":[135.7441896,35.0032972]},"properties":{"id":"jinja_w627326016","name":"梛神社","prefecture":null,"family":"gion_yasaka","ai":true}},{"type":"Feature","geometry":{"type":"Point","coordinates":[135.7430152,34.993565]},"properties":{"id":"jinja_w628064620","name":"島原住吉神社","prefecture":null,"family":"sumiyoshi","ai":false}},{"type":"Feature","geometry":{"type":"Point","coordinates":[135.7428885,34.9933189]},"properties":{"id":"jinja_w628064621","name":"島原住吉神社","prefecture":null,"family":"sumiyoshi","ai":false}},{"type":"Feature","geometry":{"type":"Point","coordinates":[135.7530216,35.0060024]},"properties":{"id":"jinja_w631805967","name":"稲荷神社","prefecture":null,"family":"inari","ai":false}},{"type":"Feature","geometry":{"type":"Point","coordinates":[135.7620463,35.0181409]},"properties":{"id":"jinja_w638445450","name":"厳島神社","prefecture":null,"family":"munakata","ai":true}},{"type":"Feature","geometry":{"type":"Point","coordinates":[135.7673428,35.0245402]},"properties":{"id":"jinja_w638453452","name":"梨木神社","prefecture":null,"family":"unknown","ai":true}},{"type":"Feature","geometry":{"type":"Point","coordinates":[135.6218854,35.3141299]},"properties":{"id":"jinja_w646440361","name":"北稲荷神社","prefecture":null,"family":"inari","ai":false}},{"type":"Feature","geometry":{"type":"Point","coordinates":[135.7457493,35.0324381]},"properties":{"id":"jinja_w648744049","name":"岩上神社","prefecture":null,"family":"unknown","ai":false}},{"type":"Feature","geometry":{"type":"Point","coordinates":[135.746449,35.0075423]},"properties":{"id":"jinja_w655290543","name":"武信稲荷神社","prefecture":null,"family":"inari","ai":true}},{"type":"Feature","geometry":{"type":"Point","coordinates":[135.1297933,35.2893624]},"properties":{"id":"jinja_w656135926","name":"一宮神社","prefecture":null,"family":"unknown","ai":true}},{"type":"Feature","geometry":{"type":"Point","coordinates":[135.1445932,35.2990984]},"properties":{"id":"jinja_w656152990","name":"愛宕神社","prefecture":null,"family":"atago","ai":false}},{"type":"Feature","geometry":{"type":"Point","coordinates":[135.156696,35.3106863]},"properties":{"id":"jinja_w656159492","name":"稲粒神社","prefecture":null,"family":"unknown","ai":false}},{"type":"Feature","geometry":{"type":"Point","coordinates":[135.1202878,35.3068048]},"properties":{"id":"jinja_w657147039","name":"厄除神社","prefecture":null,"family":"unknown","ai":false}},{"type":"Feature","geometry":{"type":"Point","coordinates":[135.1260155,35.2901904]},"properties":{"id":"jinja_w657512101","name":"東向観音堂","prefecture":null,"family":"unknown","ai":false}},{"type":"Feature","geometry":{"type":"Point","coordinates":[135.6344724,35.0599954]},"properties":{"id":"jinja_w661172397","name":"愛宕神社","prefecture":"京都府","family":"atago","ai":true}},{"type":"Feature","geometry":{"type":"Point","coordinates":[135.3031376,35.3637461]},"properties":{"id":"jinja_w662009052","name":null,"prefecture":null,"family":"unknown","ai":false}},{"type":"Feature","geometry":{"type":"Point","coordinates":[135.298822,35.3577637]},"properties":{"id":"jinja_w662015938","name":null,"prefecture":null,"family":"unknown","ai":false}},{"type":"Feature","geometry":{"type":"Point","coordinates":[135.2997816,35.3580616]},"properties":{"id":"jinja_w662015943","name":null,"prefecture":null,"family":"unknown","ai":false}},{"type":"Feature","geometry":{"type":"Point","coordinates":[135.121874,35.3014167]},"properties":{"id":"jinja_w662325159","name":"御霊神社","prefecture":null,"family":"inari","ai":true}},{"type":"Feature","geometry":{"type":"Point","coordinates":[135.1147823,35.3022386]},"properties":{"id":"jinja_w662374564","name":null,"prefecture":null,"family":"unknown","ai":false}},{"type":"Feature","geometry":{"type":"Point","coordinates":[135.2018006,35.2095605]},"properties":{"id":"jinja_w665121241","name":"天神神社","prefecture":null,"family":"tenjin","ai":false}},{"type":"Feature","geometry":{"type":"Point","coordinates":[135.1773832,35.3085379]},"properties":{"id":"jinja_w666644109","name":null,"prefecture":null,"family":"unknown","ai":false}},{"type":"Feature","geometry":{"type":"Point","coordinates":[135.1117188,35.3548183]},"properties":{"id":"jinja_w666905714","name":"猿田彦神社","prefecture":null,"family":"unknown","ai":false}},{"type":"Feature","geometry":{"type":"Point","coordinates":[135.144777,35.299288]},"properties":{"id":"jinja_w667179255","name":"愛宕神社","prefecture":null,"family":"atago","ai":false}},{"type":"Feature","geometry":{"type":"Point","coordinates":[135.1489289,35.2977808]},"properties":{"id":"jinja_w667179271","name":null,"prefecture":null,"family":"unknown","ai":false}},{"type":"Feature","geometry":{"type":"Point","coordinates":[135.1704915,35.3301638]},"properties":{"id":"jinja_w667863224","name":"賀茂神社","prefecture":null,"family":"unknown","ai":false}},{"type":"Feature","geometry":{"type":"Point","coordinates":[135.1268705,35.3023716]},"properties":{"id":"jinja_w668882129","name":"水天宮社","prefecture":null,"family":"unknown","ai":false}},{"type":"Feature","geometry":{"type":"Point","coordinates":[135.0741739,35.2945161]},"properties":{"id":"jinja_w669371018","name":null,"prefecture":null,"family":"unknown","ai":false}},{"type":"Feature","geometry":{"type":"Point","coordinates":[135.7889691,34.9016623]},"properties":{"id":"jinja_w675593094","name":"蛭子嶋神社","prefecture":null,"family":"unknown","ai":true}},{"type":"Feature","geometry":{"type":"Point","coordinates":[135.7295663,35.0049826]},"properties":{"id":"jinja_w678979411","name":"西院春日神社","prefecture":null,"family":"kasuga","ai":true}},{"type":"Feature","geometry":{"type":"Point","coordinates":[135.7339882,35.026504]},"properties":{"id":"jinja_w680468376","name":"大将軍八神社","prefecture":null,"family":"unknown","ai":true}},{"type":"Feature","geometry":{"type":"Point","coordinates":[135.7963218,34.8296646]},"properties":{"id":"jinja_w681616230","name":"加茂神社","prefecture":null,"family":"unknown","ai":false}},{"type":"Feature","geometry":{"type":"Point","coordinates":[135.1968627,35.5825856]},"properties":{"id":"jinja_w681747088","name":"籠神社","prefecture":null,"family":"unknown","ai":true}},{"type":"Feature","geometry":{"type":"Point","coordinates":[135.2058249,35.5557371]},"properties":{"id":"jinja_w683966565","name":"獅子崎稲荷神社","prefecture":null,"family":"inari","ai":false}},{"type":"Feature","geometry":{"type":"Point","coordinates":[135.7962164,35.0182325]},"properties":{"id":"jinja_w684545282","name":"大豊神社","prefecture":null,"family":"unknown","ai":true}},{"type":"Feature","geometry":{"type":"Point","coordinates":[135.7204347,34.9027493]},"properties":{"id":"jinja_w686804731","name":"伊勢向神社","prefecture":null,"family":"unknown","ai":false}},{"type":"Feature","geometry":{"type":"Point","coordinates":[135.568141,35.0036106]},"properties":{"id":"jinja_w686870840","name":"出雲大社京都分院","prefecture":null,"family":"unknown","ai":true}},{"type":"Feature","geometry":{"type":"Point","coordinates":[135.7171199,34.8994629]},"properties":{"id":"jinja_w687118067","name":"八大龍王辨財天","prefecture":null,"family":"unknown","ai":false}},{"type":"Feature","geometry":{"type":"Point","coordinates":[135.7646937,34.8390887]},"properties":{"id":"jinja_w695915010","name":"金毘羅宮","prefecture":"京都府","family":"unknown","ai":false}},{"type":"Feature","geometry":{"type":"Point","coordinates":[135.7532462,34.9824015]},"properties":{"id":"jinja_w723492377","name":"伏見稲荷大社 御旅所","prefecture":null,"family":"inari","ai":false}},{"type":"Feature","geometry":{"type":"Point","coordinates":[135.7382643,34.9810794]},"properties":{"id":"jinja_w723503192","name":"鎌達稲荷神社","prefecture":null,"family":"inari","ai":false}},{"type":"Feature","geometry":{"type":"Point","coordinates":[135.6796129,34.891651]},"properties":{"id":"jinja_w723687431","name":"離宮八幡宮","prefecture":null,"family":"hachiman","ai":true}},{"type":"Feature","geometry":{"type":"Point","coordinates":[135.7821094,35.0342203]},"properties":{"id":"jinja_w725741971","name":"田中神社","prefecture":null,"family":"unknown","ai":false}},{"type":"Feature","geometry":{"type":"Point","coordinates":[135.7966316,35.0436754]},"properties":{"id":"jinja_w726006269","name":"八大神社","prefecture":null,"family":"gion_yasaka","ai":true}},{"type":"Feature","geometry":{"type":"Point","coordinates":[135.7951764,35.0062797]},"properties":{"id":"jinja_w726009455","name":"日向太神宮","prefecture":null,"family":"unknown","ai":true}},{"type":"Feature","geometry":{"type":"Point","coordinates":[135.5684359,35.0093244]},"properties":{"id":"jinja_w732789048","name":"磐栄稲荷神社","prefecture":null,"family":"inari","ai":false}},{"type":"Feature","geometry":{"type":"Point","coordinates":[134.9481454,35.6329705]},"properties":{"id":"jinja_w734732102","name":"意布伎神社","prefecture":null,"family":"unknown","ai":false}},{"type":"Feature","geometry":{"type":"Point","coordinates":[135.0491675,35.6329768]},"properties":{"id":"jinja_w736750887","name":"金峰神社奥宮","prefecture":null,"family":"unknown","ai":false}},{"type":"Feature","geometry":{"type":"Point","coordinates":[135.7519172,35.0362791]},"properties":{"id":"jinja_w736954820","name":"水火天満宮","prefecture":null,"family":"tenjin","ai":true}},{"type":"Feature","geometry":{"type":"Point","coordinates":[135.0843564,35.468545]},"properties":{"id":"jinja_w737521724","name":"大江山稲荷神社遙拝所","prefecture":null,"family":"inari","ai":false}},{"type":"Feature","geometry":{"type":"Point","coordinates":[135.061007,35.6209643]},"properties":{"id":"jinja_w738871502","name":"金刀比羅神社","prefecture":null,"family":"konpira","ai":true}},{"type":"Feature","geometry":{"type":"Point","coordinates":[135.5773901,34.9966076]},"properties":{"id":"jinja_w743780949","name":"鍬山神社","prefecture":null,"family":"unknown","ai":true}},{"type":"Feature","geometry":{"type":"Point","coordinates":[135.7900171,35.050075]},"properties":{"id":"jinja_w746301544","name":"鷺森神社御旅所","prefecture":null,"family":"unknown","ai":false}},{"type":"Feature","geometry":{"type":"Point","coordinates":[135.710728,34.974474]},"properties":{"id":"jinja_w750335812","name":"舞台","prefecture":null,"family":"unknown","ai":false}},{"type":"Feature","geometry":{"type":"Point","coordinates":[135.5785096,35.0596363]},"properties":{"id":"jinja_w759393413","name":"出雲大神宮","prefecture":null,"family":"shinmei_ise","ai":true}},{"type":"Feature","geometry":{"type":"Point","coordinates":[135.7557523,35.0007274]},"properties":{"id":"jinja_w762386069","name":"菅大臣神社","prefecture":null,"family":"tenjin","ai":true}},{"type":"Feature","geometry":{"type":"Point","coordinates":[135.8519638,34.8492269]},"properties":{"id":"jinja_w766205105","name":"齋田神社","prefecture":null,"family":"unknown","ai":false}},{"type":"Feature","geometry":{"type":"Point","coordinates":[135.7609548,34.7295458]},"properties":{"id":"jinja_w766830248","name":"日出神社","prefecture":null,"family":"unknown","ai":false}},{"type":"Feature","geometry":{"type":"Point","coordinates":[134.9922068,35.6885246]},"properties":{"id":"jinja_w778467220","name":"静神社","prefecture":"京都府","family":"unknown","ai":false}},{"type":"Feature","geometry":{"type":"Point","coordinates":[134.9962134,35.6909172]},"properties":{"id":"jinja_w778467225","name":"賀茂神社","prefecture":"京都府","family":"unknown","ai":false}},{"type":"Feature","geometry":{"type":"Point","coordinates":[135.6765675,35.0114432]},"properties":{"id":"jinja_w779025479","name":"櫟谷宗像神社社","prefecture":null,"family":"munakata","ai":true}},{"type":"Feature","geometry":{"type":"Point","coordinates":[135.7616882,35.0498029]},"properties":{"id":"jinja_w782963081","name":"半木神社","prefecture":null,"family":"unknown","ai":true}},{"type":"Feature","geometry":{"type":"Point","coordinates":[135.7584992,35.0598578]},"properties":{"id":"jinja_w783328972","name":null,"prefecture":null,"family":"unknown","ai":false}},{"type":"Feature","geometry":{"type":"Point","coordinates":[135.1984979,35.5863417]},"properties":{"id":"jinja_w788577611","name":"真名井神社","prefecture":null,"family":"unknown","ai":false}},{"type":"Feature","geometry":{"type":"Point","coordinates":[135.7555086,34.8213929]},"properties":{"id":"jinja_w797864922","name":"薪神社","prefecture":null,"family":"unknown","ai":false}},{"type":"Feature","geometry":{"type":"Point","coordinates":[135.8266361,34.7411879]},"properties":{"id":"jinja_w798240874","name":"御霊神社","prefecture":null,"family":"unknown","ai":false}},{"type":"Feature","geometry":{"type":"Point","coordinates":[135.8189081,35.2653246]},"properties":{"id":"jinja_w801490102","name":"思古渕社","prefecture":"京都府","family":"unknown","ai":true}},{"type":"Feature","geometry":{"type":"Point","coordinates":[135.7673364,34.934164]},"properties":{"id":"jinja_w802580172","name":"御香宮神社","prefecture":null,"family":"hachiman","ai":true}},{"type":"Feature","geometry":{"type":"Point","coordinates":[135.6560768,34.9592814]},"properties":{"id":"jinja_w808232357","name":"大原野神社","prefecture":null,"family":"kashima_katori","ai":true}},{"type":"Feature","geometry":{"type":"Point","coordinates":[135.6762426,34.9271342]},"properties":{"id":"jinja_w808245467","name":"走田神社","prefecture":null,"family":"unknown","ai":false}},{"type":"Feature","geometry":{"type":"Point","coordinates":[135.1822662,35.2604432]},"properties":{"id":"jinja_w830250659","name":"一宮大明神","prefecture":null,"family":"unknown","ai":false}},{"type":"Feature","geometry":{"type":"Point","coordinates":[135.1261022,35.298975]},"properties":{"id":"jinja_w830256793","name":"三木稲荷神社","prefecture":null,"family":"inari","ai":false}},{"type":"Feature","geometry":{"type":"Point","coordinates":[135.0549936,35.6399738]},"properties":{"id":"jinja_w834568266","name":"昨岡神社","prefecture":null,"family":"unknown","ai":false}},{"type":"Feature","geometry":{"type":"Point","coordinates":[135.0453,35.6204416]},"properties":{"id":"jinja_w834568267","name":"稲代神社拝殿","prefecture":null,"family":"unknown","ai":false}},{"type":"Feature","geometry":{"type":"Point","coordinates":[135.0451454,35.6204349]},"properties":{"id":"jinja_w834568268","name":"稲代神社本殿","prefecture":null,"family":"unknown","ai":false}},{"type":"Feature","geometry":{"type":"Point","coordinates":[135.0289513,35.5926157]},"properties":{"id":"jinja_w834568281","name":"比沼麻奈為神社","prefecture":null,"family":"unknown","ai":true}},{"type":"Feature","geometry":{"type":"Point","coordinates":[135.1016915,35.5910694]},"properties":{"id":"jinja_w834568291","name":null,"prefecture":null,"family":"unknown","ai":false}},{"type":"Feature","geometry":{"type":"Point","coordinates":[135.1020509,35.5909416]},"properties":{"id":"jinja_w834568292","name":null,"prefecture":null,"family":"unknown","ai":false}},{"type":"Feature","geometry":{"type":"Point","coordinates":[135.1020977,35.5910991]},"properties":{"id":"jinja_w834568293","name":null,"prefecture":null,"family":"unknown","ai":false}},{"type":"Feature","geometry":{"type":"Point","coordinates":[135.0878893,35.6203226]},"properties":{"id":"jinja_w834568294","name":"波弥神社","prefecture":null,"family":"unknown","ai":false}},{"type":"Feature","geometry":{"type":"Point","coordinates":[135.088053,35.6199647]},"properties":{"id":"jinja_w834568296","name":null,"prefecture":null,"family":"unknown","ai":false}},{"type":"Feature","geometry":{"type":"Point","coordinates":[135.0736468,35.6418588]},"properties":{"id":"jinja_w834568305","name":"矢田神社","prefecture":null,"family":"unknown","ai":false}},{"type":"Feature","geometry":{"type":"Point","coordinates":[135.066186,35.7109774]},"properties":{"id":"jinja_w854497304","name":"三津八幡神社","prefecture":null,"family":"hachiman","ai":false}},{"type":"Feature","geometry":{"type":"Point","coordinates":[135.8082478,34.9603436]},"properties":{"id":"jinja_w859235111","name":"宮道神社","prefecture":null,"family":"unknown","ai":false}},{"type":"Feature","geometry":{"type":"Point","coordinates":[135.5588935,35.0490298]},"properties":{"id":"jinja_w871867944","name":null,"prefecture":null,"family":"unknown","ai":false}},{"type":"Feature","geometry":{"type":"Point","coordinates":[135.5763363,35.0318149]},"properties":{"id":"jinja_w871868000","name":null,"prefecture":null,"family":"unknown","ai":false}},{"type":"Feature","geometry":{"type":"Point","coordinates":[135.7706777,34.9825301]},"properties":{"id":"jinja_w878533212","name":"瀧尾神社","prefecture":null,"family":"unknown","ai":true}},{"type":"Feature","geometry":{"type":"Point","coordinates":[135.6187833,34.9965202]},"properties":{"id":"jinja_w880837503","name":"王子神社","prefecture":null,"family":"unknown","ai":false}},{"type":"Feature","geometry":{"type":"Point","coordinates":[135.5763742,35.0121179]},"properties":{"id":"jinja_w881035701","name":"秋葉神社","prefecture":null,"family":"akiba","ai":false}},{"type":"Feature","geometry":{"type":"Point","coordinates":[135.5825842,35.0083352]},"properties":{"id":"jinja_w881035718","name":"天満宮","prefecture":null,"family":"tenjin","ai":false}},{"type":"Feature","geometry":{"type":"Point","coordinates":[135.5455252,35.0524617]},"properties":{"id":"jinja_w881526335","name":null,"prefecture":null,"family":"unknown","ai":false}},{"type":"Feature","geometry":{"type":"Point","coordinates":[135.5348117,35.0176756]},"properties":{"id":"jinja_w881775372","name":"薭田野神社","prefecture":null,"family":"unknown","ai":false}},{"type":"Feature","geometry":{"type":"Point","coordinates":[134.8924668,35.6039658]},"properties":{"id":"jinja_w882855129","name":"神谷太刀宮神社","prefecture":null,"family":"unknown","ai":true}},{"type":"Feature","geometry":{"type":"Point","coordinates":[135.8189832,35.2653965]},"properties":{"id":"jinja_w891179190","name":null,"prefecture":null,"family":"unknown","ai":false}},{"type":"Feature","geometry":{"type":"Point","coordinates":[135.2680842,35.2884009]},"properties":{"id":"jinja_w892322720","name":"井根山秋葉神社","prefecture":null,"family":"akiba","ai":false}},{"type":"Feature","geometry":{"type":"Point","coordinates":[135.7733546,34.967173]},"properties":{"id":"jinja_w899425893","name":"本殿","prefecture":null,"family":"unknown","ai":false}},{"type":"Feature","geometry":{"type":"Point","coordinates":[135.7800737,34.8731175]},"properties":{"id":"jinja_w921247280","name":"皇大神宮社","prefecture":null,"family":"shinmei_ise","ai":false}},{"type":"Feature","geometry":{"type":"Point","coordinates":[135.7733678,34.9378384]},"properties":{"id":"jinja_w923819095","name":null,"prefecture":null,"family":"unknown","ai":false}},{"type":"Feature","geometry":{"type":"Point","coordinates":[134.9111299,35.6128326]},"properties":{"id":"jinja_w933170725","name":"熊野神社","prefecture":null,"family":"kumano","ai":false}},{"type":"Feature","geometry":{"type":"Point","coordinates":[135.7634911,34.8214408]},"properties":{"id":"jinja_w951909249","name":"棚倉孫神社","prefecture":null,"family":"unknown","ai":false}},{"type":"Feature","geometry":{"type":"Point","coordinates":[135.7728604,34.9668168]},"properties":{"id":"jinja_w952687111","name":"東丸神社","prefecture":null,"family":"unknown","ai":false}},{"type":"Feature","geometry":{"type":"Point","coordinates":[135.0276563,35.6838918]},"properties":{"id":"jinja_w961065867","name":"愛宕神社","prefecture":null,"family":"atago","ai":false}},{"type":"Feature","geometry":{"type":"Point","coordinates":[135.8204258,35.0171046]},"properties":{"id":"jinja_w981478187","name":"雨社大神","prefecture":null,"family":"unknown","ai":false}},{"type":"Feature","geometry":{"type":"Point","coordinates":[134.9710249,35.3235674]},"properties":{"id":"jinja_w1010500389","name":null,"prefecture":null,"family":"unknown","ai":false}},{"type":"Feature","geometry":{"type":"Point","coordinates":[135.7817697,35.0799369]},"properties":{"id":"jinja_w1013256156","name":"石座神社","prefecture":null,"family":"unknown","ai":true}},{"type":"Feature","geometry":{"type":"Point","coordinates":[135.3871168,35.4737055]},"properties":{"id":"jinja_w1025415325","name":"世界真光文明教団","prefecture":null,"family":"unknown","ai":false}},{"type":"Feature","geometry":{"type":"Point","coordinates":[135.3773693,35.0417485]},"properties":{"id":"jinja_w1026074338","name":"深山神社","prefecture":"大阪府","family":"unknown","ai":false}},{"type":"Feature","geometry":{"type":"Point","coordinates":[135.7588698,34.9524421]},"properties":{"id":"jinja_w1030858554","name":"弁財天","prefecture":null,"family":"unknown","ai":false}},{"type":"Feature","geometry":{"type":"Point","coordinates":[135.7706364,34.9734154]},"properties":{"id":"jinja_w1034370633","name":"田中神社","prefecture":null,"family":"unknown","ai":false}},{"type":"Feature","geometry":{"type":"Point","coordinates":[135.7847966,34.8981181]},"properties":{"id":"jinja_w1036007113","name":"巨椋神社","prefecture":null,"family":"unknown","ai":true}},{"type":"Feature","geometry":{"type":"Point","coordinates":[135.784698,34.9016408]},"properties":{"id":"jinja_w1036007119","name":"蛭子嶋神社 御旅所","prefecture":null,"family":"unknown","ai":false}},{"type":"Feature","geometry":{"type":"Point","coordinates":[135.7792233,34.8698603]},"properties":{"id":"jinja_w1036139955","name":"御拝茶屋八幡宮","prefecture":null,"family":"hachiman","ai":false}},{"type":"Feature","geometry":{"type":"Point","coordinates":[135.9331777,34.7591914]},"properties":{"id":"jinja_w1037276546","name":"栗栖天満宮","prefecture":null,"family":"tenjin","ai":false}},{"type":"Feature","geometry":{"type":"Point","coordinates":[135.8171169,34.7749371]},"properties":{"id":"jinja_w1042531935","name":"湧出宮","prefecture":null,"family":"unknown","ai":false}},{"type":"Feature","geometry":{"type":"Point","coordinates":[135.7303927,34.9489849]},"properties":{"id":"jinja_w1050450085","name":"本殿","prefecture":null,"family":"unknown","ai":false}},{"type":"Feature","geometry":{"type":"Point","coordinates":[135.730284,34.9488951]},"properties":{"id":"jinja_w1050450086","name":"八幡宮","prefecture":null,"family":"hachiman","ai":false}},{"type":"Feature","geometry":{"type":"Point","coordinates":[135.7303951,34.9488192]},"properties":{"id":"jinja_w1050450087","name":"拝殿","prefecture":null,"family":"unknown","ai":false}},{"type":"Feature","geometry":{"type":"Point","coordinates":[135.7178285,34.9479203]},"properties":{"id":"jinja_w1051163525","name":null,"prefecture":null,"family":"unknown","ai":false}},{"type":"Feature","geometry":{"type":"Point","coordinates":[135.7178335,34.9480613]},"properties":{"id":"jinja_w1051163526","name":null,"prefecture":null,"family":"unknown","ai":false}},{"type":"Feature","geometry":{"type":"Point","coordinates":[135.7300968,34.9398881]},"properties":{"id":"jinja_w1052023008","name":null,"prefecture":null,"family":"unknown","ai":false}},{"type":"Feature","geometry":{"type":"Point","coordinates":[135.7333482,34.9388869]},"properties":{"id":"jinja_w1053266992","name":"神川神社(住吉大明神)","prefecture":null,"family":"sumiyoshi","ai":false}},{"type":"Feature","geometry":{"type":"Point","coordinates":[135.7232287,34.9293034]},"properties":{"id":"jinja_w1055547095","name":"神輿舎","prefecture":"京都府","family":"unknown","ai":false}},{"type":"Feature","geometry":{"type":"Point","coordinates":[135.7233288,34.9291832]},"properties":{"id":"jinja_w1055547096","name":"社務所","prefecture":"京都府","family":"unknown","ai":false}},{"type":"Feature","geometry":{"type":"Point","coordinates":[135.7230308,34.9294327]},"properties":{"id":"jinja_w1055547099","name":null,"prefecture":"京都府","family":"unknown","ai":false}},{"type":"Feature","geometry":{"type":"Point","coordinates":[135.7232112,34.9294372]},"properties":{"id":"jinja_w1055547100","name":null,"prefecture":"京都府","family":"unknown","ai":false}},{"type":"Feature","geometry":{"type":"Point","coordinates":[135.7231165,34.9295135]},"properties":{"id":"jinja_w1055547101","name":"本殿","prefecture":"京都府","family":"unknown","ai":false}},{"type":"Feature","geometry":{"type":"Point","coordinates":[135.7231173,34.9293654]},"properties":{"id":"jinja_w1055668699","name":"拝殿","prefecture":"京都府","family":"unknown","ai":false}},{"type":"Feature","geometry":{"type":"Point","coordinates":[135.7302229,34.9402793]},"properties":{"id":"jinja_w1056244112","name":"久我神社","prefecture":null,"family":"unknown","ai":false}},{"type":"Feature","geometry":{"type":"Point","coordinates":[135.1546594,35.4292311]},"properties":{"id":"jinja_w1060190064","name":"皇大神社","prefecture":null,"family":"shinmei_ise","ai":true}},{"type":"Feature","geometry":{"type":"Point","coordinates":[135.818495,34.7361352]},"properties":{"id":"jinja_w1060981251","name":"天王神社","prefecture":null,"family":"unknown","ai":false}},{"type":"Feature","geometry":{"type":"Point","coordinates":[135.8167883,34.7387384]},"properties":{"id":"jinja_w1060981277","name":"住吉大明神","prefecture":null,"family":"sumiyoshi","ai":false}},{"type":"Feature","geometry":{"type":"Point","coordinates":[135.8208025,34.7290989]},"properties":{"id":"jinja_w1061055034","name":null,"prefecture":null,"family":"unknown","ai":false}},{"type":"Feature","geometry":{"type":"Point","coordinates":[135.820068,34.7321594]},"properties":{"id":"jinja_w1061055043","name":"稲荷神社","prefecture":null,"family":"inari","ai":false}},{"type":"Feature","geometry":{"type":"Point","coordinates":[135.8248021,34.7210648]},"properties":{"id":"jinja_w1061240179","name":"弊羅坂神社","prefecture":null,"family":"unknown","ai":false}},{"type":"Feature","geometry":{"type":"Point","coordinates":[135.699934,34.8795534]},"properties":{"id":"jinja_w1063158359","name":"回廊","prefecture":null,"family":"unknown","ai":false}},{"type":"Feature","geometry":{"type":"Point","coordinates":[135.0908296,35.5821331]},"properties":{"id":"jinja_w1063652364","name":"大野神社","prefecture":null,"family":"unknown","ai":false}},{"type":"Feature","geometry":{"type":"Point","coordinates":[135.797622,35.034941]},"properties":{"id":"jinja_w1069977538","name":"北白川大山祇神社","prefecture":null,"family":"unknown","ai":false}},{"type":"Feature","geometry":{"type":"Point","coordinates":[135.701689,35.0358296]},"properties":{"id":"jinja_w1088980442","name":"妙見宮","prefecture":null,"family":"unknown","ai":false}},{"type":"Feature","geometry":{"type":"Point","coordinates":[135.0863229,35.6578469]},"properties":{"id":"jinja_w1095292654","name":"春日神社","prefecture":"京都府","family":"kasuga","ai":true}},{"type":"Feature","geometry":{"type":"Point","coordinates":[135.1620932,35.4512615]},"properties":{"id":"jinja_w1099974043","name":"大岩神社","prefecture":null,"family":"unknown","ai":true}},{"type":"Feature","geometry":{"type":"Point","coordinates":[135.1505081,35.4020152]},"properties":{"id":"jinja_w1119464906","name":"豊受大神社","prefecture":null,"family":"unknown","ai":true}},{"type":"Feature","geometry":{"type":"Point","coordinates":[135.1113583,35.6552552]},"properties":{"id":"jinja_w1120580087","name":"溝谷神社","prefecture":null,"family":"unknown","ai":true}},{"type":"Feature","geometry":{"type":"Point","coordinates":[135.111497,35.6557382]},"properties":{"id":"jinja_w1120580088","name":null,"prefecture":null,"family":"unknown","ai":false}},{"type":"Feature","geometry":{"type":"Point","coordinates":[135.3358776,35.278511]},"properties":{"id":"jinja_w1122040366","name":"西神社","prefecture":null,"family":"unknown","ai":false}},{"type":"Feature","geometry":{"type":"Point","coordinates":[135.0927776,35.5112216]},"properties":{"id":"jinja_w1125632385","name":"藤丸稲荷神社","prefecture":null,"family":"inari","ai":false}},{"type":"Feature","geometry":{"type":"Point","coordinates":[135.0927071,35.5104771]},"properties":{"id":"jinja_w1125632386","name":"愛宕神社","prefecture":null,"family":"atago","ai":false}},{"type":"Feature","geometry":{"type":"Point","coordinates":[135.7000618,34.8795831]},"properties":{"id":"jinja_w1126959165","name":"舞殿","prefecture":null,"family":"unknown","ai":false}},{"type":"Feature","geometry":{"type":"Point","coordinates":[135.7000627,34.8794853]},"properties":{"id":"jinja_w1126959166","name":"楼門","prefecture":null,"family":"unknown","ai":false}},{"type":"Feature","geometry":{"type":"Point","coordinates":[135.7001966,34.8795721]},"properties":{"id":"jinja_w1126959167","name":"回廊","prefecture":null,"family":"unknown","ai":false}},{"type":"Feature","geometry":{"type":"Point","coordinates":[135.7000552,34.8797874]},"properties":{"id":"jinja_w1126959168","name":"回廊","prefecture":null,"family":"unknown","ai":false}},{"type":"Feature","geometry":{"type":"Point","coordinates":[135.6998617,34.8796634]},"properties":{"id":"jinja_w1126959169","name":"西門","prefecture":null,"family":"unknown","ai":false}},{"type":"Feature","geometry":{"type":"Point","coordinates":[135.7002417,34.879678]},"properties":{"id":"jinja_w1126959170","name":"東門","prefecture":null,"family":"unknown","ai":false}},{"type":"Feature","geometry":{"type":"Point","coordinates":[135.7485262,35.0393781]},"properties":{"id":"jinja_w1127467058","name":"若宮神社","prefecture":null,"family":"unknown","ai":false}},{"type":"Feature","geometry":{"type":"Point","coordinates":[135.7483783,35.0393972]},"properties":{"id":"jinja_w1127467059","name":"本殿","prefecture":null,"family":"unknown","ai":false}},{"type":"Feature","geometry":{"type":"Point","coordinates":[135.7483654,35.0393544]},"properties":{"id":"jinja_w1127467060","name":"明神社","prefecture":null,"family":"unknown","ai":false}},{"type":"Feature","geometry":{"type":"Point","coordinates":[135.7495438,35.0392364]},"properties":{"id":"jinja_w1127712368","name":"三輪明神","prefecture":null,"family":"unknown","ai":false}},{"type":"Feature","geometry":{"type":"Point","coordinates":[135.7494927,35.039241]},"properties":{"id":"jinja_w1127712369","name":"玄武稲荷大神","prefecture":null,"family":"inari","ai":false}},{"type":"Feature","geometry":{"type":"Point","coordinates":[135.7497017,35.0391448]},"properties":{"id":"jinja_w1127712370","name":"玄武神社","prefecture":null,"family":"unknown","ai":false}},{"type":"Feature","geometry":{"type":"Point","coordinates":[135.1137519,35.5161411]},"properties":{"id":"jinja_w1132102713","name":"須代神社本殿","prefecture":null,"family":"unknown","ai":false}},{"type":"Feature","geometry":{"type":"Point","coordinates":[135.1088139,35.5008386]},"properties":{"id":"jinja_w1132102720","name":"小虫神社","prefecture":null,"family":"unknown","ai":true}},{"type":"Feature","geometry":{"type":"Point","coordinates":[135.8175005,34.9580609]},"properties":{"id":"jinja_w1132720789","name":null,"prefecture":null,"family":"unknown","ai":false}},{"type":"Feature","geometry":{"type":"Point","coordinates":[135.8102377,34.7334323]},"properties":{"id":"jinja_w1133113568","name":null,"prefecture":null,"family":"unknown","ai":false}},{"type":"Feature","geometry":{"type":"Point","coordinates":[135.2776332,35.5186972]},"properties":{"id":"jinja_w1134700578","name":"由良神社","prefecture":null,"family":"hachiman","ai":true}},{"type":"Feature","geometry":{"type":"Point","coordinates":[135.7742637,34.733915]},"properties":{"id":"jinja_w1135475990","name":null,"prefecture":null,"family":"unknown","ai":false}},{"type":"Feature","geometry":{"type":"Point","coordinates":[135.7940272,34.7443033]},"properties":{"id":"jinja_w1135476001","name":null,"prefecture":null,"family":"unknown","ai":false}},{"type":"Feature","geometry":{"type":"Point","coordinates":[135.7939961,34.7417774]},"properties":{"id":"jinja_w1135476005","name":null,"prefecture":null,"family":"unknown","ai":false}},{"type":"Feature","geometry":{"type":"Point","coordinates":[135.7953936,34.7317738]},"properties":{"id":"jinja_w1135476010","name":null,"prefecture":null,"family":"unknown","ai":false}},{"type":"Feature","geometry":{"type":"Point","coordinates":[135.8239674,34.7163895]},"properties":{"id":"jinja_w1135476022","name":null,"prefecture":null,"family":"unknown","ai":false}},{"type":"Feature","geometry":{"type":"Point","coordinates":[135.8489596,34.7345009]},"properties":{"id":"jinja_w1135476040","name":"不動稲荷社","prefecture":null,"family":"inari","ai":false}},{"type":"Feature","geometry":{"type":"Point","coordinates":[135.8519367,34.7392303]},"properties":{"id":"jinja_w1135476056","name":null,"prefecture":null,"family":"unknown","ai":false}},{"type":"Feature","geometry":{"type":"Point","coordinates":[135.8461545,34.7461828]},"properties":{"id":"jinja_w1135476057","name":null,"prefecture":null,"family":"unknown","ai":false}},{"type":"Feature","geometry":{"type":"Point","coordinates":[135.3282789,35.4577799]},"properties":{"id":"jinja_w1136209769","name":"水無月神社","prefecture":null,"family":"unknown","ai":false}},{"type":"Feature","geometry":{"type":"Point","coordinates":[135.1262234,35.3664426]},"properties":{"id":"jinja_w1136621476","name":"五宮神社","prefecture":null,"family":"unknown","ai":false}},{"type":"Feature","geometry":{"type":"Point","coordinates":[135.8695881,34.7463628]},"properties":{"id":"jinja_w1136731037","name":"春日若宮社","prefecture":null,"family":"kasuga","ai":false}},{"type":"Feature","geometry":{"type":"Point","coordinates":[135.7000611,34.8796265]},"properties":{"id":"jinja_w1137476189","name":"幣殿","prefecture":null,"family":"unknown","ai":false}},{"type":"Feature","geometry":{"type":"Point","coordinates":[135.7968841,34.7805044]},"properties":{"id":"jinja_w1137800056","name":null,"prefecture":null,"family":"unknown","ai":false}},{"type":"Feature","geometry":{"type":"Point","coordinates":[135.7968536,34.7865852]},"properties":{"id":"jinja_w1137800069","name":null,"prefecture":null,"family":"unknown","ai":false}},{"type":"Feature","geometry":{"type":"Point","coordinates":[135.7937938,34.7815444]},"properties":{"id":"jinja_w1137800089","name":"春日神社","prefecture":null,"family":"kasuga","ai":false}},{"type":"Feature","geometry":{"type":"Point","coordinates":[135.7820317,34.9778657]},"properties":{"id":"jinja_w1145052513","name":"後月輪東山稜・後月輪東北稜 手水舎","prefecture":null,"family":"unknown","ai":false}},{"type":"Feature","geometry":{"type":"Point","coordinates":[135.7955841,35.078535]},"properties":{"id":"jinja_w1148394834","name":"長谷八幡宮","prefecture":null,"family":"hachiman","ai":true}},{"type":"Feature","geometry":{"type":"Point","coordinates":[135.7954869,35.0783952]},"properties":{"id":"jinja_w1148394835","name":"蛭子神社","prefecture":null,"family":"unknown","ai":false}},{"type":"Feature","geometry":{"type":"Point","coordinates":[135.7590819,35.0195718]},"properties":{"id":"jinja_w1148554950","name":"菅原院天満宮神社","prefecture":null,"family":"tenjin","ai":true}},{"type":"Feature","geometry":{"type":"Point","coordinates":[135.7590058,35.0196443]},"properties":{"id":"jinja_w1148554951","name":null,"prefecture":null,"family":"unknown","ai":false}},{"type":"Feature","geometry":{"type":"Point","coordinates":[135.7961986,35.0297645]},"properties":{"id":"jinja_w1148712384","name":"北白川天神宮","prefecture":null,"family":"tenjin","ai":false}},{"type":"Feature","geometry":{"type":"Point","coordinates":[135.7626502,35.0105166]},"properties":{"id":"jinja_w1149044587","name":"御所八幡宮","prefecture":null,"family":"hachiman","ai":true}},{"type":"Feature","geometry":{"type":"Point","coordinates":[135.7734701,35.0181207]},"properties":{"id":"jinja_w1149948637","name":"河原町大教会","prefecture":null,"family":"unknown","ai":false}},{"type":"Feature","geometry":{"type":"Point","coordinates":[135.7863881,35.0150614]},"properties":{"id":"jinja_w1150695086","name":"文子天満宮","prefecture":null,"family":"tenjin","ai":false}},{"type":"Feature","geometry":{"type":"Point","coordinates":[135.6030834,35.0434019]},"properties":{"id":"jinja_w1151102365","name":"金刀比羅神社","prefecture":null,"family":"konpira","ai":false}},{"type":"Feature","geometry":{"type":"Point","coordinates":[135.7469902,34.9505991]},"properties":{"id":"jinja_w1151898785","name":"城南宮","prefecture":"京都府","family":"hachiman","ai":true}},{"type":"Feature","geometry":{"type":"Point","coordinates":[135.7564372,34.9480997]},"properties":{"id":"jinja_w1152353644","name":"松尾神社","prefecture":null,"family":"unknown","ai":false}},{"type":"Feature","geometry":{"type":"Point","coordinates":[134.9390422,35.5360735]},"properties":{"id":"jinja_w1153599368","name":"河上三神社","prefecture":null,"family":"unknown","ai":false}},{"type":"Feature","geometry":{"type":"Point","coordinates":[135.7864544,35.0150782]},"properties":{"id":"jinja_w1155359843","name":"弁財天社","prefecture":null,"family":"unknown","ai":false}},{"type":"Feature","geometry":{"type":"Point","coordinates":[135.7889383,35.0172931]},"properties":{"id":"jinja_w1155362848","name":"岡崎神社","prefecture":null,"family":"gion_yasaka","ai":true}},{"type":"Feature","geometry":{"type":"Point","coordinates":[135.4293013,35.5685613]},"properties":{"id":"jinja_w1156787723","name":"八幡神社","prefecture":null,"family":"hachiman","ai":false}},{"type":"Feature","geometry":{"type":"Point","coordinates":[135.7143108,35.3100708]},"properties":{"id":"jinja_w1157011630","name":null,"prefecture":null,"family":"unknown","ai":false}},{"type":"Feature","geometry":{"type":"Point","coordinates":[135.425026,35.3655818]},"properties":{"id":"jinja_w1157436821","name":null,"prefecture":null,"family":"unknown","ai":false}},{"type":"Feature","geometry":{"type":"Point","coordinates":[135.0989589,35.5313344]},"properties":{"id":"jinja_w1165318783","name":"四辻八幡神社","prefecture":null,"family":"hachiman","ai":false}},{"type":"Feature","geometry":{"type":"Point","coordinates":[135.0994926,35.5313923]},"properties":{"id":"jinja_w1165318784","name":"岩國稲荷神社","prefecture":null,"family":"inari","ai":false}},{"type":"Feature","geometry":{"type":"Point","coordinates":[135.2205765,35.3605289]},"properties":{"id":"jinja_w1166047032","name":"上市八幡神社","prefecture":null,"family":"hachiman","ai":false}},{"type":"Feature","geometry":{"type":"Point","coordinates":[135.1251821,35.2956928]},"properties":{"id":"jinja_w1169671422","name":"内記稲荷神社","prefecture":null,"family":"inari","ai":false}},{"type":"Feature","geometry":{"type":"Point","coordinates":[135.0651339,35.7122545]},"properties":{"id":"jinja_w1172324253","name":"えびす神社","prefecture":null,"family":"unknown","ai":false}},{"type":"Feature","geometry":{"type":"Point","coordinates":[135.7232189,34.9294997]},"properties":{"id":"jinja_w1182191633","name":"羽束師稲荷社","prefecture":"京都府","family":"inari","ai":false}},{"type":"Feature","geometry":{"type":"Point","coordinates":[135.7210621,34.8919512]},"properties":{"id":"jinja_w1187809741","name":"若宮八幡宮","prefecture":null,"family":"hachiman","ai":false}},{"type":"Feature","geometry":{"type":"Point","coordinates":[135.8548199,34.7679531]},"properties":{"id":"jinja_w1187894420","name":"恭仁神社","prefecture":null,"family":"unknown","ai":false}},{"type":"Feature","geometry":{"type":"Point","coordinates":[135.2465125,35.67063]},"properties":{"id":"jinja_w1190588634","name":"妙見宮","prefecture":null,"family":"unknown","ai":false}},{"type":"Feature","geometry":{"type":"Point","coordinates":[135.7282878,34.8601495]},"properties":{"id":"jinja_w1192956667","name":null,"prefecture":null,"family":"unknown","ai":false}},{"type":"Feature","geometry":{"type":"Point","coordinates":[135.7176755,34.8668696]},"properties":{"id":"jinja_w1192976642","name":"戸津八幡神社","prefecture":null,"family":"hachiman","ai":false}},{"type":"Feature","geometry":{"type":"Point","coordinates":[135.7228444,34.8767948]},"properties":{"id":"jinja_w1192994871","name":null,"prefecture":null,"family":"unknown","ai":false}},{"type":"Feature","geometry":{"type":"Point","coordinates":[135.7449747,34.8611928]},"properties":{"id":"jinja_w1193100787","name":null,"prefecture":null,"family":"unknown","ai":false}},{"type":"Feature","geometry":{"type":"Point","coordinates":[135.7403474,34.8582397]},"properties":{"id":"jinja_w1193100839","name":null,"prefecture":null,"family":"unknown","ai":false}},{"type":"Feature","geometry":{"type":"Point","coordinates":[135.797195,34.8048327]},"properties":{"id":"jinja_w1193101854","name":null,"prefecture":null,"family":"unknown","ai":false}},{"type":"Feature","geometry":{"type":"Point","coordinates":[135.7353971,34.8691274]},"properties":{"id":"jinja_w1193103896","name":null,"prefecture":null,"family":"unknown","ai":false}},{"type":"Feature","geometry":{"type":"Point","coordinates":[135.7281003,34.8723406]},"properties":{"id":"jinja_w1193103900","name":null,"prefecture":null,"family":"unknown","ai":false}},{"type":"Feature","geometry":{"type":"Point","coordinates":[135.7335536,34.9161786]},"properties":{"id":"jinja_w1203843786","name":"豊田神社","prefecture":null,"family":"unknown","ai":false}},{"type":"Feature","geometry":{"type":"Point","coordinates":[135.7763475,35.001378]},"properties":{"id":"jinja_w1217981433","name":"崇徳天皇御廟","prefecture":null,"family":"unknown","ai":false}},{"type":"Feature","geometry":{"type":"Point","coordinates":[135.7982722,35.0494606]},"properties":{"id":"jinja_w1218986436","name":"鷺森神社","prefecture":null,"family":"gion_yasaka","ai":true}},{"type":"Feature","geometry":{"type":"Point","coordinates":[135.4832315,35.059737]},"properties":{"id":"jinja_w1229468068","name":"大内神社","prefecture":null,"family":"unknown","ai":false}},{"type":"Feature","geometry":{"type":"Point","coordinates":[135.7259553,34.9166542]},"properties":{"id":"jinja_w1231881468","name":"豊田神社御旅所","prefecture":null,"family":"unknown","ai":false}},{"type":"Feature","geometry":{"type":"Point","coordinates":[135.7346694,34.9274476]},"properties":{"id":"jinja_w1232424894","name":"飛鳥田神社御旅所","prefecture":null,"family":"unknown","ai":false}},{"type":"Feature","geometry":{"type":"Point","coordinates":[135.7743777,35.0057033]},"properties":{"id":"jinja_w1232496244","name":"辰巳大明神","prefecture":null,"family":"unknown","ai":false}},{"type":"Feature","geometry":{"type":"Point","coordinates":[135.7225135,34.8827211]},"properties":{"id":"jinja_w1232837706","name":null,"prefecture":null,"family":"unknown","ai":false}},{"type":"Feature","geometry":{"type":"Point","coordinates":[135.8755815,34.8741555]},"properties":{"id":"jinja_w1234919876","name":null,"prefecture":null,"family":"unknown","ai":false}},{"type":"Feature","geometry":{"type":"Point","coordinates":[135.8620188,34.8350775]},"properties":{"id":"jinja_w1234921800","name":"御栗栖神社","prefecture":null,"family":"unknown","ai":false}},{"type":"Feature","geometry":{"type":"Point","coordinates":[135.7939902,34.9170569]},"properties":{"id":"jinja_w1241421541","name":"本殿","prefecture":null,"family":"unknown","ai":false}},{"type":"Feature","geometry":{"type":"Point","coordinates":[135.744348,34.8982693]},"properties":{"id":"jinja_w1249005994","name":"大中内池神社","prefecture":null,"family":"unknown","ai":false}},{"type":"Feature","geometry":{"type":"Point","coordinates":[135.7131501,35.0143157]},"properties":{"id":"jinja_w1264412918","name":null,"prefecture":null,"family":"unknown","ai":false}},{"type":"Feature","geometry":{"type":"Point","coordinates":[135.7134253,35.014456]},"properties":{"id":"jinja_w1264419677","name":"木島坐天照御魂神社","prefecture":null,"family":"unknown","ai":true}},{"type":"Feature","geometry":{"type":"Point","coordinates":[135.7616139,35.0026375]},"properties":{"id":"jinja_w1265087961","name":"神明神社","prefecture":null,"family":"shinmei_ise","ai":true}},{"type":"Feature","geometry":{"type":"Point","coordinates":[135.7141972,34.9127832]},"properties":{"id":"jinja_w1279007072","name":"綱敷天満宮神社","prefecture":null,"family":"tenjin","ai":false}},{"type":"Feature","geometry":{"type":"Point","coordinates":[135.8077168,34.894323]},"properties":{"id":"jinja_w1296762509","name":"式内 彼方神社","prefecture":null,"family":"unknown","ai":false}},{"type":"Feature","geometry":{"type":"Point","coordinates":[135.7673955,35.0050453]},"properties":{"id":"jinja_w1304786192","name":"錦天満宮","prefecture":null,"family":"tenjin","ai":true}},{"type":"Feature","geometry":{"type":"Point","coordinates":[135.7346553,35.0086803]},"properties":{"id":"jinja_w1311937926","name":"北野天満宮御旅所","prefecture":null,"family":"tenjin","ai":false}},{"type":"Feature","geometry":{"type":"Point","coordinates":[135.7365958,35.0016473]},"properties":{"id":"jinja_w1313958976","name":"豊康龍神","prefecture":null,"family":"unknown","ai":false}},{"type":"Feature","geometry":{"type":"Point","coordinates":[135.7953804,34.968587]},"properties":{"id":"jinja_w1317103349","name":"山科神社","prefecture":null,"family":"unknown","ai":true}},{"type":"Feature","geometry":{"type":"Point","coordinates":[135.7438782,34.9443352]},"properties":{"id":"jinja_w1334520269","name":"飛鳥田神社","prefecture":null,"family":"unknown","ai":false}},{"type":"Feature","geometry":{"type":"Point","coordinates":[135.7743891,34.8650538]},"properties":{"id":"jinja_w1344678734","name":"平井神社","prefecture":null,"family":"unknown","ai":false}},{"type":"Feature","geometry":{"type":"Point","coordinates":[135.7106649,34.9745724]},"properties":{"id":"jinja_w1348432931","name":"宗像神社","prefecture":null,"family":"munakata","ai":false}},{"type":"Feature","geometry":{"type":"Point","coordinates":[135.7488472,34.9272864]},"properties":{"id":"jinja_w1360046727","name":"三栖神社","prefecture":null,"family":"unknown","ai":false}},{"type":"Feature","geometry":{"type":"Point","coordinates":[135.8020487,34.9398894]},"properties":{"id":"jinja_w1371013249","name":"天穂日命神社","prefecture":null,"family":"unknown","ai":false}},{"type":"Feature","geometry":{"type":"Point","coordinates":[135.7439687,35.0384217]},"properties":{"id":"jinja_w1376738627","name":"建勲神社","prefecture":null,"family":"unknown","ai":true}},{"type":"Feature","geometry":{"type":"Point","coordinates":[135.7420947,35.0456879]},"properties":{"id":"jinja_w1376744520","name":"今宮神社","prefecture":null,"family":"unknown","ai":true}},{"type":"Feature","geometry":{"type":"Point","coordinates":[135.6555502,35.1729587]},"properties":{"id":"jinja_w1383668001","name":"山国神社","prefecture":null,"family":"unknown","ai":true}},{"type":"Feature","geometry":{"type":"Point","coordinates":[135.0711585,35.3911477]},"properties":{"id":"jinja_w1395598172","name":"御勝八幡宮","prefecture":null,"family":"hachiman","ai":false}},{"type":"Feature","geometry":{"type":"Point","coordinates":[135.8166602,34.9347058]},"properties":{"id":"jinja_w1419748594","name":"萱尾神社","prefecture":null,"family":"unknown","ai":false}},{"type":"Feature","geometry":{"type":"Point","coordinates":[135.7110672,34.9071703]},"properties":{"id":"jinja_w1446286328","name":"與杼神社御旅所","prefecture":null,"family":"unknown","ai":false}},{"type":"Feature","geometry":{"type":"Point","coordinates":[135.7178372,34.9481001]},"properties":{"id":"jinja_w1456069486","name":"倉掛神社","prefecture":null,"family":"unknown","ai":false}},{"type":"Feature","geometry":{"type":"Point","coordinates":[135.730406,34.9489219]},"properties":{"id":"jinja_w1456423459","name":"菱妻神社","prefecture":null,"family":"unknown","ai":false}},{"type":"Feature","geometry":{"type":"Point","coordinates":[135.7304385,34.9489508]},"properties":{"id":"jinja_w1456423461","name":null,"prefecture":null,"family":"unknown","ai":false}},{"type":"Feature","geometry":{"type":"Point","coordinates":[135.7303463,34.9489501]},"properties":{"id":"jinja_w1456423462","name":null,"prefecture":null,"family":"unknown","ai":false}},{"type":"Feature","geometry":{"type":"Point","coordinates":[135.7305228,34.949021]},"properties":{"id":"jinja_w1456423463","name":"具平宮","prefecture":null,"family":"unknown","ai":false}},{"type":"Feature","geometry":{"type":"Point","coordinates":[135.7304466,34.9488836]},"properties":{"id":"jinja_w1456423464","name":"虫八幡宮","prefecture":null,"family":"hachiman","ai":false}},{"type":"Feature","geometry":{"type":"Point","coordinates":[135.7304466,34.9486928]},"properties":{"id":"jinja_w1456423465","name":"手水舎","prefecture":null,"family":"unknown","ai":false}},{"type":"Feature","geometry":{"type":"Point","coordinates":[135.4637053,35.2251345]},"properties":{"id":"jinja_w1481901542","name":null,"prefecture":null,"family":"unknown","ai":false}},{"type":"Feature","geometry":{"type":"Point","coordinates":[135.4064283,35.0546323]},"properties":{"id":"jinja_w1482106641","name":null,"prefecture":null,"family":"unknown","ai":false}},{"type":"Feature","geometry":{"type":"Point","coordinates":[135.4064486,35.0545318]},"properties":{"id":"jinja_w1482106642","name":null,"prefecture":null,"family":"unknown","ai":false}},{"type":"Feature","geometry":{"type":"Point","coordinates":[135.4715544,35.2184751]},"properties":{"id":"jinja_w1482111021","name":"日吉神社","prefecture":null,"family":"hie_sanno","ai":false}},{"type":"Feature","geometry":{"type":"Point","coordinates":[135.4717308,35.2185111]},"properties":{"id":"jinja_w1482111022","name":null,"prefecture":null,"family":"unknown","ai":false}},{"type":"Feature","geometry":{"type":"Point","coordinates":[135.4503379,35.0653522]},"properties":{"id":"jinja_w1482114053","name":"出雲神社","prefecture":null,"family":"unknown","ai":false}},{"type":"Feature","geometry":{"type":"Point","coordinates":[135.4304177,35.0641034]},"properties":{"id":"jinja_w1482114059","name":"御靈神社(御霊八所大明神)","prefecture":null,"family":"unknown","ai":false}},{"type":"Feature","geometry":{"type":"Point","coordinates":[135.4905206,35.0843054]},"properties":{"id":"jinja_w1482163853","name":"秋葉神社","prefecture":null,"family":"akiba","ai":false}},{"type":"Feature","geometry":{"type":"Point","coordinates":[135.7594009,35.3436886]},"properties":{"id":"jinja_w1482202587","name":"中山神社","prefecture":null,"family":"unknown","ai":false}},{"type":"Feature","geometry":{"type":"Point","coordinates":[135.5680026,35.187909]},"properties":{"id":"jinja_w1482612889","name":"八幡神社","prefecture":null,"family":"hachiman","ai":false}},{"type":"Feature","geometry":{"type":"Point","coordinates":[135.7034916,34.8790464]},"properties":{"id":"jinja_w1482796202","name":null,"prefecture":null,"family":"unknown","ai":false}},{"type":"Feature","geometry":{"type":"Point","coordinates":[135.4905701,35.1367956]},"properties":{"id":"jinja_w1483408628","name":"慈久神社","prefecture":null,"family":"unknown","ai":false}},{"type":"Feature","geometry":{"type":"Point","coordinates":[135.547932,35.0978403]},"properties":{"id":"jinja_w1483445882","name":"大送神社","prefecture":null,"family":"unknown","ai":false}},{"type":"Feature","geometry":{"type":"Point","coordinates":[135.427079,35.0891121]},"properties":{"id":"jinja_w1483453023","name":null,"prefecture":null,"family":"unknown","ai":false}},{"type":"Feature","geometry":{"type":"Point","coordinates":[135.4968229,35.1340902]},"properties":{"id":"jinja_w1484001518","name":"月読神社","prefecture":null,"family":"unknown","ai":false}},{"type":"Feature","geometry":{"type":"Point","coordinates":[135.4854919,35.125415]},"properties":{"id":"jinja_w1484237867","name":null,"prefecture":null,"family":"unknown","ai":false}},{"type":"Feature","geometry":{"type":"Point","coordinates":[135.5955788,35.2751645]},"properties":{"id":"jinja_w1484296912","name":"白山権現","prefecture":null,"family":"hakusan","ai":false}},{"type":"Feature","geometry":{"type":"Point","coordinates":[135.5449837,35.0759305]},"properties":{"id":"jinja_w1485588657","name":"金比羅神社","prefecture":null,"family":"konpira","ai":false}},{"type":"Feature","geometry":{"type":"Point","coordinates":[135.5864297,35.1073035]},"properties":{"id":"jinja_w1488556180","name":null,"prefecture":null,"family":"unknown","ai":false}},{"type":"Feature","geometry":{"type":"Point","coordinates":[135.5198697,35.063219]},"properties":{"id":"jinja_w1491399144","name":"妙見宮","prefecture":null,"family":"unknown","ai":false}},{"type":"Feature","geometry":{"type":"Point","coordinates":[135.4666189,35.0694085]},"properties":{"id":"jinja_w1491798422","name":"鹿島神社","prefecture":null,"family":"kashima_katori","ai":false}},{"type":"Feature","geometry":{"type":"Point","coordinates":[135.4726749,35.0795959]},"properties":{"id":"jinja_w1493786393","name":null,"prefecture":null,"family":"unknown","ai":false}},{"type":"Feature","geometry":{"type":"Point","coordinates":[135.4727835,35.0796264]},"properties":{"id":"jinja_w1493786394","name":null,"prefecture":null,"family":"unknown","ai":false}},{"type":"Feature","geometry":{"type":"Point","coordinates":[135.8075934,35.1627774]},"properties":{"id":"jinja_w1509828424","name":"思子淵神社","prefecture":null,"family":"unknown","ai":false}},{"type":"Feature","geometry":{"type":"Point","coordinates":[135.5854759,35.0102009]},"properties":{"id":"jinja_w1548083421","name":null,"prefecture":null,"family":"unknown","ai":false}},{"type":"Feature","geometry":{"type":"Point","coordinates":[135.3075853,35.6946345]},"properties":{"id":"jinja_w1551963981","name":"新井崎神社","prefecture":null,"family":"unknown","ai":true}},{"type":"Feature","geometry":{"type":"Point","coordinates":[135.7763232,34.9999025]},"properties":{"id":"jinja_w1554873121","name":"安井金比羅宮","prefecture":null,"family":"konpira","ai":true}},{"type":"Feature","geometry":{"type":"Point","coordinates":[135.751289,35.0277853]},"properties":{"id":"jinja_r6822322","name":"晴明神社","prefecture":null,"family":"unknown","ai":true}},{"type":"Feature","geometry":{"type":"Point","coordinates":[135.1018735,35.5912644]},"properties":{"id":"jinja_r11477974","name":"大宮賣神社本殿","prefecture":null,"family":"unknown","ai":true}},{"type":"Feature","geometry":{"type":"Point","coordinates":[135.7794443,34.8593477]},"properties":{"id":"jinja_r13876469","name":"久世神社","prefecture":null,"family":"unknown","ai":false}},{"type":"Feature","geometry":{"type":"Point","coordinates":[135.7956431,34.9700982]},"properties":{"id":"jinja_r17887164","name":"大石神社","prefecture":null,"family":"unknown","ai":false}}]}